source_key,source,source_id,source_statement,capability_id,capability,disposition,justification
docs/programs/engineering-process-platform/gates.md:PROD-01,docs/programs/engineering-process-platform/gates.md,PROD-01,Canonical process semantics,CAP-001,Canonical definition and immutable revision authority,retain,"Retained as a canonical-model, safety, or execution invariant."
docs/programs/engineering-process-platform/gates.md:PROD-02,docs/programs/engineering-process-platform/gates.md,PROD-02,Engineer-readable UX,CAP-025,"Engineer usability, accessibility, and responsive operation",retain,"Retained as a canonical-model, safety, or execution invariant."
docs/programs/engineering-process-platform/gates.md:PROD-03,docs/programs/engineering-process-platform/gates.md,PROD-03,Truthful execution modes and provenance,CAP-021,Truthful execution modes and current-run provenance,retain,"Retained as a canonical-model, safety, or execution invariant."
docs/programs/engineering-process-platform/gates.md:PROD-04,docs/programs/engineering-process-platform/gates.md,PROD-04,Layered failure and recovery,CAP-020,"Layered failure, needs-input, and bounded recovery",revise,The semantic need is retained while the prior product treatment is replaced by the recovery concept.
docs/programs/engineering-process-platform/gates.md:PROD-05,docs/programs/engineering-process-platform/gates.md,PROD-05,Inspectable liveness and control,CAP-018,"Truthful run states, liveness, cancellation, and reconnect",retain,"Retained as a canonical-model, safety, or execution invariant."
docs/programs/engineering-process-platform/gates.md:PROD-06,docs/programs/engineering-process-platform/gates.md,PROD-06,Exact governed authority,CAP-022,"Human approval, authority, and safe external-action boundaries",retain,"Retained as a canonical-model, safety, or execution invariant."
docs/programs/engineering-process-platform/gates.md:PROD-07,docs/programs/engineering-process-platform/gates.md,PROD-07,Inspectable and actionable results,CAP-015,"Output inspection, lineage, open, download, and lifetime",retain,"Retained as a canonical-model, safety, or execution invariant."
docs/programs/engineering-process-platform/gates.md:PROD-08,docs/programs/engineering-process-platform/gates.md,PROD-08,Generic architecture,CAP-027,Generic domain/provider/tool-independent architecture,retain,"Retained as a canonical-model, safety, or execution invariant."
docs/programs/engineering-process-platform/gates.md:PROD-09,docs/programs/engineering-process-platform/gates.md,PROD-09,"Security, privacy, and safety",CAP-024,"Security, privacy, resource, and tool-isolation controls",retain,"Retained as a canonical-model, safety, or execution invariant."
docs/programs/engineering-process-platform/gates.md:PROD-10,docs/programs/engineering-process-platform/gates.md,PROD-10,Quality and compatibility,CAP-013,"Structured validation, diagnostics, and compatibility",retain,"Retained as a canonical-model, safety, or execution invariant."
docs/programs/engineering-process-platform/gates.md:PROD-11,docs/programs/engineering-process-platform/gates.md,PROD-11,Documentation and supportability,CAP-003,Typed ports and artifact contracts,retain,"Retained as a canonical-model, safety, or execution invariant."
docs/programs/engineering-process-platform/gates.md:BENCH-01,docs/programs/engineering-process-platform/gates.md,BENCH-01,Governed sampling and distinctness,CAP-030,Independent engineering oracles and benchmark qualification,defer,Preserved in the source map; outside the recovery concept and still independently gated.
docs/programs/engineering-process-platform/gates.md:BENCH-02,docs/programs/engineering-process-platform/gates.md,BENCH-02,Qualified manifests,CAP-030,Independent engineering oracles and benchmark qualification,defer,Preserved in the source map; outside the recovery concept and still independently gated.
docs/programs/engineering-process-platform/gates.md:BENCH-03,docs/programs/engineering-process-platform/gates.md,BENCH-03,Valid oracles and artifacts,CAP-030,Independent engineering oracles and benchmark qualification,defer,Preserved in the source map; outside the recovery concept and still independently gated.
docs/programs/engineering-process-platform/gates.md:BENCH-04,docs/programs/engineering-process-platform/gates.md,BENCH-04,Reproducible execution,CAP-029,Engineering-process outcomes across the customer story catalog,defer,Preserved in the source map; outside the recovery concept and still independently gated.
docs/programs/engineering-process-platform/gates.md:BENCH-05,docs/programs/engineering-process-platform/gates.md,BENCH-05,Holdout and anti-overfitting,CAP-030,Independent engineering oracles and benchmark qualification,defer,Preserved in the source map; outside the recovery concept and still independently gated.
docs/programs/engineering-process-platform/gates.md:BENCH-06,docs/programs/engineering-process-platform/gates.md,BENCH-06,Coverage and failure behavior,CAP-020,"Layered failure, needs-input, and bounded recovery",defer,Preserved in the source map; outside the recovery concept and still independently gated.
docs/programs/engineering-process-platform/gates.md:BENCH-07,docs/programs/engineering-process-platform/gates.md,BENCH-07,Independent qualification and freshness,CAP-030,Independent engineering oracles and benchmark qualification,defer,Preserved in the source map; outside the recovery concept and still independently gated.
docs/programs/engineering-process-platform/gates.md:BENCH-08,docs/programs/engineering-process-platform/gates.md,BENCH-08,Truthful reporting,CAP-003,Typed ports and artifact contracts,defer,Preserved in the source map; outside the recovery concept and still independently gated.
docs/programs/engineering-process-platform/gates.md:COMM-01,docs/programs/engineering-process-platform/gates.md,COMM-01,Approved offering posture,CAP-022,"Human approval, authority, and safe external-action boundaries",defer,Preserved in the source map; outside the recovery concept and still independently gated.
docs/programs/engineering-process-platform/gates.md:COMM-02,docs/programs/engineering-process-platform/gates.md,COMM-02,Packaging and supply chain,CAP-031,"Program control, truthful dashboard, packaging, and release train",defer,Preserved in the source map; outside the recovery concept and still independently gated.
docs/programs/engineering-process-platform/gates.md:COMM-03,docs/programs/engineering-process-platform/gates.md,COMM-03,Privacy and operational safety,CAP-024,"Security, privacy, resource, and tool-isolation controls",defer,Preserved in the source map; outside the recovery concept and still independently gated.
docs/programs/engineering-process-platform/gates.md:COMM-04,docs/programs/engineering-process-platform/gates.md,COMM-04,Evidence-backed compatibility,CAP-019,"Inputs, Outputs, Activity, and Diagnosis per executable block",defer,Preserved in the source map; outside the recovery concept and still independently gated.
docs/programs/engineering-process-platform/gates.md:COMM-05,docs/programs/engineering-process-platform/gates.md,COMM-05,"Lifecycle, upgrade, and rollback",CAP-028,"Persistence, migration, offline, rollback, and lifecycle support",defer,Preserved in the source map; outside the recovery concept and still independently gated.
docs/programs/engineering-process-platform/gates.md:COMM-06,docs/programs/engineering-process-platform/gates.md,COMM-06,Documentation and support operations,CAP-003,Typed ports and artifact contracts,defer,Preserved in the source map; outside the recovery concept and still independently gated.
docs/programs/engineering-process-platform/gates.md:COMM-07,docs/programs/engineering-process-platform/gates.md,COMM-07,Repository and release controls,CAP-031,"Program control, truthful dashboard, packaging, and release train",defer,Preserved in the source map; outside the recovery concept and still independently gated.
docs/programs/engineering-process-platform/gates.md:COMM-08,docs/programs/engineering-process-platform/gates.md,COMM-08,Exact-subject release train,CAP-031,"Program control, truthful dashboard, packaging, and release train",defer,Preserved in the source map; outside the recovery concept and still independently gated.
docs/programs/engineering-process-platform/gates.md:PROG-01,docs/programs/engineering-process-platform/gates.md,PROG-01,Valid control plane,CAP-031,"Program control, truthful dashboard, packaging, and release train",defer,Preserved in the source map; outside the recovery concept and still independently gated.
docs/programs/engineering-process-platform/gates.md:PROG-02,docs/programs/engineering-process-platform/gates.md,PROG-02,Bounded WIP and isolation,CAP-024,"Security, privacy, resource, and tool-isolation controls",defer,Preserved in the source map; outside the recovery concept and still independently gated.
docs/programs/engineering-process-platform/gates.md:PROG-03,docs/programs/engineering-process-platform/gates.md,PROG-03,Independent verification,CAP-029,Engineering-process outcomes across the customer story catalog,defer,Preserved in the source map; outside the recovery concept and still independently gated.
docs/programs/engineering-process-platform/gates.md:PROG-04,docs/programs/engineering-process-platform/gates.md,PROG-04,Repair and CI discipline,CAP-029,Engineering-process outcomes across the customer story catalog,defer,Preserved in the source map; outside the recovery concept and still independently gated.
docs/programs/engineering-process-platform/gates.md:PROG-05,docs/programs/engineering-process-platform/gates.md,PROG-05,Risk/decision/change health,CAP-004,"Data, control, decision, gate, and feedback relationships",defer,Preserved in the source map; outside the recovery concept and still independently gated.
docs/programs/engineering-process-platform/gates.md:PROG-06,docs/programs/engineering-process-platform/gates.md,PROG-06,Delivery flow,CAP-029,Engineering-process outcomes across the customer story catalog,defer,Preserved in the source map; outside the recovery concept and still independently gated.
docs/programs/engineering-process-platform/gates.md:PROG-07,docs/programs/engineering-process-platform/gates.md,PROG-07,Integration truth,CAP-029,Engineering-process outcomes across the customer story catalog,defer,Preserved in the source map; outside the recovery concept and still independently gated.
docs/programs/engineering-process-platform/customer-process-user-stories.md:EPP-US-001,docs/programs/engineering-process-platform/customer-process-user-stories.md,EPP-US-001,Turn text and images into a product concept brief,CAP-008,"Lossless Diagram, Code, and Split projections",retain,Customer outcome remains addressable by the generic canonical model; no story-specific dispatch is added.
docs/programs/engineering-process-platform/customer-process-user-stories.md:EPP-US-002,docs/programs/engineering-process-platform/customer-process-user-stories.md,EPP-US-002,Research missing product-definition details,CAP-029,Engineering-process outcomes across the customer story catalog,retain,Customer outcome remains addressable by the generic canonical model; no story-specific dispatch is added.
docs/programs/engineering-process-platform/customer-process-user-stories.md:EPP-US-003,docs/programs/engineering-process-platform/customer-process-user-stories.md,EPP-US-003,Produce a concrete design document,CAP-029,Engineering-process outcomes across the customer story catalog,retain,Customer outcome remains addressable by the generic canonical model; no story-specific dispatch is added.
docs/programs/engineering-process-platform/customer-process-user-stories.md:EPP-US-004,docs/programs/engineering-process-platform/customer-process-user-stories.md,EPP-US-004,Check a design document against its requirements,CAP-029,Engineering-process outcomes across the customer story catalog,retain,Customer outcome remains addressable by the generic canonical model; no story-specific dispatch is added.
docs/programs/engineering-process-platform/customer-process-user-stories.md:EPP-US-005,docs/programs/engineering-process-platform/customer-process-user-stories.md,EPP-US-005,Approve or return a design document,CAP-022,"Human approval, authority, and safe external-action boundaries",retain,Customer outcome remains addressable by the generic canonical model; no story-specific dispatch is added.
docs/programs/engineering-process-platform/customer-process-user-stories.md:EPP-US-006,docs/programs/engineering-process-platform/customer-process-user-stories.md,EPP-US-006,"Inventory a supplied package of documents, images, CAD/mesh files, tables, and notes so the engineer can see what exists, what is missing, and which artifacts are authoritative.",CAP-031,"Program control, truthful dashboard, packaging, and release train",retain,Customer outcome remains addressable by the generic canonical model; no story-specific dispatch is added.
docs/programs/engineering-process-platform/customer-process-user-stories.md:EPP-US-007,docs/programs/engineering-process-platform/customer-process-user-stories.md,EPP-US-007,"Review a drawing, bill of materials, and manufacturing notes for completeness and internal consistency before the package is released.",CAP-031,"Program control, truthful dashboard, packaging, and release train",retain,Customer outcome remains addressable by the generic canonical model; no story-specific dispatch is added.
docs/programs/engineering-process-platform/customer-process-user-stories.md:EPP-US-008,docs/programs/engineering-process-platform/customer-process-user-stories.md,EPP-US-008,"Review an existing STL or mesh for size, units, orientation assumptions, closedness, thin regions, and other declared printability risks without modifying or printing it.",CAP-016,Reviewed AI proposals and semantic diff,retain,Customer outcome remains addressable by the generic canonical model; no story-specific dispatch is added.
docs/programs/engineering-process-platform/customer-process-user-stories.md:EPP-US-009,docs/programs/engineering-process-platform/customer-process-user-stories.md,EPP-US-009,"Compare supplier quotations against an approved request, quantity, delivery date, technical exceptions, and commercial terms without sending or accepting anything.",CAP-031,"Program control, truthful dashboard, packaging, and release train",retain,Customer outcome remains addressable by the generic canonical model; no story-specific dispatch is added.
docs/programs/engineering-process-platform/customer-process-user-stories.md:EPP-US-010,docs/programs/engineering-process-platform/customer-process-user-stories.md,EPP-US-010,"Turn technician notes, equipment history, photos, and approved manuals into a prioritized diagnosis and inspection plan without commanding equipment or ordering parts.",CAP-022,"Human approval, authority, and safe external-action boundaries",retain,Customer outcome remains addressable by the generic canonical model; no story-specific dispatch is added.
docs/programs/engineering-process-platform/customer-process-user-stories.md:EPP-US-011,docs/programs/engineering-process-platform/customer-process-user-stories.md,EPP-US-011,"Run the accepted concept, bounded research, design-document generation, requirement review, revision loop, and approval as one inspectable process.",CAP-022,"Human approval, authority, and safe external-action boundaries",retain,Customer outcome remains addressable by the generic canonical model; no story-specific dispatch is added.
docs/programs/engineering-process-platform/customer-process-user-stories.md:EPP-US-012,docs/programs/engineering-process-platform/customer-process-user-stories.md,EPP-US-012,"Turn text and reference images into an approved 3D-modeling and print-preparation plan with declared geometry, material, quality, and review expectations.",CAP-022,"Human approval, authority, and safe external-action boundaries",retain,Customer outcome remains addressable by the generic canonical model; no story-specific dispatch is added.
docs/programs/engineering-process-platform/customer-process-user-stories.md:EPP-US-013,docs/programs/engineering-process-platform/customer-process-user-stories.md,EPP-US-013,"Review a drawing package, return markups, receive a revised package, and prove every issue was resolved or explicitly dispositioned.",CAP-031,"Program control, truthful dashboard, packaging, and release train",retain,Customer outcome remains addressable by the generic canonical model; no story-specific dispatch is added.
docs/programs/engineering-process-platform/customer-process-user-stories.md:EPP-US-014,docs/programs/engineering-process-platform/customer-process-user-stories.md,EPP-US-014,Build an RFQ package from an approved design package and route the exact draft for human approval without sending it.,CAP-031,"Program control, truthful dashboard, packaging, and release train",retain,Customer outcome remains addressable by the generic canonical model; no story-specific dispatch is added.
docs/programs/engineering-process-platform/customer-process-user-stories.md:EPP-US-015,docs/programs/engineering-process-platform/customer-process-user-stories.md,EPP-US-015,"Evaluate one or more quotes, record technical and commercial exceptions, and approve, reject, or request clarification without contacting a vendor.",CAP-031,"Program control, truthful dashboard, packaging, and release train",retain,Customer outcome remains addressable by the generic canonical model; no story-specific dispatch is added.
docs/programs/engineering-process-platform/customer-process-user-stories.md:EPP-US-016,docs/programs/engineering-process-platform/customer-process-user-stories.md,EPP-US-016,"Turn bracket requirements into a proposed parametric-model definition, mock geometry artifact, requirement check, and revision loop.",CAP-004,"Data, control, decision, gate, and feedback relationships",retain,Customer outcome remains addressable by the generic canonical model; no story-specific dispatch is added.
docs/programs/engineering-process-platform/customer-process-user-stories.md:EPP-US-017,docs/programs/engineering-process-platform/customer-process-user-stories.md,EPP-US-017,"Develop an enclosure concept, board/connector constraints, thermal-study plan, and mock evidence package for review.",CAP-031,"Program control, truthful dashboard, packaging, and release train",retain,Customer outcome remains addressable by the generic canonical model; no story-specific dispatch is added.
docs/programs/engineering-process-platform/customer-process-user-stories.md:EPP-US-018,docs/programs/engineering-process-platform/customer-process-user-stories.md,EPP-US-018,"Develop a fixture or jig concept from part, operation, datum, load, access, and safety requirements and route it through design review.",CAP-021,Truthful execution modes and current-run provenance,retain,Customer outcome remains addressable by the generic canonical model; no story-specific dispatch is added.
docs/programs/engineering-process-platform/customer-process-user-stories.md:EPP-US-019,docs/programs/engineering-process-platform/customer-process-user-stories.md,EPP-US-019,"Turn a design basis into a traceable verification plan that assigns inspection, analysis, demonstration, or test evidence to every requirement.",CAP-019,"Inputs, Outputs, Activity, and Diagnosis per executable block",retain,Customer outcome remains addressable by the generic canonical model; no story-specific dispatch is added.
docs/programs/engineering-process-platform/customer-process-user-stories.md:EPP-US-020,docs/programs/engineering-process-platform/customer-process-user-stories.md,EPP-US-020,"Define a study with exact model revision, loads, boundary conditions, assumptions, outputs, acceptance criteria, and review gates before solver execution.",CAP-015,"Output inspection, lineage, open, download, and lifetime",retain,Customer outcome remains addressable by the generic canonical model; no story-specific dispatch is added.
docs/programs/engineering-process-platform/customer-process-user-stories.md:EPP-US-021,docs/programs/engineering-process-platform/customer-process-user-stories.md,EPP-US-021,"Triage a nonconformance, contain affected artifacts, propose cause and corrective-action work, and route the disposition for approval.",CAP-022,"Human approval, authority, and safe external-action boundaries",retain,Customer outcome remains addressable by the generic canonical model; no story-specific dispatch is added.
docs/programs/engineering-process-platform/customer-process-user-stories.md:EPP-US-022,docs/programs/engineering-process-platform/customer-process-user-stories.md,EPP-US-022,"Compare an engineering change against the released baseline and identify affected designs, drawings, BOMs, analyses, suppliers, tests, and approvals.",CAP-031,"Program control, truthful dashboard, packaging, and release train",retain,Customer outcome remains addressable by the generic canonical model; no story-specific dispatch is added.
docs/programs/engineering-process-platform/customer-process-user-stories.md:EPP-US-023,docs/programs/engineering-process-platform/customer-process-user-stories.md,EPP-US-023,"Progress an incident from intake through evidence collection, diagnosis, inspection plan, blocked-prerequisite handling, and approved work order.",CAP-022,"Human approval, authority, and safe external-action boundaries",retain,Customer outcome remains addressable by the generic canonical model; no story-specific dispatch is added.
docs/programs/engineering-process-platform/customer-process-user-stories.md:EPP-US-024,docs/programs/engineering-process-platform/customer-process-user-stories.md,EPP-US-024,"Assemble a technically complete supplier handoff package, validate its contents, and route it for internal approval without external delivery.",CAP-031,"Program control, truthful dashboard, packaging, and release train",retain,Customer outcome remains addressable by the generic canonical model; no story-specific dispatch is added.
docs/programs/engineering-process-platform/customer-process-user-stories.md:EPP-US-025,docs/programs/engineering-process-platform/customer-process-user-stories.md,EPP-US-025,"Verify that a product release package contains the approved design, drawings, BOM, analyses, deviations, instructions, and signoffs before release.",CAP-031,"Program control, truthful dashboard, packaging, and release train",retain,Customer outcome remains addressable by the generic canonical model; no story-specific dispatch is added.
docs/programs/engineering-process-platform/customer-process-user-stories.md:EPP-US-026,docs/programs/engineering-process-platform/customer-process-user-stories.md,EPP-US-026,"Select an installed capability for creating a sheet-metal model and see exact server, tool, schema, approval, and missing-input diagnostics before any call.",CAP-022,"Human approval, authority, and safe external-action boundaries",retain,Customer outcome remains addressable by the generic canonical model; no story-specific dispatch is added.
docs/programs/engineering-process-platform/customer-process-user-stories.md:EPP-US-027,docs/programs/engineering-process-platform/customer-process-user-stories.md,EPP-US-027,"Preflight native-model save and neutral STEP export destinations, formats, versions, overwrite behavior, and workspace retention.",CAP-033,"Preflight, argument/result maps, and semantic sufficiency",retain,Customer outcome remains addressable by the generic canonical model; no story-specific dispatch is added.
docs/programs/engineering-process-platform/customer-process-user-stories.md:EPP-US-028,docs/programs/engineering-process-platform/customer-process-user-stories.md,EPP-US-028,"Preflight flat-pattern creation and DXF export, including gauge, bend, orientation, and output-contract readiness.",CAP-015,"Output inspection, lineage, open, download, and lifetime",retain,Customer outcome remains addressable by the generic canonical model; no story-specific dispatch is added.
docs/programs/engineering-process-platform/customer-process-user-stories.md:EPP-US-029,docs/programs/engineering-process-platform/customer-process-user-stories.md,EPP-US-029,"Preflight drawing-sheet, view, dimension, title-block, manufacturing-markup, and export capabilities for an approved design.",CAP-022,"Human approval, authority, and safe external-action boundaries",retain,Customer outcome remains addressable by the generic canonical model; no story-specific dispatch is added.
docs/programs/engineering-process-platform/customer-process-user-stories.md:EPP-US-030,docs/programs/engineering-process-platform/customer-process-user-stories.md,EPP-US-030,Select and validate an image/description-to-geometry capability and its required inputs without generating geometry.,CAP-013,"Structured validation, diagnostics, and compatibility",retain,Customer outcome remains addressable by the generic canonical model; no story-specific dispatch is added.
docs/programs/engineering-process-platform/customer-process-user-stories.md:EPP-US-031,docs/programs/engineering-process-platform/customer-process-user-stories.md,EPP-US-031,"Preflight mesh inspection, repair, orientation, and support-generation capabilities against one exact STL revision.",CAP-033,"Preflight, argument/result maps, and semantic sufficiency",retain,Customer outcome remains addressable by the generic canonical model; no story-specific dispatch is added.
docs/programs/engineering-process-platform/customer-process-user-stories.md:EPP-US-032,docs/programs/engineering-process-platform/customer-process-user-stories.md,EPP-US-032,"Preflight slicer profile, material, printer envelope, quality, support, and G-code output contracts without slicing.",CAP-015,"Output inspection, lineage, open, download, and lifetime",retain,Customer outcome remains addressable by the generic canonical model; no story-specific dispatch is added.
docs/programs/engineering-process-platform/customer-process-user-stories.md:EPP-US-033,docs/programs/engineering-process-platform/customer-process-user-stories.md,EPP-US-033,"Preflight an installed printer-application connection, exact device identity, readiness, and authorization without uploading or starting a job.",CAP-033,"Preflight, argument/result maps, and semantic sufficiency",retain,Customer outcome remains addressable by the generic canonical model; no story-specific dispatch is added.
docs/programs/engineering-process-platform/customer-process-user-stories.md:EPP-US-034,docs/programs/engineering-process-platform/customer-process-user-stories.md,EPP-US-034,"Bind model preparation, meshing, solve, and result-extraction capabilities while validating units and data mappings before execution.",CAP-015,"Output inspection, lineage, open, download, and lifetime",retain,Customer outcome remains addressable by the generic canonical model; no story-specific dispatch is added.
docs/programs/engineering-process-platform/customer-process-user-stories.md:EPP-US-035,docs/programs/engineering-process-platform/customer-process-user-stories.md,EPP-US-035,"Bind geometry, material, boundary-condition, solve, convergence, and report capabilities for a thermal study without execution.",CAP-003,Typed ports and artifact contracts,retain,Customer outcome remains addressable by the generic canonical model; no story-specific dispatch is added.
docs/programs/engineering-process-platform/customer-process-user-stories.md:EPP-US-036,docs/programs/engineering-process-platform/customer-process-user-stories.md,EPP-US-036,"Bind stock, setup, tool, operation, simulation, postprocessing, and static lint capabilities without commanding a machine.",CAP-021,Truthful execution modes and current-run provenance,retain,Customer outcome remains addressable by the generic canonical model; no story-specific dispatch is added.
docs/programs/engineering-process-platform/customer-process-user-stories.md:EPP-US-037,docs/programs/engineering-process-platform/customer-process-user-stories.md,EPP-US-037,"Bind inspection-plan, measurement-import, tolerance-evaluation, and report capabilities for an exact released definition.",CAP-031,"Program control, truthful dashboard, packaging, and release train",retain,Customer outcome remains addressable by the generic canonical model; no story-specific dispatch is added.
docs/programs/engineering-process-platform/customer-process-user-stories.md:EPP-US-038,docs/programs/engineering-process-platform/customer-process-user-stories.md,EPP-US-038,"Bind board-envelope, connector, keep-out, enclosure, and thermal capabilities while preserving exact source identities.",CAP-010,"Direct manipulation, command batches, undo, and redo",retain,Customer outcome remains addressable by the generic canonical model; no story-specific dispatch is added.
docs/programs/engineering-process-platform/customer-process-user-stories.md:EPP-US-039,docs/programs/engineering-process-platform/customer-process-user-stories.md,EPP-US-039,"Bind approved materials-property sources and calculation capabilities while exposing provenance, applicability, and uncertainty.",CAP-022,"Human approval, authority, and safe external-action boundaries",retain,Customer outcome remains addressable by the generic canonical model; no story-specific dispatch is added.
docs/programs/engineering-process-platform/customer-process-user-stories.md:EPP-US-040,docs/programs/engineering-process-platform/customer-process-user-stories.md,EPP-US-040,"Preflight an approved RFQ email package, recipient, attachments, classification, and send authority without transmitting it.",CAP-031,"Program control, truthful dashboard, packaging, and release train",retain,Customer outcome remains addressable by the generic canonical model; no story-specific dispatch is added.
docs/programs/engineering-process-platform/customer-process-user-stories.md:EPP-US-041,docs/programs/engineering-process-platform/customer-process-user-stories.md,EPP-US-041,"Preflight access to a mailbox or quote repository and map received quotation fields without sending, accepting, or deleting messages.",CAP-031,"Program control, truthful dashboard, packaging, and release train",retain,Customer outcome remains addressable by the generic canonical model; no story-specific dispatch is added.
docs/programs/engineering-process-platform/customer-process-user-stories.md:EPP-US-042,docs/programs/engineering-process-platform/customer-process-user-stories.md,EPP-US-042,"Bind document, drawing, and PDF generation capabilities and validate templates, metadata, destinations, and output contracts.",CAP-015,"Output inspection, lineage, open, download, and lifetime",retain,Customer outcome remains addressable by the generic canonical model; no story-specific dispatch is added.
docs/programs/engineering-process-platform/customer-process-user-stories.md:EPP-US-043,docs/programs/engineering-process-platform/customer-process-user-stories.md,EPP-US-043,"Bind version-control or lifecycle-management capabilities and validate exact item, revision, transition, and approval requirements without release.",CAP-031,"Program control, truthful dashboard, packaging, and release train",retain,Customer outcome remains addressable by the generic canonical model; no story-specific dispatch is added.
docs/programs/engineering-process-platform/customer-process-user-stories.md:EPP-US-044,docs/programs/engineering-process-platform/customer-process-user-stories.md,EPP-US-044,"Preflight workspace storage, artifact naming, versioning, retention, download, and open-in-application actions for a multi-artifact result.",CAP-015,"Output inspection, lineage, open, download, and lifetime",retain,Customer outcome remains addressable by the generic canonical model; no story-specific dispatch is added.
docs/programs/engineering-process-platform/customer-process-user-stories.md:EPP-US-045,docs/programs/engineering-process-platform/customer-process-user-stories.md,EPP-US-045,Substitute a materially different provider/tool binding for an abstract capability and prove the process requires no customer-story or case-specific runtime branch.,CAP-005,Exact governed implementation and MCP bindings,retain,Customer outcome remains addressable by the generic canonical model; no story-specific dispatch is added.
docs/programs/engineering-process-platform/customer-process-user-stories.md:EPP-US-046,docs/programs/engineering-process-platform/customer-process-user-stories.md,EPP-US-046,"Create a sheet-metal model from an approved design document, validate it, and save exact native and STEP artifacts in the Wright workspace.",CAP-022,"Human approval, authority, and safe external-action boundaries",retain,Customer outcome remains addressable by the generic canonical model; no story-specific dispatch is added.
docs/programs/engineering-process-platform/customer-process-user-stories.md:EPP-US-047,docs/programs/engineering-process-platform/customer-process-user-stories.md,EPP-US-047,Create and validate a flat pattern from the approved model and save an exact DXF artifact with lineage to the source revision.,CAP-022,"Human approval, authority, and safe external-action boundaries",retain,Customer outcome remains addressable by the generic canonical model; no story-specific dispatch is added.
docs/programs/engineering-process-platform/customer-process-user-stories.md:EPP-US-048,docs/programs/engineering-process-platform/customer-process-user-stories.md,EPP-US-048,"Create a manufacturing drawing with flat view, dimensions, title block, bend information, and markup, then validate and save it.",CAP-013,"Structured validation, diagnostics, and compatibility",retain,Customer outcome remains addressable by the generic canonical model; no story-specific dispatch is added.
docs/programs/engineering-process-platform/customer-process-user-stories.md:EPP-US-049,docs/programs/engineering-process-platform/customer-process-user-stories.md,EPP-US-049,"Execute the approved design-to-model-to-flat-to-drawing chain and stop with a complete, validated internal manufacturing package.",CAP-031,"Program control, truthful dashboard, packaging, and release train",retain,Customer outcome remains addressable by the generic canonical model; no story-specific dispatch is added.
docs/programs/engineering-process-platform/customer-process-user-stories.md:EPP-US-050,docs/programs/engineering-process-platform/customer-process-user-stories.md,EPP-US-050,Send an approved sheet-metal RFQ package to approved recipients and retain exact delivery evidence and attachments.,CAP-031,"Program control, truthful dashboard, packaging, and release train",retain,Customer outcome remains addressable by the generic canonical model; no story-specific dispatch is added.
docs/programs/engineering-process-platform/customer-process-user-stories.md:EPP-US-051,docs/programs/engineering-process-platform/customer-process-user-stories.md,EPP-US-051,"Approve or reject a received quote and, after explicit approval, send the corresponding award, decline, or clarification message.",CAP-022,"Human approval, authority, and safe external-action boundaries",retain,Customer outcome remains addressable by the generic canonical model; no story-specific dispatch is added.
docs/programs/engineering-process-platform/customer-process-user-stories.md:EPP-US-052,docs/programs/engineering-process-platform/customer-process-user-stories.md,EPP-US-052,"Generate a reviewable mesh and STL from approved text/image requirements, validate geometry lineage, and save the artifacts.",CAP-022,"Human approval, authority, and safe external-action boundaries",retain,Customer outcome remains addressable by the generic canonical model; no story-specific dispatch is added.
docs/programs/engineering-process-platform/customer-process-user-stories.md:EPP-US-053,docs/programs/engineering-process-platform/customer-process-user-stories.md,EPP-US-053,"Inspect and repair a mesh, propose orientation and supports, obtain review, and save a validated printable STL revision.",CAP-013,"Structured validation, diagnostics, and compatibility",retain,Customer outcome remains addressable by the generic canonical model; no story-specific dispatch is added.
docs/programs/engineering-process-platform/customer-process-user-stories.md:EPP-US-054,docs/programs/engineering-process-platform/customer-process-user-stories.md,EPP-US-054,Slice an approved STL with an exact printer/material/profile identity and save validated project and G-code artifacts.,CAP-022,"Human approval, authority, and safe external-action boundaries",retain,Customer outcome remains addressable by the generic canonical model; no story-specific dispatch is added.
docs/programs/engineering-process-platform/customer-process-user-stories.md:EPP-US-055,docs/programs/engineering-process-platform/customer-process-user-stories.md,EPP-US-055,Deliver an approved sliced job to the exact printer application/device queue without starting physical motion and verify receipt.,CAP-022,"Human approval, authority, and safe external-action boundaries",retain,Customer outcome remains addressable by the generic canonical model; no story-specific dispatch is added.
docs/programs/engineering-process-platform/customer-process-user-stories.md:EPP-US-056,docs/programs/engineering-process-platform/customer-process-user-stories.md,EPP-US-056,"Produce and statically validate a machining setup, tool list, operation plan, simulation record, and postprocessed program without machine actuation.",CAP-021,Truthful execution modes and current-run provenance,retain,Customer outcome remains addressable by the generic canonical model; no story-specific dispatch is added.
docs/programs/engineering-process-platform/customer-process-user-stories.md:EPP-US-057,docs/programs/engineering-process-platform/customer-process-user-stories.md,EPP-US-057,"Turn a released part package into a reviewed manufacturing approach, risk list, cycle-time basis, and quotation package.",CAP-031,"Program control, truthful dashboard, packaging, and release train",retain,Customer outcome remains addressable by the generic canonical model; no story-specific dispatch is added.
docs/programs/engineering-process-platform/customer-process-user-stories.md:EPP-US-058,docs/programs/engineering-process-platform/customer-process-user-stories.md,EPP-US-058,"Execute a structural study, validate mesh/loads/units/convergence/results, and iterate design feedback until acceptance or bounded stop.",CAP-015,"Output inspection, lineage, open, download, and lifetime",retain,Customer outcome remains addressable by the generic canonical model; no story-specific dispatch is added.
docs/programs/engineering-process-platform/customer-process-user-stories.md:EPP-US-059,docs/programs/engineering-process-platform/customer-process-user-stories.md,EPP-US-059,"Execute an enclosure thermal study, validate convergence and margins, and return actionable design feedback with exact evidence.",CAP-019,"Inputs, Outputs, Activity, and Diagnosis per executable block",retain,Customer outcome remains addressable by the generic canonical model; no story-specific dispatch is added.
docs/programs/engineering-process-platform/customer-process-user-stories.md:EPP-US-060,docs/programs/engineering-process-platform/customer-process-user-stories.md,EPP-US-060,Create and validate a fixture or jig model and drawing package from approved operation and datum requirements.,CAP-031,"Program control, truthful dashboard, packaging, and release train",retain,Customer outcome remains addressable by the generic canonical model; no story-specific dispatch is added.
docs/programs/engineering-process-platform/customer-process-user-stories.md:EPP-US-061,docs/programs/engineering-process-platform/customer-process-user-stories.md,EPP-US-061,"Create a weldment design, cut list, drawings, weld notes, and inspection requirements and route the package through review.",CAP-031,"Program control, truthful dashboard, packaging, and release train",retain,Customer outcome remains addressable by the generic canonical model; no story-specific dispatch is added.
docs/programs/engineering-process-platform/customer-process-user-stories.md:EPP-US-062,docs/programs/engineering-process-platform/customer-process-user-stories.md,EPP-US-062,"Create a reviewed equipment layout with interfaces, access, maintainability, safety clearances, and manufacturing handoff artifacts.",CAP-007,Separate stable layout metadata,retain,Customer outcome remains addressable by the generic canonical model; no story-specific dispatch is added.
docs/programs/engineering-process-platform/customer-process-user-stories.md:EPP-US-063,docs/programs/engineering-process-platform/customer-process-user-stories.md,EPP-US-063,"Integrate exact board geometry and connectors into an enclosure, check clearance and thermal requirements, and release prototype artifacts.",CAP-031,"Program control, truthful dashboard, packaging, and release train",retain,Customer outcome remains addressable by the generic canonical model; no story-specific dispatch is added.
docs/programs/engineering-process-platform/customer-process-user-stories.md:EPP-US-064,docs/programs/engineering-process-platform/customer-process-user-stories.md,EPP-US-064,"Import measurement results, evaluate them against exact tolerances, and issue an inspectable acceptance or nonconformance record.",CAP-015,"Output inspection, lineage, open, download, and lifetime",retain,Customer outcome remains addressable by the generic canonical model; no story-specific dispatch is added.
docs/programs/engineering-process-platform/customer-process-user-stories.md:EPP-US-065,docs/programs/engineering-process-platform/customer-process-user-stories.md,EPP-US-065,Feed a nonconformance into a bounded design/manufacturing correction loop and prove the released revision resolves every accepted issue.,CAP-031,"Program control, truthful dashboard, packaging, and release train",retain,Customer outcome remains addressable by the generic canonical model; no story-specific dispatch is added.
docs/programs/engineering-process-platform/customer-process-user-stories.md:EPP-US-066,docs/programs/engineering-process-platform/customer-process-user-stories.md,EPP-US-066,"Build and compare a BOM sourcing plan using approved part identities, quantities, alternates, lead times, and supplier evidence.",CAP-022,"Human approval, authority, and safe external-action boundaries",retain,Customer outcome remains addressable by the generic canonical model; no story-specific dispatch is added.
docs/programs/engineering-process-platform/customer-process-user-stories.md:EPP-US-067,docs/programs/engineering-process-platform/customer-process-user-stories.md,EPP-US-067,"Apply an approved change consistently across design, drawing, BOM, analyses, instructions, and release records, then prove no stale dependent remains.",CAP-031,"Program control, truthful dashboard, packaging, and release train",retain,Customer outcome remains addressable by the generic canonical model; no story-specific dispatch is added.
docs/programs/engineering-process-platform/customer-process-user-stories.md:EPP-US-068,docs/programs/engineering-process-platform/customer-process-user-stories.md,EPP-US-068,"Analyze approved sensor/history data, produce a diagnosis and maintenance recommendation, and update the work package after review.",CAP-031,"Program control, truthful dashboard, packaging, and release train",retain,Customer outcome remains addressable by the generic canonical model; no story-specific dispatch is added.
docs/programs/engineering-process-platform/customer-process-user-stories.md:EPP-US-069,docs/programs/engineering-process-platform/customer-process-user-stories.md,EPP-US-069,"Release an approved multi-artifact technical package through the governed lifecycle and retain exact deployment, rollback, and prior-version evidence.",CAP-031,"Program control, truthful dashboard, packaging, and release train",retain,Customer outcome remains addressable by the generic canonical model; no story-specific dispatch is added.
docs/programs/engineering-process-platform/customer-process-user-stories.md:EPP-US-070,docs/programs/engineering-process-platform/customer-process-user-stories.md,EPP-US-070,"Run the same approved process through browser and headless entry points and receive equivalent decisions, artifacts, evidence, cancellation, and recovery behavior.",CAP-022,"Human approval, authority, and safe external-action boundaries",retain,Customer outcome remains addressable by the generic canonical model; no story-specific dispatch is added.
docs/programs/engineering-process-platform/customer-process-user-stories.md:EPP-US-071,docs/programs/engineering-process-platform/customer-process-user-stories.md,EPP-US-071,"Describe a sheet-metal process in plain language, inspect Wright's proposed canonical process and assumptions, and accept or reject the proposal without execution authority.",CAP-022,"Human approval, authority, and safe external-action boundaries",retain,Customer outcome remains addressable by the generic canonical model; no story-specific dispatch is added.
docs/programs/engineering-process-platform/customer-process-user-stories.md:EPP-US-072,docs/programs/engineering-process-platform/customer-process-user-stories.md,EPP-US-072,"Adapt an approved process for a different gauge, material, product family, or manufacturing partner while reviewing a semantic change set.",CAP-022,"Human approval, authority, and safe external-action boundaries",retain,Customer outcome remains addressable by the generic canonical model; no story-specific dispatch is added.
docs/programs/engineering-process-platform/customer-process-user-stories.md:EPP-US-073,docs/programs/engineering-process-platform/customer-process-user-stories.md,EPP-US-073,"Create a reusable product-definition component from Stories 001–005 with explicit ports, gates, artifacts, and version compatibility.",CAP-013,"Structured validation, diagnostics, and compatibility",retain,Customer outcome remains addressable by the generic canonical model; no story-specific dispatch is added.
docs/programs/engineering-process-platform/customer-process-user-stories.md:EPP-US-074,docs/programs/engineering-process-platform/customer-process-user-stories.md,EPP-US-074,"Compose reusable definition, design, review, and correction components into a governed product-development process.",CAP-013,"Structured validation, diagnostics, and compatibility",retain,Customer outcome remains addressable by the generic canonical model; no story-specific dispatch is added.
docs/programs/engineering-process-platform/customer-process-user-stories.md:EPP-US-075,docs/programs/engineering-process-platform/customer-process-user-stories.md,EPP-US-075,"Create an image-to-print-preparation process from a reviewed template and declare its material, printer, quality, and safety assumptions.",CAP-016,Reviewed AI proposals and semantic diff,retain,Customer outcome remains addressable by the generic canonical model; no story-specific dispatch is added.
docs/programs/engineering-process-platform/customer-process-user-stories.md:EPP-US-076,docs/programs/engineering-process-platform/customer-process-user-stories.md,EPP-US-076,"Adapt a qualified preparation process to a new printer, material, or slicer profile and see which evidence becomes stale.",CAP-030,Independent engineering oracles and benchmark qualification,retain,Customer outcome remains addressable by the generic canonical model; no story-specific dispatch is added.
docs/programs/engineering-process-platform/customer-process-user-stories.md:EPP-US-077,docs/programs/engineering-process-platform/customer-process-user-stories.md,EPP-US-077,"Author a simulation process with model checks, solver-independent inputs, convergence, acceptance, feedback, and approval gates.",CAP-022,"Human approval, authority, and safe external-action boundaries",retain,Customer outcome remains addressable by the generic canonical model; no story-specific dispatch is added.
docs/programs/engineering-process-platform/customer-process-user-stories.md:EPP-US-078,docs/programs/engineering-process-platform/customer-process-user-stories.md,EPP-US-078,"Generate an inspection process from customer requirements and internal standards, then review every proposed characteristic and disposition rule.",CAP-007,Separate stable layout metadata,retain,Customer outcome remains addressable by the generic canonical model; no story-specific dispatch is added.
docs/programs/engineering-process-platform/customer-process-user-stories.md:EPP-US-079,docs/programs/engineering-process-platform/customer-process-user-stories.md,EPP-US-079,"Generate an RFQ/quote/award process from company policy while preserving human authority over recipients, commitments, and approvals.",CAP-022,"Human approval, authority, and safe external-action boundaries",retain,Customer outcome remains addressable by the generic canonical model; no story-specific dispatch is added.
docs/programs/engineering-process-platform/customer-process-user-stories.md:EPP-US-080,docs/programs/engineering-process-platform/customer-process-user-stories.md,EPP-US-080,"Generate a diagnosis and maintenance process from approved manuals, history, safety rules, and escalation policy.",CAP-022,"Human approval, authority, and safe external-action boundaries",retain,Customer outcome remains addressable by the generic canonical model; no story-specific dispatch is added.
docs/programs/engineering-process-platform/customer-process-user-stories.md:EPP-US-081,docs/programs/engineering-process-platform/customer-process-user-stories.md,EPP-US-081,"Define a multi-person review and approval process with roles, deadlines, escalation, rejection, delegation, and immutable decision evidence.",CAP-022,"Human approval, authority, and safe external-action boundaries",retain,Customer outcome remains addressable by the generic canonical model; no story-specific dispatch is added.
docs/programs/engineering-process-platform/customer-process-user-stories.md:EPP-US-082,docs/programs/engineering-process-platform/customer-process-user-stories.md,EPP-US-082,"Compare two process revisions in human-readable and diagram forms and understand changed outcomes, gates, artifacts, bindings, and evidence requirements.",CAP-019,"Inputs, Outputs, Activity, and Diagnosis per executable block",retain,Customer outcome remains addressable by the generic canonical model; no story-specific dispatch is added.
docs/programs/engineering-process-platform/customer-process-user-stories.md:EPP-US-083,docs/programs/engineering-process-platform/customer-process-user-stories.md,EPP-US-083,Accept or reject individual bounded AI-proposed changes without accepting unrelated edits or granting execution authority.,CAP-022,"Human approval, authority, and safe external-action boundaries",retain,Customer outcome remains addressable by the generic canonical model; no story-specific dispatch is added.
docs/programs/engineering-process-platform/customer-process-user-stories.md:EPP-US-084,docs/programs/engineering-process-platform/customer-process-user-stories.md,EPP-US-084,Migrate saved process definitions across compatible versions while keeping historical runs readable and unsupported definitions explicit.,CAP-013,"Structured validation, diagnostics, and compatibility",retain,Customer outcome remains addressable by the generic canonical model; no story-specific dispatch is added.
docs/programs/engineering-process-platform/customer-process-user-stories.md:EPP-US-085,docs/programs/engineering-process-platform/customer-process-user-stories.md,EPP-US-085,"Reuse one approved process with multiple materially different MCP providers and applications without domain, vendor, or benchmark-case branches in the runtime.",CAP-030,Independent engineering oracles and benchmark qualification,retain,Customer outcome remains addressable by the generic canonical model; no story-specific dispatch is added.
docs/programs/engineering-process-platform/customer-process-user-stories.md:EPP-US-086,docs/programs/engineering-process-platform/customer-process-user-stories.md,EPP-US-086,"Progress from text/images and bounded research through an approved design basis, native model, STEP, flat pattern, DXF, manufacturing drawing, RFQ, quote decision, and approved vendor response.",CAP-022,"Human approval, authority, and safe external-action boundaries",retain,Customer outcome remains addressable by the generic canonical model; no story-specific dispatch is added.
docs/programs/engineering-process-platform/customer-process-user-stories.md:EPP-US-087,docs/programs/engineering-process-platform/customer-process-user-stories.md,EPP-US-087,"Progress from concept images and requirements through reviewed geometry, printable STL, support strategy, slicing, and an approved printer-ready package.",CAP-031,"Program control, truthful dashboard, packaging, and release train",retain,Customer outcome remains addressable by the generic canonical model; no story-specific dispatch is added.
docs/programs/engineering-process-platform/customer-process-user-stories.md:EPP-US-088,docs/programs/engineering-process-platform/customer-process-user-stories.md,EPP-US-088,"Deliver an approved job to a known printer, authorize physical printing, monitor progress, handle interruption, and retain truthful completion and cleanup evidence.",CAP-022,"Human approval, authority, and safe external-action boundaries",retain,Customer outcome remains addressable by the generic canonical model; no story-specific dispatch is added.
docs/programs/engineering-process-platform/customer-process-user-stories.md:EPP-US-089,docs/programs/engineering-process-platform/customer-process-user-stories.md,EPP-US-089,"Progress from customer geometry and requirements through DFM review, setup, tooling, simulation, approved program, quotation, and optional machine handoff.",CAP-022,"Human approval, authority, and safe external-action boundaries",retain,Customer outcome remains addressable by the generic canonical model; no story-specific dispatch is added.
docs/programs/engineering-process-platform/customer-process-user-stories.md:EPP-US-090,docs/programs/engineering-process-platform/customer-process-user-stories.md,EPP-US-090,"Progress from a weldment concept through design, cut list, drawings, welding/inspection plan, supplier RFQ, and approved fabrication package.",CAP-031,"Program control, truthful dashboard, packaging, and release train",retain,Customer outcome remains addressable by the generic canonical model; no story-specific dispatch is added.
docs/programs/engineering-process-platform/customer-process-user-stories.md:EPP-US-091,docs/programs/engineering-process-platform/customer-process-user-stories.md,EPP-US-091,"Progress from product requirements through moldability review, part/tooling concept, analysis, prototype plan, tooling RFQ, and approval.",CAP-022,"Human approval, authority, and safe external-action boundaries",retain,Customer outcome remains addressable by the generic canonical model; no story-specific dispatch is added.
docs/programs/engineering-process-platform/customer-process-user-stories.md:EPP-US-092,docs/programs/engineering-process-platform/customer-process-user-stories.md,EPP-US-092,"Develop a part definition, material/ply strategy, tooling, layup and cure plan, inspection package, and controlled manufacturing handoff.",CAP-031,"Program control, truthful dashboard, packaging, and release train",retain,Customer outcome remains addressable by the generic canonical model; no story-specific dispatch is added.
docs/programs/engineering-process-platform/customer-process-user-stories.md:EPP-US-093,docs/programs/engineering-process-platform/customer-process-user-stories.md,EPP-US-093,"Progress from board and product requirements through enclosure, thermal/EMI considerations, prototype artifacts, sourcing, assembly, and validation planning.",CAP-013,"Structured validation, diagnostics, and compatibility",retain,Customer outcome remains addressable by the generic canonical model; no story-specific dispatch is added.
docs/programs/engineering-process-platform/customer-process-user-stories.md:EPP-US-094,docs/programs/engineering-process-platform/customer-process-user-stories.md,EPP-US-094,"Develop a robotic or automated workcell concept, layout, fixtures, sequence, safety review, simulation, customer proposal, and deployment plan.",CAP-021,Truthful execution modes and current-run provenance,retain,Customer outcome remains addressable by the generic canonical model; no story-specific dispatch is added.
docs/programs/engineering-process-platform/customer-process-user-stories.md:EPP-US-095,docs/programs/engineering-process-platform/customer-process-user-stories.md,EPP-US-095,"Progress from control requirements and existing-system evidence through logic changes, simulation, review, test, rollback, and an approved release package.",CAP-031,"Program control, truthful dashboard, packaging, and release train",retain,Customer outcome remains addressable by the generic canonical model; no story-specific dispatch is added.
docs/programs/engineering-process-platform/customer-process-user-stories.md:EPP-US-096,docs/programs/engineering-process-platform/customer-process-user-stories.md,EPP-US-096,"Progress from an equipment incident through diagnosis, approved inspection, parts/tool planning, repair work order, execution evidence, and return-to-service review.",CAP-022,"Human approval, authority, and safe external-action boundaries",retain,Customer outcome remains addressable by the generic canonical model; no story-specific dispatch is added.
docs/programs/engineering-process-platform/customer-process-user-stories.md:EPP-US-097,docs/programs/engineering-process-platform/customer-process-user-stories.md,EPP-US-097,"Progress from field inspection through evidence capture, nonconformance, containment, root-cause work, corrective action, verification, and customer disposition.",CAP-019,"Inputs, Outputs, Activity, and Diagnosis per executable block",retain,Customer outcome remains addressable by the generic canonical model; no story-specific dispatch is added.
docs/programs/engineering-process-platform/customer-process-user-stories.md:EPP-US-098,docs/programs/engineering-process-platform/customer-process-user-stories.md,EPP-US-098,"Progress an engineering change through impact analysis, verification, documentation, required approvals, compliance submission, release, and audit package.",CAP-031,"Program control, truthful dashboard, packaging, and release train",retain,Customer outcome remains addressable by the generic canonical model; no story-specific dispatch is added.
docs/programs/engineering-process-platform/customer-process-user-stories.md:EPP-US-099,docs/programs/engineering-process-platform/customer-process-user-stories.md,EPP-US-099,"Coordinate design maturity, manufacturing readiness, quality planning, sourcing, supplier approvals, pilot evidence, issue closure, and production-release review.",CAP-031,"Program control, truthful dashboard, packaging, and release train",retain,Customer outcome remains addressable by the generic canonical model; no story-specific dispatch is added.
docs/programs/engineering-process-platform/customer-process-user-stories.md:EPP-US-100,docs/programs/engineering-process-platform/customer-process-user-stories.md,EPP-US-100,"Turn sales-approved requirements into a valid product configuration, engineering artifacts, quotation, customer approval, manufacturing package, and governed order handoff.",CAP-031,"Program control, truthful dashboard, packaging, and release train",retain,Customer outcome remains addressable by the generic canonical model; no story-specific dispatch is added.
docs/programs/engineering-process-platform/prototype-lesson-dispositions.json:LL-001,docs/programs/engineering-process-platform/prototype-lesson-dispositions.json,LL-001,Fixture data never masquerades as analysis of user data; modes and result provenance are persistent.,CAP-021,Truthful execution modes and current-run provenance,retain,"Retained as a canonical-model, safety, or execution invariant."
docs/programs/engineering-process-platform/prototype-lesson-dispositions.json:LL-002,docs/programs/engineering-process-platform/prototype-lesson-dispositions.json,LL-002,"Definition, preflight, semantic, mapping/schema, approval, execution, outcome and cleanup failures have distinct owners and stop behavior.",CAP-022,"Human approval, authority, and safe external-action boundaries",retain,"Retained as a canonical-model, safety, or execution invariant."
docs/programs/engineering-process-platform/prototype-lesson-dispositions.json:LL-003,docs/programs/engineering-process-platform/prototype-lesson-dispositions.json,LL-003,Only current-run evidence may identify a causal block; uncertainty is explicit.,CAP-019,"Inputs, Outputs, Activity, and Diagnosis per executable block",retain,"Retained as a canonical-model, safety, or execution invariant."
docs/programs/engineering-process-platform/prototype-lesson-dispositions.json:LL-004,docs/programs/engineering-process-platform/prototype-lesson-dispositions.json,LL-004,The product must support a generic typed multimodal request outcome; the exact single-primitive UI is revalidated in its feature spec.,CAP-013,"Structured validation, diagnostics, and compatibility",retain,"Retained as a canonical-model, safety, or execution invariant."
docs/programs/engineering-process-platform/prototype-lesson-dispositions.json:LL-005,docs/programs/engineering-process-platform/prototype-lesson-dispositions.json,LL-005,Presence/type/readability preflight and consuming-task semantic sufficiency remain separate.,CAP-033,"Preflight, argument/result maps, and semantic sufficiency",retain,"Retained as a canonical-model, safety, or execution invariant."
docs/programs/engineering-process-platform/prototype-lesson-dispositions.json:LL-006,docs/programs/engineering-process-platform/prototype-lesson-dispositions.json,LL-006,Exact reviewed tool identity and schema precede AI argument generation.,CAP-033,"Preflight, argument/result maps, and semantic sufficiency",retain,"Retained as a canonical-model, safety, or execution invariant."
docs/programs/engineering-process-platform/prototype-lesson-dispositions.json:LL-007,docs/programs/engineering-process-platform/prototype-lesson-dispositions.json,LL-007,"Every executable step exposes bounded inputs, outputs, provenance, activity and diagnosis.",CAP-020,"Layered failure, needs-input, and bounded recovery",revise,The semantic need is retained while the prior product treatment is replaced by the recovery concept.
docs/programs/engineering-process-platform/prototype-lesson-dispositions.json:LL-008,docs/programs/engineering-process-platform/prototype-lesson-dispositions.json,LL-008,"Validate-only, fixture, unconnected and live modes are explicit in all projections and evidence.",CAP-019,"Inputs, Outputs, Activity, and Diagnosis per executable block",retain,"Retained as a canonical-model, safety, or execution invariant."
docs/programs/engineering-process-platform/prototype-lesson-dispositions.json:LL-009,docs/programs/engineering-process-platform/prototype-lesson-dispositions.json,LL-009,Every non-success result has bounded layer-appropriate recovery or explicit external intervention.,CAP-020,"Layered failure, needs-input, and bounded recovery",revise,The semantic need is retained while the prior product treatment is replaced by the recovery concept.
docs/programs/engineering-process-platform/prototype-lesson-dispositions.json:LL-010,docs/programs/engineering-process-platform/prototype-lesson-dispositions.json,LL-010,UI/code/CLI/headless views project one canonical definition; immutable run records alone own execution state.,CAP-017,"Immutable run, step, activity, and output records",retain,"Retained as a canonical-model, safety, or execution invariant."
docs/programs/engineering-process-platform/prototype-lesson-dispositions.json:LL-011,docs/programs/engineering-process-platform/prototype-lesson-dispositions.json,LL-011,Fast pure/component/contract tests are the default loop and qualified human review remains mandatory for trust/usability claims.,CAP-030,Independent engineering oracles and benchmark qualification,defer,Preserved and dependency-ordered after product/visual parity approval.
docs/programs/engineering-process-platform/prototype-lesson-dispositions.json:LL-012,docs/programs/engineering-process-platform/prototype-lesson-dispositions.json,LL-012,Preflight enforces only explicit canonical or exact-contract requirements with visible provenance.,CAP-021,Truthful execution modes and current-run provenance,retain,"Retained as a canonical-model, safety, or execution invariant."
docs/programs/engineering-process-platform/prototype-lesson-dispositions.json:LL-013,docs/programs/engineering-process-platform/prototype-lesson-dispositions.json,LL-013,A canonical request preserves typed artifacts and compatible typed views; the number and visual form of input blocks remain feature-level UX decisions.,CAP-013,"Structured validation, diagnostics, and compatibility",retain,"Retained as a canonical-model, safety, or execution invariant."
docs/programs/engineering-process-platform/prototype-lesson-dispositions.json:LL-014,docs/programs/engineering-process-platform/prototype-lesson-dispositions.json,LL-014,Model configuration is immutable per run and tool isolation is a separate evidence-backed capability; unsupported selections fail explicitly.,CAP-024,"Security, privacy, resource, and tool-isolation controls",retain,"Retained as a canonical-model, safety, or execution invariant."
docs/programs/engineering-process-platform/prototype-lesson-dispositions.json:LL-015,docs/programs/engineering-process-platform/prototype-lesson-dispositions.json,LL-015,"Long-running steps expose durable activity, elapsed/last activity, partial-output status, cancel, separate deadlines, reconnect and bounded cleanup.",CAP-020,"Layered failure, needs-input, and bounded recovery",revise,The semantic need is retained while the prior product treatment is replaced by the recovery concept.
docs/programs/engineering-process-platform/prototype-lesson-dispositions.json:LL-016,docs/programs/engineering-process-platform/prototype-lesson-dispositions.json,LL-016,Installed server discovery and exact executable tool binding are separate reviewed choices; broad domains never auto-bind.,CAP-005,Exact governed implementation and MCP bindings,retain,"Retained as a canonical-model, safety, or execution invariant."
docs/programs/engineering-process-platform/prototype-lesson-dispositions.json:LL-017,docs/programs/engineering-process-platform/prototype-lesson-dispositions.json,LL-017,Code/text and diagram share one semantic model with stable identities and invalid-edit protection; syntax and Apply interaction require DEC-P0-002.,CAP-013,"Structured validation, diagnostics, and compatibility",retain,"Retained as a canonical-model, safety, or execution invariant."
docs/programs/engineering-process-platform/prototype-lesson-dispositions.json:LL-018,docs/programs/engineering-process-platform/prototype-lesson-dispositions.json,LL-018,"Run state distinguishes registration, connection, first event, first output, terminal outcome and cleanup with typed failures.",CAP-020,"Layered failure, needs-input, and bounded recovery",revise,The semantic need is retained while the prior product treatment is replaced by the recovery concept.
docs/programs/engineering-process-platform/prototype-lesson-dispositions.json:LL-019,docs/programs/engineering-process-platform/prototype-lesson-dispositions.json,LL-019,Consumer tool/schema and required mappings are ready before producer argument generation or invocation.,CAP-033,"Preflight, argument/result maps, and semantic sufficiency",retain,"Retained as a canonical-model, safety, or execution invariant."
docs/programs/engineering-process-platform/prototype-lesson-dispositions.json:LL-020,docs/programs/engineering-process-platform/prototype-lesson-dispositions.json,LL-020,Execution is UI-independent and UI/headless paths require declared equivalence; application-backed work additionally requires authoritative identity/exclusivity and independent engineering oracles.,CAP-030,Independent engineering oracles and benchmark qualification,defer,Preserved and dependency-ordered after product/visual parity approval.
docs/programs/engineering-process-platform/prototype-lesson-dispositions.json:LL-021,docs/programs/engineering-process-platform/prototype-lesson-dispositions.json,LL-021,Use tool-independent semantic artifacts plus deterministic adapters when they improve portability and validation; direct schema-bound values remain permitted when explicitly reviewed.,CAP-005,Exact governed implementation and MCP bindings,retain,"Retained as a canonical-model, safety, or execution invariant."
docs/programs/engineering-process-platform/prototype-lesson-dispositions.json:LL-022,docs/programs/engineering-process-platform/prototype-lesson-dispositions.json,LL-022,"Primary actions describe stable user actions; topology, status and failure details appear in progress/diagnosis.",CAP-020,"Layered failure, needs-input, and bounded recovery",revise,The semantic need is retained while the prior product treatment is replaced by the recovery concept.
docs/programs/engineering-process-platform/prototype-lesson-dispositions.json:LL-023,docs/programs/engineering-process-platform/prototype-lesson-dispositions.json,LL-023,"Engineer-facing results lead with state, consequence, output and recovery while preserving exact technical evidence behind disclosure.",CAP-020,"Layered failure, needs-input, and bounded recovery",revise,The semantic need is retained while the prior product treatment is replaced by the recovery concept.
docs/programs/engineering-process-platform/prototype-lesson-dispositions.json:LL-024,docs/programs/engineering-process-platform/prototype-lesson-dispositions.json,LL-024,"Successful runs expose accurate actionable typed outputs with producer provenance, lifetime, actions and cleanup.",CAP-020,"Layered failure, needs-input, and bounded recovery",revise,The semantic need is retained while the prior product treatment is replaced by the recovery concept.
docs/programs/engineering-process-platform/prototype-lesson-dispositions.json:LL-025,docs/programs/engineering-process-platform/prototype-lesson-dispositions.json,LL-025,"Ports, connections, runtime values/artifacts and reusable component interfaces are distinct canonical concepts; visual notation and composition UX require fresh usability evidence.",CAP-025,"Engineer usability, accessibility, and responsive operation",retain,"Retained as a canonical-model, safety, or execution invariant."
docs/programs/engineering-process-platform/decision-register.json:DEC-P0-001,docs/programs/engineering-process-platform/decision-register.json,DEC-P0-001,Is this program's commercial target a supportable public-alpha evaluation or a production-supported commercial offer?,CAP-031,"Program control, truthful dashboard, packaging, and release train",defer,Preserved and dependency-ordered after product/visual parity approval.
docs/programs/engineering-process-platform/decision-register.json:DEC-P0-002,docs/programs/engineering-process-platform/decision-register.json,DEC-P0-002,What is the production canonical process representation and the validation/apply boundary between text and diagram?,CAP-013,"Structured validation, diagnostics, and compatibility",retain,"Retained as a canonical-model, safety, or execution invariant."
docs/programs/engineering-process-platform/decision-register.json:DEC-P0-003,docs/programs/engineering-process-platform/decision-register.json,DEC-P0-003,"How will application-backed MCP execution enforce authoritative surface identity, exclusivity, liveness and lost-client recovery?",CAP-020,"Layered failure, needs-input, and bounded recovery",revise,The semantic need is retained while the prior product treatment is replaced by the recovery concept.
docs/programs/engineering-process-platform/decision-register.json:DEC-P0-004,docs/programs/engineering-process-platform/decision-register.json,DEC-P0-004,What executor capability and evidence are sufficient to claim hard tool isolation for an AI step?,CAP-024,"Security, privacy, resource, and tool-isolation controls",retain,"Retained as a canonical-model, safety, or execution invariant."
docs/programs/engineering-process-platform/decision-register.json:DEC-P0-005,docs/programs/engineering-process-platform/decision-register.json,DEC-P0-005,"What connection, first-event, first-output, inactivity, total-execution and cleanup deadlines apply by execution profile?",CAP-020,"Layered failure, needs-input, and bounded recovery",revise,The semantic need is retained while the prior product treatment is replaced by the recovery concept.
docs/programs/engineering-process-platform/decision-register.json:DEC-P0-006,docs/programs/engineering-process-platform/decision-register.json,DEC-P0-006,"Who owns output retention, presenter resolution, reauthorization, expiry, cleanup and deletion for each artifact lifetime?",CAP-020,"Layered failure, needs-input, and bounded recovery",revise,The semantic need is retained while the prior product treatment is replaced by the recovery concept.
docs/programs/engineering-process-platform/decision-register.json:DEC-P0-007,docs/programs/engineering-process-platform/decision-register.json,DEC-P0-007,"Who has independent engineering authority to approve each benchmark oracle family, and what disagreement/quarantine policy applies?",CAP-030,Independent engineering oracles and benchmark qualification,defer,Preserved and dependency-ordered after product/visual parity approval.
docs/programs/engineering-process-platform/decision-register.json:DEC-P0-008,docs/programs/engineering-process-platform/decision-register.json,DEC-P0-008,What exact evidence proves UI-started and headless runs are semantically equivalent?,CAP-019,"Inputs, Outputs, Activity, and Diagnosis per executable block",retain,"Retained as a canonical-model, safety, or execution invariant."
docs/programs/engineering-process-platform/decision-register.json:DEC-P0-009,docs/programs/engineering-process-platform/decision-register.json,DEC-P0-009,"Who controls the blind holdout and where do definitions, assets and oracles live beyond development-agent visibility?",CAP-030,Independent engineering oracles and benchmark qualification,defer,Preserved and dependency-ordered after product/visual parity approval.
docs/programs/engineering-process-platform/decision-register.json:DEC-P0-010,docs/programs/engineering-process-platform/decision-register.json,DEC-P0-010,What exact customer/process population and claims must the 100-process sample represent?,CAP-029,Engineering-process outcomes across the customer story catalog,retain,"Retained as a canonical-model, safety, or execution invariant."
docs/programs/engineering-process-platform/decision-register.json:DEC-P0-011,docs/programs/engineering-process-platform/decision-register.json,DEC-P0-011,"What frozen benchmark thresholds, profile mix, repeats and freshness cadence authorize release?",CAP-031,"Program control, truthful dashboard, packaging, and release train",defer,Preserved and dependency-ordered after product/visual parity approval.
docs/programs/engineering-process-platform/decision-register.json:DEC-P0-012,docs/programs/engineering-process-platform/decision-register.json,DEC-P0-012,"Which third-party process definitions, inputs, artifacts, standards and proprietary-host evidence may be stored, redistributed or used commercially?",CAP-031,"Program control, truthful dashboard, packaging, and release train",defer,Preserved and dependency-ordered after product/visual parity approval.
docs/programs/engineering-process-platform/decision-register.json:DEC-P0-013,docs/programs/engineering-process-platform/decision-register.json,DEC-P0-013,How must the v2 validator recognize the authoritative v1 revisions 10 through 19 without weakening the approved closed r1-through-r9 bootstrap profile?,CAP-022,"Human approval, authority, and safe external-action boundaries",retain,"Retained as a canonical-model, safety, or execution invariant."
docs/programs/engineering-process-platform/decision-register.json:DEC-P0-014,docs/programs/engineering-process-platform/decision-register.json,DEC-P0-014,"What exact source/container, per-gate freshness, multi-module generator identity, and descendant delivery-evidence rules eliminate the dashboard provenance loop?",CAP-031,"Program control, truthful dashboard, packaging, and release train",defer,Preserved and dependency-ordered after product/visual parity approval.
docs/programs/engineering-process-platform/decision-register.json:DEC-P0-015,docs/programs/engineering-process-platform/decision-register.json,DEC-P0-015,How will Wright satisfy the required browser-accessible live program-status page without silently expanding EPP-F01's approved 68-task implementation boundary?,CAP-025,"Engineer usability, accessibility, and responsive operation",retain,"Retained as a canonical-model, safety, or execution invariant."
docs/programs/engineering-process-platform/decision-register.json:DEC-P0-016,docs/programs/engineering-process-platform/decision-register.json,DEC-P0-016,May EPP-F01 resolve the stable committed-identity cause only through the exact closed 37-claim append-only correction profile without changing any readiness or release authority?,CAP-031,"Program control, truthful dashboard, packaging, and release train",defer,Preserved and dependency-ordered after product/visual parity approval.
docs/programs/engineering-process-platform/decision-register.json:DEC-P0-017,docs/programs/engineering-process-platform/decision-register.json,DEC-P0-017,May EPP-F01 dispose only the exact TR-0027 /inputs/3 source-versus-container origin defect through a separately approval-bound one-claim profile?,CAP-022,"Human approval, authority, and safe external-action boundaries",retain,"Retained as a canonical-model, safety, or execution invariant."
docs/programs/engineering-process-platform/decision-register.json:DEC-P0-018,docs/programs/engineering-process-platform/decision-register.json,DEC-P0-018,May EPP-F01 dispose only the invalid repair-cause identifier at two exact historical state pointers and the truncated TR-0043 digest at one exact TR-0044 pointer through a closed two-claim append-only profile?,CAP-013,"Structured validation, diagnostics, and compatibility",retain,"Retained as a canonical-model, safety, or execution invariant."
docs/programs/engineering-process-platform/decision-register.json:DEC-P0-019,docs/programs/engineering-process-platform/decision-register.json,DEC-P0-019,"May EPP-F01 disposition exactly the two TR-0047 output-digest claims and TR-0050 event-domain claim, then repair only the final catalog binding and two walkthrough causes under a closed V8 lease?",CAP-015,"Output inspection, lineage, open, download, and lifetime",retain,"Retained as a canonical-model, safety, or execution invariant."
docs/programs/engineering-process-platform/decision-register.json:DEC-P0-020,docs/programs/engineering-process-platform/decision-register.json,DEC-P0-020,May EPP-F01 disposition exactly the immutable V8 discovery schema-reference finding and the immutable TR-0051 complete-set/self-path-order finding under a closed V9 profile?,CAP-005,Exact governed implementation and MCP bindings,retain,"Retained as a canonical-model, safety, or execution invariant."
git:e7bb75c1:specs/076-engineering-workflow-prototype/spec.md:FR-001,git:e7bb75c1:specs/076-engineering-workflow-prototype/spec.md,FR-001,"The prototype MUST be isolated behind a prototype-only route or flag and MUST NOT change the production Rivet editor, its patches, or its persisted project format.",CAP-028,"Persistence, migration, offline, rollback, and lifecycle support",defer,Preserved and dependency-ordered after product/visual parity approval.
git:e7bb75c1:specs/076-engineering-workflow-prototype/spec.md:FR-002,git:e7bb75c1:specs/076-engineering-workflow-prototype/spec.md,FR-002,"The prototype MUST define a versioned, typed Wright workflow specification that is independent of every candidate canvas library and of Rivet.",CAP-009,Canvas readability and renderer-neutral projection,revise,The semantic need is retained while the prior product treatment is replaced by the recovery concept.
git:e7bb75c1:specs/076-engineering-workflow-prototype/spec.md:FR-003,git:e7bb75c1:specs/076-engineering-workflow-prototype/spec.md,FR-003,"The workflow specification MUST represent configurable phase lanes, blocks, typed ports, connections, gates, feedback paths, artifacts, human review points, and presentation metadata.",CAP-010,"Direct manipulation, command batches, undo, and redo",revise,The semantic need is retained while the prior product treatment is replaced by the recovery concept.
git:e7bb75c1:specs/076-engineering-workflow-prototype/spec.md:FR-004,git:e7bb75c1:specs/076-engineering-workflow-prototype/spec.md,FR-004,"Block roles MAY describe interaction semantics such as input, transformation, MCP action, decision, artifact, approval, and notification, but MUST NOT select a domain-specific executor.",CAP-022,"Human approval, authority, and safe external-action boundaries",retain,"Retained as a canonical-model, safety, or execution invariant."
git:e7bb75c1:specs/076-engineering-workflow-prototype/spec.md:FR-005,git:e7bb75c1:specs/076-engineering-workflow-prototype/spec.md,FR-005,"Phase names and presentation aliases MUST be data, so Define, Verify, and Manufacture can be retained for the reference scenario and replaced for other processes without code changes.",CAP-008,"Lossless Diagram, Code, and Split projections",revise,The semantic need is retained while the prior product treatment is replaced by the recovery concept.
git:e7bb75c1:specs/076-engineering-workflow-prototype/spec.md:FR-006,git:e7bb75c1:specs/076-engineering-workflow-prototype/spec.md,FR-006,The prototype MUST use a single generic MCP binding and execution path for every MCP tool.,CAP-005,Exact governed implementation and MCP bindings,retain,"Retained as a canonical-model, safety, or execution invariant."
git:e7bb75c1:specs/076-engineering-workflow-prototype/spec.md:FR-007,git:e7bb75c1:specs/076-engineering-workflow-prototype/spec.md,FR-007,"A saved MCP binding MUST include exact server identity, tool identity, reviewed declaration or revision identity, input schema identity, and risk/approval evidence needed by the existing gateway.",CAP-022,"Human approval, authority, and safe external-action boundaries",retain,"Retained as a canonical-model, safety, or execution invariant."
git:e7bb75c1:specs/076-engineering-workflow-prototype/spec.md:FR-008,git:e7bb75c1:specs/076-engineering-workflow-prototype/spec.md,FR-008,"MCP block ports and configuration controls MUST be derived from the selected tool schema, with explicit handling for unsupported schema constructs.",CAP-005,Exact governed implementation and MCP bindings,retain,"Retained as a canonical-model, safety, or execution invariant."
git:e7bb75c1:specs/076-engineering-workflow-prototype/spec.md:FR-009,git:e7bb75c1:specs/076-engineering-workflow-prototype/spec.md,FR-009,All MCP discovery and calls MUST use Wright's existing provider-neutral catalog and governed gateway; the prototype MUST NOT call domain applications directly.,CAP-005,Exact governed implementation and MCP bindings,retain,"Retained as a canonical-model, safety, or execution invariant."
git:e7bb75c1:specs/076-engineering-workflow-prototype/spec.md:FR-010,git:e7bb75c1:specs/076-engineering-workflow-prototype/spec.md,FR-010,"CAD, FEA, fabrication, and supplier actions MUST exist only as reference labels, sample tool declarations, and deterministic fixtures. No domain-specific service, executor, or node implementation may be introduced.",CAP-021,Truthful execution modes and current-run provenance,retain,"Retained as a canonical-model, safety, or execution invariant."
git:e7bb75c1:specs/076-engineering-workflow-prototype/spec.md:FR-011,git:e7bb75c1:specs/076-engineering-workflow-prototype/spec.md,FR-011,"LLM authoring MUST target validated workflow commands or the typed workflow specification and MUST NOT emit candidate-library state, raw Rivet projects, or executable MCP calls.",CAP-016,Reviewed AI proposals and semantic diff,revise,The semantic need is retained while the prior product treatment is replaced by the recovery concept.
git:e7bb75c1:specs/076-engineering-workflow-prototype/spec.md:FR-012,git:e7bb75c1:specs/076-engineering-workflow-prototype/spec.md,FR-012,"Each LLM-proposed change MUST be previewable as a semantic diff, explicitly accepted or rejected, atomic, and reversible.",CAP-014,"Input attachment, preview, replacement, and provenance",retain,"Retained as a canonical-model, safety, or execution invariant."
git:e7bb75c1:specs/076-engineering-workflow-prototype/spec.md:FR-013,git:e7bb75c1:specs/076-engineering-workflow-prototype/spec.md,FR-013,The prototype MUST provide deterministic LLM responses and an in-process or local deterministic MCP fixture for routine testing.,CAP-021,Truthful execution modes and current-run provenance,retain,"Retained as a canonical-model, safety, or execution invariant."
git:e7bb75c1:specs/076-engineering-workflow-prototype/spec.md:FR-014,git:e7bb75c1:specs/076-engineering-workflow-prototype/spec.md,FR-014,"At least two and no more than three MIT-licensed graph candidates MUST be tested with the same fixture, required behaviors, and scoring rubric.",CAP-021,Truthful execution modes and current-run provenance,retain,"Retained as a canonical-model, safety, or execution invariant."
git:e7bb75c1:specs/076-engineering-workflow-prototype/spec.md:FR-015,git:e7bb75c1:specs/076-engineering-workflow-prototype/spec.md,FR-015,"The candidate bakeoff MUST assess phase rendering, custom blocks, ports, loops, selection, keyboard access, layout control, serialization separation, React integration, performance, package health, and testability.",CAP-031,"Program control, truthful dashboard, packaging, and release train",defer,Preserved and dependency-ordered after product/visual parity approval.
git:e7bb75c1:specs/076-engineering-workflow-prototype/spec.md:FR-016,git:e7bb75c1:specs/076-engineering-workflow-prototype/spec.md,FR-016,"The branch MUST deliver independently demonstrable checkpoints for baseline/postmortem, early visual contract, library bakeoff, selected canvas integration, editing, generic MCP call, LLM authoring, integrated scenario, and final decision.",CAP-016,Reviewed AI proposals and semantic diff,revise,The semantic need is retained while the prior product treatment is replaced by the recovery concept.
git:e7bb75c1:specs/076-engineering-workflow-prototype/spec.md:FR-017,git:e7bb75c1:specs/076-engineering-workflow-prototype/spec.md,FR-017,"Each checkpoint MUST state its hypothesis, bounded scope, demonstration, automated verification, measurements, decision, and retained learning.",CAP-004,"Data, control, decision, gate, and feedback relationships",retain,"Retained as a canonical-model, safety, or execution invariant."
git:e7bb75c1:specs/076-engineering-workflow-prototype/spec.md:FR-018,git:e7bb75c1:specs/076-engineering-workflow-prototype/spec.md,FR-018,"Prototype persistence MUST be local, explicitly disposable, and require no production schema migration.",CAP-005,Exact governed implementation and MCP bindings,retain,"Retained as a canonical-model, safety, or execution invariant."
git:e7bb75c1:specs/076-engineering-workflow-prototype/spec.md:FR-019,git:e7bb75c1:specs/076-engineering-workflow-prototype/spec.md,FR-019,"The UI MUST expose purpose and engineering artifacts first while retaining exact MCP binding, schema, execution, and evidence details in an inspectable secondary view.",CAP-019,"Inputs, Outputs, Activity, and Diagnosis per executable block",retain,"Retained as a canonical-model, safety, or execution invariant."
git:e7bb75c1:specs/076-engineering-workflow-prototype/spec.md:FR-020,git:e7bb75c1:specs/076-engineering-workflow-prototype/spec.md,FR-020,"The prototype MUST preserve Wright's workspace scope, approvals, audit correlation, redaction, cancellation, and artifact evidence when it invokes MCP.",CAP-022,"Human approval, authority, and safe external-action boundaries",retain,"Retained as a canonical-model, safety, or execution invariant."
git:e7bb75c1:specs/076-engineering-workflow-prototype/spec.md:FR-021,git:e7bb75c1:specs/076-engineering-workflow-prototype/spec.md,FR-021,The default development loop MUST use pure model tests and component tests; browser automation MUST be limited to focused checkpoint journeys and the repository gate.,CAP-031,"Program control, truthful dashboard, packaging, and release train",defer,Preserved and dependency-ordered after product/visual parity approval.
git:e7bb75c1:specs/076-engineering-workflow-prototype/spec.md:FR-022,git:e7bb75c1:specs/076-engineering-workflow-prototype/spec.md,FR-022,"The branch MUST include a postmortem of the current Rivet integration and test process that identifies what to retain, change, retire, and measure, supported by observed timings and failure modes.",CAP-020,"Layered failure, needs-input, and bounded recovery",revise,The semantic need is retained while the prior product treatment is replaced by the recovery concept.
git:e7bb75c1:specs/076-engineering-workflow-prototype/spec.md:FR-023,git:e7bb75c1:specs/076-engineering-workflow-prototype/spec.md,FR-023,"The final evidence MUST recommend retain, hybrid, replace, or stop and MUST separate the canvas-library decision from the generic MCP and workflow-specification decisions.",CAP-019,"Inputs, Outputs, Activity, and Diagnosis per executable block",retain,"Retained as a canonical-model, safety, or execution invariant."
git:e7bb75c1:specs/076-engineering-workflow-prototype/spec.md:FR-024,git:e7bb75c1:specs/076-engineering-workflow-prototype/spec.md,FR-024,"Prototype implementation MUST stop for human review after every major checkpoint, in accordance with the project constitution.",CAP-029,Engineering-process outcomes across the customer story catalog,retain,"Retained as a canonical-model, safety, or execution invariant."
git:e7bb75c1:specs/076-engineering-workflow-prototype/spec.md:FR-025,git:e7bb75c1:specs/076-engineering-workflow-prototype/spec.md,FR-025,"Before any graph-library dependency is installed, the prototype MUST provide a feature-flagged, read-only visual contract that is materially faithful to the generated reference image and driven by a typed fixture.",CAP-021,Truthful execution modes and current-run provenance,retain,"Retained as a canonical-model, safety, or execution invariant."
git:e7bb75c1:specs/076-engineering-workflow-prototype/spec.md:FR-026,git:e7bb75c1:specs/076-engineering-workflow-prototype/spec.md,FR-026,"Engineering capability discovery MUST support pinned/recent items, search, and filterable categories so CAD, FEA, CAM, CFD, PLM/PDM, kinematics, and organization-defined capabilities do not become one long fixed palette.",CAP-011,Searchable engineering capability palette,retain,"Retained as a canonical-model, safety, or execution invariant."
git:e7bb75c1:specs/076-engineering-workflow-prototype/spec.md:FR-027,git:e7bb75c1:specs/076-engineering-workflow-prototype/spec.md,FR-027,Capability categories and templates MUST be presentation and discovery metadata only. Adding an executable capability MUST create the same generic MCP action role and require a reviewed exact catalog binding.,CAP-005,Exact governed implementation and MCP bindings,retain,"Retained as a canonical-model, safety, or execution invariant."
git:e7bb75c1:specs/076-engineering-workflow-prototype/spec.md:FR-028,git:e7bb75c1:specs/076-engineering-workflow-prototype/spec.md,FR-028,"A capability template MUST expose an engineer-readable purpose, expected inputs, and expected outputs before tool binding. Any displayed catalog matches MUST be clearly identified as fixture or live data.",CAP-025,"Engineer usability, accessibility, and responsive operation",retain,"Retained as a canonical-model, safety, or execution invariant."
git:e7bb75c1:specs/076-engineering-workflow-prototype/spec.md:FR-029,git:e7bb75c1:specs/076-engineering-workflow-prototype/spec.md,FR-029,"A reference-image input MUST accept one or more arbitrary image files without presenting domain-, product-, or test-specific image choices. Prototype uploads MAY remain explicitly session-only.",CAP-003,Typed ports and artifact contracts,retain,"Retained as a canonical-model, safety, or execution invariant."
git:e7bb75c1:specs/076-engineering-workflow-prototype/spec.md:FR-030,git:e7bb75c1:specs/076-engineering-workflow-prototype/spec.md,FR-030,A design or textual input MUST support both a direct prompt and attached readable documents for long or reusable content. Reusable sources SHOULD be selectable through a generic workspace or template boundary rather than encoded as block-specific file-format logic.,CAP-014,"Input attachment, preview, replacement, and provenance",retain,"Retained as a canonical-model, safety, or execution invariant."
git:e7bb75c1:specs/076-engineering-workflow-prototype/spec.md:FR-031,git:e7bb75c1:specs/076-engineering-workflow-prototype/spec.md,FR-031,"A knowledge-lookup input MUST let the user describe what information is needed and choose generic governed source scopes. The UI MUST NOT expose RAG, a search provider, an engineering domain, or a source label as runtime dispatch logic, and future retrieved context MUST be reviewable with source citations and retrieval evidence.",CAP-019,"Inputs, Outputs, Activity, and Diagnosis per executable block",retain,"Retained as a canonical-model, safety, or execution invariant."
git:e7bb75c1:specs/076-engineering-workflow-prototype/spec.md:FR-032,git:e7bb75c1:specs/076-engineering-workflow-prototype/spec.md,FR-032,"The prototype MUST support a generic multimodal Prompt / Request contract containing instructions, typed image/file/artifact references, and configurable runtime requirements without introducing request classes for individual engineering or business domains.",CAP-003,Typed ports and artifact contracts,retain,"Retained as a canonical-model, safety, or execution invariant."
git:e7bb75c1:specs/076-engineering-workflow-prototype/spec.md:FR-033,git:e7bb75c1:specs/076-engineering-workflow-prototype/spec.md,FR-033,"Validation and execution status MUST distinguish workflow definition errors, runtime preflight blocks, semantic `needs-input` results, tool-call validation errors, executor failures, and unacceptable outcomes. A stopped or failed block MUST visibly block its unexecuted dependents.",CAP-020,"Layered failure, needs-input, and bounded recovery",revise,The semantic need is retained while the prior product treatment is replaced by the recovery concept.
git:e7bb75c1:specs/076-engineering-workflow-prototype/spec.md:FR-034,git:e7bb75c1:specs/076-engineering-workflow-prototype/spec.md,FR-034,"User-supplied runtime data MUST NOT be paired with a predetermined semantic result. Fixture runs MUST use controlled fixture inputs, be unmistakably identified as fixtures, and remain distinguishable from validate-only, unconnected, and live runs in the UI and evidence.",CAP-019,"Inputs, Outputs, Activity, and Diagnosis per executable block",retain,"Retained as a canonical-model, safety, or execution invariant."
git:e7bb75c1:specs/076-engineering-workflow-prototype/spec.md:FR-035,git:e7bb75c1:specs/076-engineering-workflow-prototype/spec.md,FR-035,"Diagnostics and canvas cause highlighting MUST derive only from findings and evidence produced by the current run. A block MUST NOT be identified as a possible cause solely because of its position, role, or presence in a scenario fixture.",CAP-020,"Layered failure, needs-input, and bounded recovery",revise,The semantic need is retained while the prior product treatment is replaced by the recovery concept.
git:e7bb75c1:specs/076-engineering-workflow-prototype/spec.md:FR-036,git:e7bb75c1:specs/076-engineering-workflow-prototype/spec.md,FR-036,"Every completed executable block MUST expose reviewable inputs, structured or artifact-backed output, executor provenance, activity status, and diagnosis details. Valid empty, redacted, and truncated results MUST be explicit rather than appearing as missing evidence.",CAP-020,"Layered failure, needs-input, and bounded recovery",revise,The semantic need is retained while the prior product treatment is replaced by the recovery concept.
git:e7bb75c1:specs/076-engineering-workflow-prototype/spec.md:FR-037,git:e7bb75c1:specs/076-engineering-workflow-prototype/spec.md,FR-037,"An AI task MUST be able to return a schema-validated `needs-input` result containing unresolved values, examined evidence, assumptions, and user-facing questions. A `needs-input` result MUST prevent downstream MCP invocation.",CAP-020,"Layered failure, needs-input, and bounded recovery",revise,The semantic need is retained while the prior product treatment is replaced by the recovery concept.
git:e7bb75c1:specs/076-engineering-workflow-prototype/spec.md:FR-038,git:e7bb75c1:specs/076-engineering-workflow-prototype/spec.md,FR-038,"An AI task that prepares an MCP call MUST receive the exact reviewed server/tool declaration and input schema before generation. No capability category, presentation alias, or domain label may substitute for an exact generic MCP binding.",CAP-005,Exact governed implementation and MCP bindings,retain,"Retained as a canonical-model, safety, or execution invariant."
git:e7bb75c1:specs/076-engineering-workflow-prototype/spec.md:FR-039,git:e7bb75c1:specs/076-engineering-workflow-prototype/spec.md,FR-039,Each run record MUST identify its execution mode and preserve immutable per-step results so reruns can be compared without overwriting the evidence that caused an earlier stop or failure.,CAP-020,"Layered failure, needs-input, and bounded recovery",revise,The semantic need is retained while the prior product treatment is replaced by the recovery concept.
git:e7bb75c1:specs/076-engineering-workflow-prototype/spec.md:FR-040,git:e7bb75c1:specs/076-engineering-workflow-prototype/spec.md,FR-040,Every human prototype checkpoint MUST update or explicitly confirm the living lessons-learned evidence record. The final architecture decision MUST disposition every recorded candidate rule and open P0/P1 debt item rather than relying on conversation history or passing tests.,CAP-019,"Inputs, Outputs, Activity, and Diagnosis per executable block",retain,"Retained as a canonical-model, safety, or execution invariant."
git:e7bb75c1:specs/076-engineering-workflow-prototype/spec.md:FR-041,git:e7bb75c1:specs/076-engineering-workflow-prototype/spec.md,FR-041,Runtime preflight MUST enforce only explicit canonical requirements with inspectable provenance. The UI MUST expose each required input and its source before Run. A phrase or implication in free-form prompt text MUST NOT silently become a preflight rule; semantic interpretation may instead return a reviewable `needs-input` result or propose an authoring change for user acceptance.,CAP-020,"Layered failure, needs-input, and bounded recovery",revise,The semantic need is retained while the prior product treatment is replaced by the recovery concept.
git:e7bb75c1:specs/076-engineering-workflow-prototype/spec.md:SC-001,git:e7bb75c1:specs/076-engineering-workflow-prototype/spec.md,SC-001,"At least 80% of representative evaluation sessions correctly identify the main path, verification gate, feedback loop, released artifact, and human approval without assistance.",CAP-031,"Program control, truthful dashboard, packaging, and release train",defer,Preserved and dependency-ordered after product/visual parity approval.
git:e7bb75c1:specs/076-engineering-workflow-prototype/spec.md:SC-002,git:e7bb75c1:specs/076-engineering-workflow-prototype/spec.md,SC-002,The median time to answer the reference-workflow comprehension questions is at least 30% lower than the same exercise in the current Rivet baseline.,CAP-025,"Engineer usability, accessibility, and responsive operation",retain,"Retained as a canonical-model, safety, or execution invariant."
git:e7bb75c1:specs/076-engineering-workflow-prototype/spec.md:SC-003,git:e7bb75c1:specs/076-engineering-workflow-prototype/spec.md,SC-003,Three tools with materially different input schemas bind and run through one MCP block type and one gateway adapter with no domain-specific execution code.,CAP-005,Exact governed implementation and MCP bindings,retain,"Retained as a canonical-model, safety, or execution invariant."
git:e7bb75c1:specs/076-engineering-workflow-prototype/spec.md:SC-004,git:e7bb75c1:specs/076-engineering-workflow-prototype/spec.md,SC-004,At least 90% of a minimum 20 deterministic LLM authoring cases produce a valid proposed command set on the first response; 100% of invalid responses are rejected without modifying workflow state.,CAP-016,Reviewed AI proposals and semantic diff,revise,The semantic need is retained while the prior product treatment is replaced by the recovery concept.
git:e7bb75c1:specs/076-engineering-workflow-prototype/spec.md:SC-005,git:e7bb75c1:specs/076-engineering-workflow-prototype/spec.md,SC-005,"Pure workflow-model tests complete in 5 seconds or less, component feedback completes in 30 seconds or less, and the focused MCP/LLM contract suite completes in 2 minutes or less on the reference workstation.",CAP-016,Reviewed AI proposals and semantic diff,revise,The semantic need is retained while the prior product treatment is replaced by the recovery concept.
git:e7bb75c1:specs/076-engineering-workflow-prototype/spec.md:SC-006,git:e7bb75c1:specs/076-engineering-workflow-prototype/spec.md,SC-006,"No checkpoint requires more than three focused Chromium journeys, and ordinary implementation edits require no browser automation.",CAP-023,"Headless, CLI, UI, and host-adapter equivalence",retain,"Retained as a canonical-model, safety, or execution invariant."
git:e7bb75c1:specs/076-engineering-workflow-prototype/spec.md:SC-007,git:e7bb75c1:specs/076-engineering-workflow-prototype/spec.md,SC-007,Every planned checkpoint is independently demonstrable and has a recorded go/change/stop decision before the next checkpoint begins.,CAP-004,"Data, control, decision, gate, and feedback relationships",retain,"Retained as a canonical-model, safety, or execution invariant."
git:e7bb75c1:specs/076-engineering-workflow-prototype/spec.md:SC-008,git:e7bb75c1:specs/076-engineering-workflow-prototype/spec.md,SC-008,"The prototype adds zero Rivet patches, zero production database migrations, and zero domain-specific MCP service or executor classes.",CAP-005,Exact governed implementation and MCP bindings,retain,"Retained as a canonical-model, safety, or execution invariant."
git:e7bb75c1:specs/076-engineering-workflow-prototype/spec.md:SC-009,git:e7bb75c1:specs/076-engineering-workflow-prototype/spec.md,SC-009,"The final decision record scores every candidate with the same rubric and provides an evidence-backed retain, hybrid, replace, or stop recommendation.",CAP-019,"Inputs, Outputs, Activity, and Diagnosis per executable block",retain,"Retained as a canonical-model, safety, or execution invariant."
git:e7bb75c1:specs/076-engineering-workflow-prototype/spec.md:SC-010,git:e7bb75c1:specs/076-engineering-workflow-prototype/spec.md,SC-010,"A representative user can find each of CAD, FEA, CAM, CFD, PLM, and kinematics using the compact palette plus capability library without scanning a complete flat list, and can distinguish the friendly template from the exact MCP tool binding.",CAP-005,Exact governed implementation and MCP bindings,retain,"Retained as a canonical-model, safety, or execution invariant."
git:e7bb75c1:specs/076-engineering-workflow-prototype/spec.md:SC-011,git:e7bb75c1:specs/076-engineering-workflow-prototype/spec.md,SC-011,"In all deterministic evaluation cases, 100% of fixture, validate-only, unconnected, and live-mode projections identify their mode, and no user-supplied input displays a predetermined fixture-specific finding.",CAP-021,Truthful execution modes and current-run provenance,retain,"Retained as a canonical-model, safety, or execution invariant."
git:e7bb75c1:specs/076-engineering-workflow-prototype/spec.md:SC-012,git:e7bb75c1:specs/076-engineering-workflow-prototype/spec.md,SC-012,"Every modeled non-success layer selects the detecting block, distinguishes work that ran from work that was blocked, exposes supporting evidence or explicit uncertainty, and provides at least one valid recovery action or a clear statement that intervention outside Wright is required.",CAP-020,"Layered failure, needs-input, and bounded recovery",revise,The semantic need is retained while the prior product treatment is replaced by the recovery concept.
git:e7bb75c1:specs/076-engineering-workflow-prototype/spec.md:SC-013,git:e7bb75c1:specs/076-engineering-workflow-prototype/spec.md,SC-013,"In 100% of preflight evaluation cases, every enforced input requirement is visible before Run with its provenance. A prompt that merely mentions an absent attachment passes Step 1 unless an explicit canonical requirement independently requires that attachment.",CAP-021,Truthful execution modes and current-run provenance,retain,"Retained as a canonical-model, safety, or execution invariant."
specs/054-rivet-workflow-integration/spec.md:FR-001,specs/054-rivet-workflow-integration/spec.md,FR-001,"Wright MUST treat workflow definitions, dataset sidecars, and user-owned workflow assets as workspace-owned files rather than browser-profile or global application state.",CAP-023,"Headless, CLI, UI, and host-adapter equivalence",retain,"Retained as a canonical-model, safety, or execution invariant."
specs/054-rivet-workflow-integration/spec.md:FR-002,specs/054-rivet-workflow-integration/spec.md,FR-002,"Wright MUST prevent a workflow editor or runner bound to one workspace from reading, listing, writing, executing, or restoring content belonging to another workspace.",CAP-028,"Persistence, migration, offline, rollback, and lifecycle support",defer,Preserved and dependency-ordered after product/visual parity approval.
specs/054-rivet-workflow-integration/spec.md:FR-003,specs/054-rivet-workflow-integration/spec.md,FR-003,"Wright MUST provide deterministic locations for authored workflow content, generated run artifacts, and private editor/runtime metadata, with each class documented separately.",CAP-032,"Model configuration, deterministic/AI execution, and exact identity",retain,"Retained as a canonical-model, safety, or execution invariant."
specs/054-rivet-workflow-integration/spec.md:FR-004,specs/054-rivet-workflow-integration/spec.md,FR-004,Wright MUST save workflow files atomically and detect conflicting or stale revisions before overwriting a newer save.,CAP-001,Canonical definition and immutable revision authority,retain,"Retained as a canonical-model, safety, or execution invariant."
specs/054-rivet-workflow-integration/spec.md:FR-005,specs/054-rivet-workflow-integration/spec.md,FR-005,"Engineers MUST be able to create, open, save, save as, autosave, recover, rename, and delete workflows within the active workspace subject to existing Wright permissions.",CAP-015,"Output inspection, lineage, open, download, and lifetime",retain,"Retained as a canonical-model, safety, or execution invariant."
specs/054-rivet-workflow-integration/spec.md:FR-006,specs/054-rivet-workflow-integration/spec.md,FR-006,"Wright MUST restore durable workflow intent after restart without restoring stale process identifiers, ports, sockets, presentation credentials, approval grants, or bearer tokens.",CAP-022,"Human approval, authority, and safe external-action boundaries",retain,"Retained as a canonical-model, safety, or execution invariant."
specs/054-rivet-workflow-integration/spec.md:FR-007,specs/054-rivet-workflow-integration/spec.md,FR-007,"Wright MUST keep secrets and reusable credentials out of workflow definitions, datasets, editor state, recordings, URLs, logs, and generated artifacts.",CAP-024,"Security, privacy, resource, and tool-isolation controls",retain,"Retained as a canonical-model, safety, or execution invariant."
specs/054-rivet-workflow-integration/spec.md:FR-008,specs/054-rivet-workflow-integration/spec.md,FR-008,"Wright MUST expose the visual workflow editor as an isolated workspace surface that participates in existing tab, focus, resize, retention, accessibility, diagnostics, and close/stop semantics.",CAP-025,"Engineer usability, accessibility, and responsive operation",retain,"Retained as a canonical-model, safety, or execution invariant."
specs/054-rivet-workflow-integration/spec.md:FR-009,specs/054-rivet-workflow-integration/spec.md,FR-009,Wright MUST preserve unsaved editor state while the workflow surface remains retained and MUST warn or recover before an unsaved surface is evicted or stopped.,CAP-029,Engineering-process outcomes across the customer story catalog,retain,"Retained as a canonical-model, safety, or execution invariant."
specs/054-rivet-workflow-integration/spec.md:FR-010,specs/054-rivet-workflow-integration/spec.md,FR-010,"Wright MUST provide an actionable degraded experience when the editor or runner is unavailable, without breaking chat, files, existing surfaces, or non-Rivet execution.",CAP-029,Engineering-process outcomes across the customer story catalog,retain,"Retained as a canonical-model, safety, or execution invariant."
specs/054-rivet-workflow-integration/spec.md:FR-011,specs/054-rivet-workflow-integration/spec.md,FR-011,"Wright MUST run saved workflows through an execution boundary explicitly bound to the authenticated principal, workspace, session, workflow revision, and runtime generation.",CAP-028,"Persistence, migration, offline, rollback, and lifecycle support",defer,Preserved and dependency-ordered after product/visual parity approval.
specs/054-rivet-workflow-integration/spec.md:FR-012,specs/054-rivet-workflow-integration/spec.md,FR-012,"Wright MUST support bounded workflow start, progress, pause/approval wait, cancellation, completion, failure, restart recovery, and cleanup outcomes.",CAP-022,"Human approval, authority, and safe external-action boundaries",retain,"Retained as a canonical-model, safety, or execution invariant."
specs/054-rivet-workflow-integration/spec.md:FR-013,specs/054-rivet-workflow-integration/spec.md,FR-013,Every engineering tool request initiated by a workflow MUST pass through Wright's provider-neutral gateway and server-side policy; client annotations and Rivet configuration MUST NOT authorize a call.,CAP-005,Exact governed implementation and MCP bindings,retain,"Retained as a canonical-model, safety, or execution invariant."
specs/054-rivet-workflow-integration/spec.md:FR-014,specs/054-rivet-workflow-integration/spec.md,FR-014,"Mutating or high-risk workflow operations MUST use Wright's existing approval and revocation semantics with exact run, node, tool, user, workspace, and session scope.",CAP-022,"Human approval, authority, and safe external-action boundaries",retain,"Retained as a canonical-model, safety, or execution invariant."
specs/054-rivet-workflow-integration/spec.md:FR-015,specs/054-rivet-workflow-integration/spec.md,FR-015,"Workflow outputs MUST be published through Wright's artifact and surface contracts with provenance linking the workflow revision, run, inputs, effective constraints, tools, approvals, and trace.",CAP-022,"Human approval, authority, and safe external-action boundaries",retain,"Retained as a canonical-model, safety, or execution invariant."
specs/054-rivet-workflow-integration/spec.md:FR-016,specs/054-rivet-workflow-integration/spec.md,FR-016,"Administrators MUST be able to restrict or disable executable code, arbitrary network calls, direct MCP servers, unreviewed plugins, filesystem access, graph upload, and agent publication independently.",CAP-005,Exact governed implementation and MCP bindings,retain,"Retained as a canonical-model, safety, or execution invariant."
specs/054-rivet-workflow-integration/spec.md:FR-017,specs/054-rivet-workflow-integration/spec.md,FR-017,"The integration MUST support a fully offline installation and execution path for pinned, prepackaged editor, runner, adapters, and approved plugins.",CAP-031,"Program control, truthful dashboard, packaging, and release train",defer,Preserved and dependency-ordered after product/visual parity approval.
specs/054-rivet-workflow-integration/spec.md:FR-018,specs/054-rivet-workflow-integration/spec.md,FR-018,Rivet and Node dependencies MUST remain optional for Wright deployments that do not enable visual workflows.,CAP-009,Canvas readability and renderer-neutral projection,revise,The semantic need is retained while the prior product treatment is replaced by the recovery concept.
specs/054-rivet-workflow-integration/spec.md:FR-019,specs/054-rivet-workflow-integration/spec.md,FR-019,"Production artifacts MUST run without a Wright or Rivet source checkout and MUST declare pinned versions, licenses, checksums, dependency inventory, and supported-platform evidence.",CAP-019,"Inputs, Outputs, Activity, and Diagnosis per executable block",retain,"Retained as a canonical-model, safety, or execution invariant."
specs/054-rivet-workflow-integration/spec.md:FR-020,specs/054-rivet-workflow-integration/spec.md,FR-020,"Wright MUST identify workflow and schema versions, reject unsupported future formats safely, and provide explicit migration and rollback behavior for supported older formats.",CAP-005,Exact governed implementation and MCP bindings,retain,"Retained as a canonical-model, safety, or execution invariant."
specs/054-rivet-workflow-integration/spec.md:FR-021,specs/054-rivet-workflow-integration/spec.md,FR-021,"Wright MUST record structured, redacted diagnostics and traces for workflow storage, editor lifecycle, execution, tool calls, approvals, artifacts, and cleanup.",CAP-022,"Human approval, authority, and safe external-action boundaries",retain,"Retained as a canonical-model, safety, or execution invariant."
specs/054-rivet-workflow-integration/spec.md:FR-022,specs/054-rivet-workflow-integration/spec.md,FR-022,Engineers MUST be able to run a reviewed workflow from a lightweight Wright workflow view without loading the full visual editor.,CAP-009,Canvas readability and renderer-neutral projection,revise,The semantic need is retained while the prior product treatment is replaced by the recovery concept.
specs/054-rivet-workflow-integration/spec.md:FR-023,specs/054-rivet-workflow-integration/spec.md,FR-023,"Wright MAY expose explicitly published workflows to agents only through typed, workspace-bound contracts with the same authorization and audit behavior as interactive runs.",CAP-028,"Persistence, migration, offline, rollback, and lifecycle support",defer,Preserved and dependency-ordered after product/visual parity approval.
specs/054-rivet-workflow-integration/spec.md:FR-024,specs/054-rivet-workflow-integration/spec.md,FR-024,"The program MUST be delivered as independently testable slices; every implementation slice MUST have its own Spec Kit feature branch, feature directory, specification, checklist, research, plan, data model where applicable, contracts where applicable, quickstart, tasks, analysis, implementation evidence, and human planning approval.",CAP-022,"Human approval, authority, and safe external-action boundaries",retain,"Retained as a canonical-model, safety, or execution invariant."
specs/054-rivet-workflow-integration/spec.md:FR-025,specs/054-rivet-workflow-integration/spec.md,FR-025,Slice branches MUST target the umbrella integration branch until the integrated program passes its merge gates; numeric Spec Kit prefixes MUST be assigned when a slice starts rather than reserved in advance.,CAP-004,"Data, control, decision, gate, and feedback relationships",retain,"Retained as a canonical-model, safety, or execution invariant."
specs/054-rivet-workflow-integration/spec.md:FR-026,specs/054-rivet-workflow-integration/spec.md,FR-026,"Each slice MUST define prerequisites, scope exclusions, feature flags or absence behavior, migration impact, rollback, targeted tests, packaging impact, and merge evidence so later slices are not required for correctness.",CAP-031,"Program control, truthful dashboard, packaging, and release train",defer,Preserved and dependency-ordered after product/visual parity approval.
specs/054-rivet-workflow-integration/spec.md:FR-027,specs/054-rivet-workflow-integration/spec.md,FR-027,The umbrella branch MUST contain coordination documents only until a slice is approved and merged; implementation code MUST NOT be developed directly on the umbrella branch.,CAP-022,"Human approval, authority, and safe external-action boundaries",retain,"Retained as a canonical-model, safety, or execution invariant."
specs/054-rivet-workflow-integration/spec.md:FR-028,specs/054-rivet-workflow-integration/spec.md,FR-028,"Before the umbrella branch is merged to `dev`, the complete integration MUST pass the authoritative `scripts/check-dev-merge.sh` gate or document a specific local-host limitation as required by repository policy.",CAP-031,"Program control, truthful dashboard, packaging, and release train",defer,Preserved and dependency-ordered after product/visual parity approval.
specs/054-rivet-workflow-integration/spec.md:SC-001,specs/054-rivet-workflow-integration/spec.md,SC-001,"In 100 cross-workspace save, restore, and run trials, zero workflow definitions, datasets, editor state, tools, approvals, or artifacts are visible or usable outside their bound workspace.",CAP-022,"Human approval, authority, and safe external-action boundaries",retain,"Retained as a canonical-model, safety, or execution invariant."
specs/054-rivet-workflow-integration/spec.md:SC-002,specs/054-rivet-workflow-integration/spec.md,SC-002,A saved workflow and its dataset survive Wright restart and can be reopened without a source checkout in 100% of supported-platform acceptance runs.,CAP-015,"Output inspection, lineage, open, download, and lifetime",retain,"Retained as a canonical-model, safety, or execution invariant."
specs/054-rivet-workflow-integration/spec.md:SC-003,specs/054-rivet-workflow-integration/spec.md,SC-003,A retained editor preserves an unsaved change across 100 consecutive switches among chat and workspace surfaces with zero unintended reloads.,CAP-028,"Persistence, migration, offline, rollback, and lifecycle support",defer,Preserved and dependency-ordered after product/visual parity approval.
specs/054-rivet-workflow-integration/spec.md:SC-004,specs/054-rivet-workflow-integration/spec.md,SC-004,At least 95 of 100 warm supported-host trials make the Workflows tab interactive within 5 seconds; failure produces actionable diagnostics rather than a blank surface.,CAP-020,"Layered failure, needs-input, and bounded recovery",revise,The semantic need is retained while the prior product treatment is replaced by the recovery concept.
specs/054-rivet-workflow-integration/spec.md:SC-005,specs/054-rivet-workflow-integration/spec.md,SC-005,"A user can create, save, close, reopen, and run a basic workflow in under 5 minutes using documented UI paths.",CAP-015,"Output inspection, lineage, open, download, and lifetime",retain,"Retained as a canonical-model, safety, or execution invariant."
specs/054-rivet-workflow-integration/spec.md:SC-006,specs/054-rivet-workflow-integration/spec.md,SC-006,"Cancellation becomes visible to the user within 2 seconds and leaves zero owned workflow processes, ports, pending approvals, temporary credentials, or active tool calls after the configured cleanup bound.",CAP-022,"Human approval, authority, and safe external-action boundaries",retain,"Retained as a canonical-model, safety, or execution invariant."
specs/054-rivet-workflow-integration/spec.md:SC-007,specs/054-rivet-workflow-integration/spec.md,SC-007,"Security tests demonstrate zero successful bypasses of workspace confinement or Wright tool policy through code, file, network, project-reference, plugin, direct-MCP, graph-upload, redirect, or debugger paths.",CAP-024,"Security, privacy, resource, and tool-isolation controls",retain,"Retained as a canonical-model, safety, or execution invariant."
specs/054-rivet-workflow-integration/spec.md:SC-008,specs/054-rivet-workflow-integration/spec.md,SC-008,"Every completed run exposes one coherent provenance view containing workflow revision, inputs, constraints, node/tool outcomes, approvals, artifacts, trace identifier, and terminal status without revealing secrets.",CAP-024,"Security, privacy, resource, and tool-isolation controls",retain,"Retained as a canonical-model, safety, or execution invariant."
specs/054-rivet-workflow-integration/spec.md:SC-009,specs/054-rivet-workflow-integration/spec.md,SC-009,Wright starts and its existing non-Rivet user journeys pass when all Rivet features and dependencies are absent or disabled.,CAP-029,Engineering-process outcomes across the customer story catalog,retain,"Retained as a canonical-model, safety, or execution invariant."
specs/054-rivet-workflow-integration/spec.md:SC-010,specs/054-rivet-workflow-integration/spec.md,SC-010,"A clean offline installation can open the packaged editor and execute the reference workflow without downloading editor, runner, plugin, or rendering assets at runtime.",CAP-031,"Program control, truthful dashboard, packaging, and release train",defer,Preserved and dependency-ordered after product/visual parity approval.
specs/054-rivet-workflow-integration/spec.md:SC-011,specs/054-rivet-workflow-integration/spec.md,SC-011,"Every production implementation slice can be reviewed, tested, merged, disabled, and rolled back independently while all earlier accepted slices remain operational.",CAP-029,Engineering-process outcomes across the customer story catalog,retain,"Retained as a canonical-model, safety, or execution invariant."
specs/054-rivet-workflow-integration/spec.md:SC-012,specs/054-rivet-workflow-integration/spec.md,SC-012,The final umbrella integration passes the repository's authoritative development merge gate and records native and Docker evidence for every supported platform claim.,CAP-031,"Program control, truthful dashboard, packaging, and release train",defer,Preserved and dependency-ordered after product/visual parity approval.
specs/055-rivet-compatibility-spike/spec.md:FR-001,specs/055-rivet-compatibility-spike/spec.md,FR-001,"The spike MUST identify one immutable candidate Rivet source revision and every consumed package/version, build input, checksum, and license required to reproduce the result.",CAP-031,"Program control, truthful dashboard, packaging, and release train",defer,Preserved and dependency-ordered after product/visual parity approval.
specs/055-rivet-compatibility-spike/spec.md:FR-002,specs/055-rivet-compatibility-spike/spec.md,FR-002,"The spike MUST provide an executable compatibility procedure and a small reference project that exercises editor load/save behavior, a dataset operation, headless execution, a host operation, cancellation, and remote-debugger connection where supported.",CAP-018,"Truthful run states, liveness, cancellation, and reconnect",retain,"Retained as a canonical-model, safety, or execution invariant."
specs/055-rivet-compatibility-spike/spec.md:FR-003,specs/055-rivet-compatibility-spike/spec.md,FR-003,"The spike MUST record whether the candidate editor supports a workspace-scoped injected IO provider, dataset provider, and constrained native capability provider; any required patch MUST be isolated, minimal, reproducible, and attributable to the selected source revision.",CAP-005,Exact governed implementation and MCP bindings,retain,"Retained as a canonical-model, safety, or execution invariant."
specs/055-rivet-compatibility-spike/spec.md:FR-004,specs/055-rivet-compatibility-spike/spec.md,FR-004,"The spike MUST identify every candidate editor behavior that relies on browser-profile storage, browser/native file pickers, Tauri APIs, global directories, unrestricted filesystem access, or external navigation and classify it as supported through a Wright adapter, prohibited, or unresolved.",CAP-023,"Headless, CLI, UI, and host-adapter equivalence",retain,"Retained as a canonical-model, safety, or execution invariant."
specs/055-rivet-compatibility-spike/spec.md:FR-005,specs/055-rivet-compatibility-spike/spec.md,FR-005,"The spike MUST establish whether the candidate Node runtime can execute an immutable project fixture, emit bounded lifecycle information, receive cancellation, and connect a remote debugger without granting the editor direct Wright authority.",CAP-022,"Human approval, authority, and safe external-action boundaries",retain,"Retained as a canonical-model, safety, or execution invariant."
specs/055-rivet-compatibility-spike/spec.md:FR-006,specs/055-rivet-compatibility-spike/spec.md,FR-006,"The spike MUST establish whether the documented host external-call mechanism is sufficient for a Wright-governed operation bridge, or document the evidence and scope required for a Wright-owned approved plugin.",CAP-022,"Human approval, authority, and safe external-action boundaries",retain,"Retained as a canonical-model, safety, or execution invariant."
specs/055-rivet-compatibility-spike/spec.md:FR-007,specs/055-rivet-compatibility-spike/spec.md,FR-007,"The spike MUST test a reproducible editor/runner build and fixture operation with runtime package/CDN/plugin downloads denied, and MUST inventory any remaining network dependency as a release blocker.",CAP-031,"Program control, truthful dashboard, packaging, and release train",defer,Preserved and dependency-ordered after product/visual parity approval.
specs/055-rivet-compatibility-spike/spec.md:FR-008,specs/055-rivet-compatibility-spike/spec.md,FR-008,"The spike MUST inventory direct and transitive dependency licenses, security findings, asset sizes, supported-platform limitations, and maintenance/update obligations relevant to the selected baseline.",CAP-024,"Security, privacy, resource, and tool-isolation controls",retain,"Retained as a canonical-model, safety, or execution invariant."
specs/055-rivet-compatibility-spike/spec.md:FR-009,specs/055-rivet-compatibility-spike/spec.md,FR-009,"The spike MUST publish a versioned compatibility matrix that states supported, unsupported, conditional, and unverified capabilities across browser, Hermes, native runtime, Docker, and offline contexts.",CAP-023,"Headless, CLI, UI, and host-adapter equivalence",retain,"Retained as a canonical-model, safety, or execution invariant."
specs/055-rivet-compatibility-spike/spec.md:FR-010,specs/055-rivet-compatibility-spike/spec.md,FR-010,"The spike MUST record a go, conditional-go, or no-go recommendation with explicit criteria for progressing to the workspace-persistence, headless-runner, and editor-host-adapter slices.",CAP-023,"Headless, CLI, UI, and host-adapter equivalence",retain,"Retained as a canonical-model, safety, or execution invariant."
specs/055-rivet-compatibility-spike/spec.md:FR-011,specs/055-rivet-compatibility-spike/spec.md,FR-011,"The spike MUST keep all experimental assets, scripts, patches, and fixtures feature-disabled and isolated from production packages, routes, persistence schemas, and user-visible workspace functionality.",CAP-031,"Program control, truthful dashboard, packaging, and release train",defer,Preserved and dependency-ordered after product/visual parity approval.
specs/055-rivet-compatibility-spike/spec.md:FR-012,specs/055-rivet-compatibility-spike/spec.md,FR-012,The spike MUST document rollback as removal of spike-only assets and metadata with no migration or user-authored workflow data created.,CAP-028,"Persistence, migration, offline, rollback, and lifecycle support",defer,Preserved and dependency-ordered after product/visual parity approval.
specs/055-rivet-compatibility-spike/spec.md:FR-013,specs/055-rivet-compatibility-spike/spec.md,FR-013,"The spike MUST record commands, environment versions, inputs, output checksums, test results, and limitations so another maintainer can reproduce or invalidate the result.",CAP-015,"Output inspection, lineage, open, download, and lifetime",retain,"Retained as a canonical-model, safety, or execution invariant."
specs/055-rivet-compatibility-spike/spec.md:FR-014,specs/055-rivet-compatibility-spike/spec.md,FR-014,"The spike MUST stop and request an umbrella-plan amendment before production work if any mandatory workspace confinement, Wright-governed execution, offline operation, licensing, or packaging requirement cannot be met.",CAP-031,"Program control, truthful dashboard, packaging, and release train",defer,Preserved and dependency-ordered after product/visual parity approval.
specs/055-rivet-compatibility-spike/spec.md:SC-001,specs/055-rivet-compatibility-spike/spec.md,SC-001,A second maintainer can reproduce the selected candidate build and compatibility fixture from recorded inputs and obtain matching source/package/build checksums in 100% of two independent clean-environment trials.,CAP-031,"Program control, truthful dashboard, packaging, and release train",defer,Preserved and dependency-ordered after product/visual parity approval.
specs/055-rivet-compatibility-spike/spec.md:SC-002,specs/055-rivet-compatibility-spike/spec.md,SC-002,"The completed matrix classifies 100% of the eight compatibility questions assigned to slice 0 in the umbrella research as supported, adapter-required, prohibited, unresolved, or blocked, with a linked evidence record for each.",CAP-020,"Layered failure, needs-input, and bounded recovery",revise,The semantic need is retained while the prior product treatment is replaced by the recovery concept.
specs/055-rivet-compatibility-spike/spec.md:SC-003,specs/055-rivet-compatibility-spike/spec.md,SC-003,"The reference fixture completes editor load/save tracing, one dataset operation, one headless run, one host-operation request, one cancellation attempt, and one debugger-connect attempt; unsupported behavior is recorded as a typed finding rather than omitted.",CAP-018,"Truthful run states, liveness, cancellation, and reconnect",retain,"Retained as a canonical-model, safety, or execution invariant."
specs/055-rivet-compatibility-spike/spec.md:SC-004,specs/055-rivet-compatibility-spike/spec.md,SC-004,"The offline trial records zero undeclared runtime download requests across the supported fixture path, or the decision is no-go/conditional-go with every request identified and assigned a remediation.",CAP-021,Truthful execution modes and current-run provenance,retain,"Retained as a canonical-model, safety, or execution invariant."
specs/055-rivet-compatibility-spike/spec.md:SC-005,specs/055-rivet-compatibility-spike/spec.md,SC-005,The dependency inventory accounts for 100% of shipped direct dependencies and their transitive license/security status before any production package pin is proposed.,CAP-031,"Program control, truthful dashboard, packaging, and release train",defer,Preserved and dependency-ordered after product/visual parity approval.
specs/055-rivet-compatibility-spike/spec.md:SC-006,specs/055-rivet-compatibility-spike/spec.md,SC-006,"The spike leaves zero production routes, persistent schemas, enabled user features, user-authored workflows, or unbounded credentials behind when its fixtures are removed.",CAP-021,Truthful execution modes and current-run provenance,retain,"Retained as a canonical-model, safety, or execution invariant."
specs/055-rivet-compatibility-spike/spec.md:SC-007,specs/055-rivet-compatibility-spike/spec.md,SC-007,"A later-slice maintainer can locate the selected pin, patch status, supported capabilities, prohibited capabilities, evidence commands, and go/no-go criteria in under 10 minutes from the slice documentation.",CAP-019,"Inputs, Outputs, Activity, and Diagnosis per executable block",retain,"Retained as a canonical-model, safety, or execution invariant."
specs/056-rivet-workspace-persistence/spec.md:FR-001,specs/056-rivet-workspace-persistence/spec.md,FR-001,Workspace files MUST be the authoritative durable representation of projects and datasets.,CAP-028,"Persistence, migration, offline, rollback, and lifecycle support",defer,Preserved and dependency-ordered after product/visual parity approval.
specs/056-rivet-workspace-persistence/spec.md:FR-002,specs/056-rivet-workspace-persistence/spec.md,FR-002,"Every operation MUST bind to the Wright workspace and reject traversal, symlink escape, malformed slug, unsupported project version, and oversized content.",CAP-028,"Persistence, migration, offline, rollback, and lifecycle support",defer,Preserved and dependency-ordered after product/visual parity approval.
specs/056-rivet-workspace-persistence/spec.md:FR-003,specs/056-rivet-workspace-persistence/spec.md,FR-003,"Writes MUST stage, flush, and replace atomically with revision/ETag comparison.",CAP-001,Canonical definition and immutable revision authority,retain,"Retained as a canonical-model, safety, or execution invariant."
specs/056-rivet-workspace-persistence/spec.md:FR-004,specs/056-rivet-workspace-persistence/spec.md,FR-004,"Projects, datasets, revisions, delete/recovery state, and timestamps MUST be indexed additively without duplicating authoritative content.",CAP-020,"Layered failure, needs-input, and bounded recovery",revise,The semantic need is retained while the prior product treatment is replaced by the recovery concept.
specs/056-rivet-workspace-persistence/spec.md:FR-005,specs/056-rivet-workspace-persistence/spec.md,FR-005,Operations MUST preserve existing workspace files and support migration-safe index rebuild.,CAP-028,"Persistence, migration, offline, rollback, and lifecycle support",defer,Preserved and dependency-ordered after product/visual parity approval.
specs/056-rivet-workspace-persistence/spec.md:FR-006,specs/056-rivet-workspace-persistence/spec.md,FR-006,"APIs MUST return typed unavailable, conflict, validation, and not-found outcomes without requiring Rivet or Node.",CAP-013,"Structured validation, diagnostics, and compatibility",retain,"Retained as a canonical-model, safety, or execution invariant."
specs/056-rivet-workspace-persistence/spec.md:FR-007,specs/056-rivet-workspace-persistence/spec.md,FR-007,Feature-disabled behavior MUST leave normal Wright startup and workspace operations unchanged.,CAP-028,"Persistence, migration, offline, rollback, and lifecycle support",defer,Preserved and dependency-ordered after product/visual parity approval.
specs/056-rivet-workspace-persistence/spec.md:FR-008,specs/056-rivet-workspace-persistence/spec.md,FR-008,"Audit-safe metadata MUST not include secrets, session authority, or executable runtime state.",CAP-024,"Security, privacy, resource, and tool-isolation controls",retain,"Retained as a canonical-model, safety, or execution invariant."
specs/056-rivet-workspace-persistence/spec.md:FR-009,specs/056-rivet-workspace-persistence/spec.md,FR-009,Delete MUST be recoverable; no authored workflow is silently permanently removed.,CAP-010,"Direct manipulation, command batches, undo, and redo",revise,The semantic need is retained while the prior product treatment is replaced by the recovery concept.
specs/056-rivet-workspace-persistence/spec.md:FR-010,specs/056-rivet-workspace-persistence/spec.md,FR-010,"The slice MUST record rollback, migration, cross-workspace, crash/restart, and supported-platform evidence.",CAP-019,"Inputs, Outputs, Activity, and Diagnosis per executable block",retain,"Retained as a canonical-model, safety, or execution invariant."
specs/056-rivet-workspace-persistence/spec.md:SC-001,specs/056-rivet-workspace-persistence/spec.md,SC-001,100 concurrent/stale-save trials never produce partial content or cross-workspace access.,CAP-028,"Persistence, migration, offline, rollback, and lifecycle support",defer,Preserved and dependency-ordered after product/visual parity approval.
specs/056-rivet-workspace-persistence/spec.md:SC-002,specs/056-rivet-workspace-persistence/spec.md,SC-002,100 traversal and symlink-escape attempts are rejected before reads/writes.,CAP-029,Engineering-process outcomes across the customer story catalog,retain,"Retained as a canonical-model, safety, or execution invariant."
specs/056-rivet-workspace-persistence/spec.md:SC-003,specs/056-rivet-workspace-persistence/spec.md,SC-003,A metadata index can be rebuilt from files without loss of project/dataset contents.,CAP-029,Engineering-process outcomes across the customer story catalog,retain,"Retained as a canonical-model, safety, or execution invariant."
specs/056-rivet-workspace-persistence/spec.md:SC-004,specs/056-rivet-workspace-persistence/spec.md,SC-004,Disabled and missing-Rivet/Node test paths start and operate normally.,CAP-029,Engineering-process outcomes across the customer story catalog,retain,"Retained as a canonical-model, safety, or execution invariant."
specs/056-rivet-workspace-persistence/spec.md:SC-005,specs/056-rivet-workspace-persistence/spec.md,SC-005,Recovery restores a deleted workflow with its last immutable revision and dataset sidecars.,CAP-020,"Layered failure, needs-input, and bounded recovery",revise,The semantic need is retained while the prior product treatment is replaced by the recovery concept.
specs/057-rivet-headless-runner/spec.md:SCOPE,specs/057-rivet-headless-runner/spec.md,SCOPE,"**Branch**: `057-rivet-headless-runner` **Base**: `af7c54a` **Prerequisite**: 056 workspace persistence Implement an optional supervised Node runner for immutable workspace workflow revisions. It starts no editor, exposes no direct MCP/tool authority, and defaults unavailable when Node/Rivet is absent. Requirements: bind every operation to server-derived workspace, revision, user/session, and runtime generation; snapshot persisted revision before launch; supervise process tree, resources, events, cancellation, and crash reconciliation; return typed absence states; keep graph operations mocked. Success: fixture run streams bounded events and cancels within two seconds; no owned process/listener remains after crash or cancel; stale generation attempts fail; Node/Rivet absence leaves Wright healthy; offline package status is evidenced. Excluded: editor, tab, direct MCP, approvals, Wright nodes, catalog, and agent publication.",CAP-031,"Program control, truthful dashboard, packaging, and release train",defer,Preserved and dependency-ordered after product/visual parity approval.
specs/058-rivet-editor-host-adapters/spec.md:FR-001,specs/058-rivet-editor-host-adapters/spec.md,FR-001,Serve one exact checksum-verified local editor manifest from an isolated surface origin; no Rivet React module enters Wright's React tree.,CAP-029,Engineering-process outcomes across the customer story catalog,retain,"Retained as a canonical-model, safety, or execution invariant."
specs/058-rivet-editor-host-adapters/spec.md:FR-002,specs/058-rivet-editor-host-adapters/spec.md,FR-002,"Bind each bootstrap/request to server-derived workspace, session, workflow, and revision identity.",CAP-005,Exact governed implementation and MCP bindings,retain,"Retained as a canonical-model, safety, or execution invariant."
specs/058-rivet-editor-host-adapters/spec.md:FR-003,specs/058-rivet-editor-host-adapters/spec.md,FR-003,Provide constrained read/save/list and dataset operations through slice-056 workspace-authoritative persistence.,CAP-028,"Persistence, migration, offline, rollback, and lifecycle support",defer,Preserved and dependency-ordered after product/visual parity approval.
specs/058-rivet-editor-host-adapters/spec.md:FR-004,specs/058-rivet-editor-host-adapters/spec.md,FR-004,"Reject IndexedDB, browser-picked files, direct native/debugger/tool/ MCP APIs, secrets, and arbitrary network use as authoritative paths.",CAP-024,"Security, privacy, resource, and tool-isolation controls",retain,"Retained as a canonical-model, safety, or execution invariant."
specs/058-rivet-editor-host-adapters/spec.md:FR-005,specs/058-rivet-editor-host-adapters/spec.md,FR-005,Return typed disabled/missing/incompatible/expired/conflict states.,CAP-013,"Structured validation, diagnostics, and compatibility",retain,"Retained as a canonical-model, safety, or execution invariant."
specs/058-rivet-editor-host-adapters/spec.md:FR-006,specs/058-rivet-editor-host-adapters/spec.md,FR-006,"Pin source version, patch metadata, licenses, and checksums; runtime requires no source checkout or network.",CAP-029,Engineering-process outcomes across the customer story catalog,retain,"Retained as a canonical-model, safety, or execution invariant."
specs/058-rivet-editor-host-adapters/spec.md:FR-007,specs/058-rivet-editor-host-adapters/spec.md,FR-007,"Never expose cross-workspace data, paths, session identity, or creds.",CAP-028,"Persistence, migration, offline, rollback, and lifecycle support",defer,Preserved and dependency-ordered after product/visual parity approval.
specs/058-rivet-editor-host-adapters/spec.md:SC-001,specs/058-rivet-editor-host-adapters/spec.md,SC-001,Open/save/reopen with exact revisions is automated.,CAP-015,"Output inspection, lineage, open, download, and lifetime",retain,"Retained as a canonical-model, safety, or execution invariant."
specs/058-rivet-editor-host-adapters/spec.md:SC-002,specs/058-rivet-editor-host-adapters/spec.md,SC-002,100 cross-workspace/expired-session bootstrap attempts are rejected.,CAP-028,"Persistence, migration, offline, rollback, and lifecycle support",defer,Preserved and dependency-ordered after product/visual parity approval.
specs/058-rivet-editor-host-adapters/spec.md:SC-003,specs/058-rivet-editor-host-adapters/spec.md,SC-003,Supported browser journey observes no external network or client authoritative persistence.,CAP-023,"Headless, CLI, UI, and host-adapter equivalence",retain,"Retained as a canonical-model, safety, or execution invariant."
specs/058-rivet-editor-host-adapters/spec.md:SC-004,specs/058-rivet-editor-host-adapters/spec.md,SC-004,Unavailable states preserve normal startup and show a diagnostic.,CAP-020,"Layered failure, needs-input, and bounded recovery",revise,The semantic need is retained while the prior product treatment is replaced by the recovery concept.
specs/058-rivet-editor-host-adapters/spec.md:SC-005,specs/058-rivet-editor-host-adapters/spec.md,SC-005,Installed local asset manifest/version/license/checksum verifies.,CAP-029,Engineering-process outcomes across the customer story catalog,retain,"Retained as a canonical-model, safety, or execution invariant."
specs/059-rivet-workspace-tab/spec.md:SCOPE,specs/059-rivet-workspace-tab/spec.md,SCOPE,"Add a default-off Workflows entry to Wright workspace navigation. It hosts only the existing isolated `LiveAppSurface` presentation path, retains the selected surface across navigation, and shows actionable disabled/missing diagnostics. It never imports Rivet into the Wright React tree. Requirements: workspace/session isolation; keyboard-accessible tab entry; retained surface on 100 switches; safe missing editor state; close/stop controls through existing Surface controls; no persistence or runtime authority change.",CAP-025,"Engineer usability, accessibility, and responsive operation",retain,"Retained as a canonical-model, safety, or execution invariant."
specs/060-rivet-wright-nodes/spec.md:SCOPE,specs/060-rivet-wright-nodes/spec.md,SCOPE,"Expose a narrow, default-off Rivet external-call bridge to Wright engineering operations. Every invocation must be server-bound to run/node/workspace/session and pass GatewayService policy, approval, artifacts, audit, and redaction. Direct MCP, arbitrary plugins, credentials in graphs, raw network/file/code authority, and client-trusted approvals are excluded. Acceptance: read-only and mutating calls follow identical policy; approval deny/revoke/replay is rejected; cross-workspace calls fail; artifacts preserve provenance; logs/files contain no secrets.",CAP-024,"Security, privacy, resource, and tool-isolation controls",retain,"Retained as a canonical-model, safety, or execution invariant."
specs/061-rivet-workflow-operations/spec.md:RQ-01,specs/061-rivet-workflow-operations/spec.md,RQ-01,Workflow project and dataset files remain the source of truth; SQLite may store only review metadata.,CAP-029,Engineering-process outcomes across the customer story catalog,retain,"Retained as a canonical-model, safety, or execution invariant."
specs/061-rivet-workflow-operations/spec.md:RQ-02,specs/061-rivet-workflow-operations/spec.md,RQ-02,"Approval binds workspace ID, workflow ID, and exact revision. Saving a new revision invalidates earlier approval.",CAP-022,"Human approval, authority, and safe external-action boundaries",retain,"Retained as a canonical-model, safety, or execution invariant."
specs/061-rivet-workflow-operations/spec.md:RQ-03,specs/061-rivet-workflow-operations/spec.md,RQ-03,"Operations, runner use, and UI are disabled by default and return a safe unavailable state when disabled or missing.",CAP-029,Engineering-process outcomes across the customer story catalog,retain,"Retained as a canonical-model, safety, or execution invariant."
specs/061-rivet-workflow-operations/spec.md:RQ-04,specs/061-rivet-workflow-operations/spec.md,RQ-04,"List, review, start, status, cancel, and history cannot cross a workspace or session boundary.",CAP-018,"Truthful run states, liveness, cancellation, and reconnect",retain,"Retained as a canonical-model, safety, or execution invariant."
specs/061-rivet-workflow-operations/spec.md:RQ-05,specs/061-rivet-workflow-operations/spec.md,RQ-05,The review index is introduced through a numbered migration and an existing workflow index survives its upgrade.,CAP-028,"Persistence, migration, offline, rollback, and lifecycle support",defer,Preserved and dependency-ordered after product/visual parity approval.
specs/061-rivet-workflow-operations/spec.md:RQ-06,specs/061-rivet-workflow-operations/spec.md,RQ-06,"The workspace tab supports catalog, explicit review, run, bounded history, and cancellation without importing the Rivet editor into React. No second graph editor, schedules, marketplace, secrets in workflow data, or agent publication are in scope.",CAP-024,"Security, privacy, resource, and tool-isolation controls",retain,"Retained as a canonical-model, safety, or execution invariant."
specs/064-retained-editor-host/spec.md:FR-001,specs/064-retained-editor-host/spec.md,FR-001,Wright MUST expose the verified pinned editor only as an isolated retained workspace surface.,CAP-028,"Persistence, migration, offline, rollback, and lifecycle support",defer,Preserved and dependency-ordered after product/visual parity approval.
specs/064-retained-editor-host/spec.md:FR-002,specs/064-retained-editor-host/spec.md,FR-002,Wright MUST keep manual browser import/export non-authoritative and visibly disclose that it does not save into the workspace.,CAP-023,"Headless, CLI, UI, and host-adapter equivalence",retain,"Retained as a canonical-model, safety, or execution invariant."
specs/064-retained-editor-host/spec.md:FR-003,specs/064-retained-editor-host/spec.md,FR-003,"The editor MUST receive no workspace file, gateway, secret, or execution authority.",CAP-024,"Security, privacy, resource, and tool-isolation controls",retain,"Retained as a canonical-model, safety, or execution invariant."
specs/064-retained-editor-host/spec.md:FR-004,specs/064-retained-editor-host/spec.md,FR-004,Disabled or unavailable editor behavior MUST leave Wright healthy and launch no process.,CAP-029,Engineering-process outcomes across the customer story catalog,retain,"Retained as a canonical-model, safety, or execution invariant."
specs/064-retained-editor-host/spec.md:FR-005,specs/064-retained-editor-host/spec.md,FR-005,The slice MUST consume existing workspace-surface and editor-adapter contracts without changing authored workflow persistence.,CAP-028,"Persistence, migration, offline, rollback, and lifecycle support",defer,Preserved and dependency-ordered after product/visual parity approval.
specs/064-retained-editor-host/spec.md:SC-001,specs/064-retained-editor-host/spec.md,SC-001,A verified editor opens as an isolated workspace tab in a lifecycle test.,CAP-015,"Output inspection, lineage, open, download, and lifetime",retain,"Retained as a canonical-model, safety, or execution invariant."
specs/064-retained-editor-host/spec.md:SC-002,specs/064-retained-editor-host/spec.md,SC-002,Reopening the workspace tab reuses the retained instance in automated coverage.,CAP-015,"Output inspection, lineage, open, download, and lifetime",retain,"Retained as a canonical-model, safety, or execution invariant."
specs/064-retained-editor-host/spec.md:SC-003,specs/064-retained-editor-host/spec.md,SC-003,Automated checks prove that unavailable/disabled cases start no editor and manual mode offers no workspace save path.,CAP-028,"Persistence, migration, offline, rollback, and lifecycle support",defer,Preserved and dependency-ordered after product/visual parity approval.
specs/066-rivet2-canvas/spec.md:FR-001,specs/066-rivet2-canvas/spec.md,FR-001,Wright MUST replace the retired Rivet editor with the approved Rivet 2 editor and MUST NOT fall back to the retired editor.,CAP-022,"Human approval, authority, and safe external-action boundaries",retain,"Retained as a canonical-model, safety, or execution invariant."
specs/066-rivet2-canvas/spec.md:FR-002,specs/066-rivet2-canvas/spec.md,FR-002,The embedded editor region MUST display the graph canvas and graph-authoring contextual surfaces only.,CAP-008,"Lossless Diagram, Code, and Split projections",revise,The semantic need is retained while the prior product treatment is replaced by the recovery concept.
specs/066-rivet2-canvas/spec.md:FR-003,specs/066-rivet2-canvas/spec.md,FR-003,"The embedded region MUST hide Rivet-owned project tabs, file menu, project navigation, execution controls, status bar, settings, help, prompt design, test tooling, chat viewer, data studio, and web-app design surfaces.",CAP-029,Engineering-process outcomes across the customer story catalog,retain,"Retained as a canonical-model, safety, or execution invariant."
specs/066-rivet2-canvas/spec.md:FR-004,specs/066-rivet2-canvas/spec.md,FR-004,"Hiding unrelated surfaces MUST NOT prevent users from adding, selecting, moving, connecting, configuring, duplicating, or deleting graph nodes.",CAP-010,"Direct manipulation, command batches, undo, and redo",revise,The semantic need is retained while the prior product treatment is replaced by the recovery concept.
specs/066-rivet2-canvas/spec.md:FR-005,specs/066-rivet2-canvas/spec.md,FR-005,"Wright MUST remain authoritative for workflow creation, selection, persistence, revision conflicts, linting, and execution.",CAP-028,"Persistence, migration, offline, rollback, and lifecycle support",defer,Preserved and dependency-ordered after product/visual parity approval.
specs/066-rivet2-canvas/spec.md:FR-006,specs/066-rivet2-canvas/spec.md,FR-006,"Opening a workflow MUST place the selected workspace project directly on the canvas without requiring a browser file picker, import dialog, or editor-private project selection.",CAP-015,"Output inspection, lineage, open, download, and lifetime",retain,"Retained as a canonical-model, safety, or execution invariant."
specs/066-rivet2-canvas/spec.md:FR-007,specs/066-rivet2-canvas/spec.md,FR-007,Saving from Wright MUST capture the complete current canvas project and preserve the existing workspace revision and conflict rules.,CAP-028,"Persistence, migration, offline, rollback, and lifecycle support",defer,Preserved and dependency-ordered after product/visual parity approval.
specs/066-rivet2-canvas/spec.md:FR-008,specs/066-rivet2-canvas/spec.md,FR-008,Switching workflows or workspaces MUST replace or isolate editor state so content cannot cross workflow or workspace boundaries.,CAP-028,"Persistence, migration, offline, rollback, and lifecycle support",defer,Preserved and dependency-ordered after product/visual parity approval.
specs/066-rivet2-canvas/spec.md:FR-009,specs/066-rivet2-canvas/spec.md,FR-009,"Wright MUST provide clear loading, ready, saving, error, disabled, and unavailable states for the canvas surface.",CAP-020,"Layered failure, needs-input, and bounded recovery",revise,The semantic need is retained while the prior product treatment is replaced by the recovery concept.
specs/066-rivet2-canvas/spec.md:FR-010,specs/066-rivet2-canvas/spec.md,FR-010,Interactive Wright controls surrounding the canvas MUST retain stable accessibility names and test identifiers.,CAP-025,"Engineer usability, accessibility, and responsive operation",retain,"Retained as a canonical-model, safety, or execution invariant."
specs/066-rivet2-canvas/spec.md:FR-011,specs/066-rivet2-canvas/spec.md,FR-011,The replacement editor and its required assets MUST be available without runtime network access.,CAP-014,"Input attachment, preview, replacement, and provenance",retain,"Retained as a canonical-model, safety, or execution invariant."
specs/066-rivet2-canvas/spec.md:FR-012,specs/066-rivet2-canvas/spec.md,FR-012,Wright MUST verify the identity and integrity of the packaged replacement editor before launching it.,CAP-031,"Program control, truthful dashboard, packaging, and release train",defer,Preserved and dependency-ordered after product/visual parity approval.
specs/066-rivet2-canvas/spec.md:FR-013,specs/066-rivet2-canvas/spec.md,FR-013,"The replacement MUST work through Wright's supported retained-surface lifecycle, including open, hide, reopen, stop, and workspace isolation behavior.",CAP-024,"Security, privacy, resource, and tool-isolation controls",retain,"Retained as a canonical-model, safety, or execution invariant."
specs/066-rivet2-canvas/spec.md:FR-014,specs/066-rivet2-canvas/spec.md,FR-014,The shipped product MUST not contain or reference the retired Rivet editor artifact as an executable fallback.,CAP-029,Engineering-process outcomes across the customer story catalog,retain,"Retained as a canonical-model, safety, or execution invariant."
specs/066-rivet2-canvas/spec.md:FR-015,specs/066-rivet2-canvas/spec.md,FR-015,Upgrade failures caused by incompatible workflow data MUST be reported without overwriting the workspace-authoritative project.,CAP-020,"Layered failure, needs-input, and bounded recovery",revise,The semantic need is retained while the prior product treatment is replaced by the recovery concept.
specs/066-rivet2-canvas/spec.md:FR-016,specs/066-rivet2-canvas/spec.md,FR-016,Wright MUST ship a reviewed workflow template catalog and project resources inside the workspace-service package for offline use.,CAP-031,"Program control, truthful dashboard, packaging, and release train",defer,Preserved and dependency-ordered after product/visual parity approval.
specs/066-rivet2-canvas/spec.md:FR-017,specs/066-rivet2-canvas/spec.md,FR-017,"Template instantiation MUST create fresh project, graph, node, and connection identities before workspace persistence.",CAP-028,"Persistence, migration, offline, rollback, and lifecycle support",defer,Preserved and dependency-ordered after product/visual parity approval.
specs/066-rivet2-canvas/spec.md:FR-018,specs/066-rivet2-canvas/spec.md,FR-018,"The template chooser MUST describe configuration requirements such as a model provider, MCP server configuration, or interactive user input before creation.",CAP-005,Exact governed implementation and MCP bindings,retain,"Retained as a canonical-model, safety, or execution invariant."
specs/066-rivet2-canvas/spec.md:FR-019,specs/066-rivet2-canvas/spec.md,FR-019,"The Wright tab MUST use the workflow filename, or a stable default filename before one is assigned, as its document label.",CAP-029,Engineering-process outcomes across the customer story catalog,retain,"Retained as a canonical-model, safety, or execution invariant."
specs/066-rivet2-canvas/spec.md:FR-020,specs/066-rivet2-canvas/spec.md,FR-020,"The focused workflow toolbar MUST omit a duplicate filename, workflow selector, open-workflow action, and routine success/status prose while retaining accessible status announcements.",CAP-025,"Engineer usability, accessibility, and responsive operation",retain,"Retained as a canonical-model, safety, or execution invariant."
specs/066-rivet2-canvas/spec.md:SC-001,specs/066-rivet2-canvas/spec.md,SC-001,"In automated UI inspection, 100% of the disallowed Rivet application surfaces listed in FR-003 are absent while all required graph-authoring interactions in FR-004 remain usable.",CAP-029,Engineering-process outcomes across the customer story catalog,retain,"Retained as a canonical-model, safety, or execution invariant."
specs/066-rivet2-canvas/spec.md:SC-002,specs/066-rivet2-canvas/spec.md,SC-002,"The create, open, edit, save, close, reopen, lint, and run acceptance journey completes successfully for 100% of supported workspace test fixtures.",CAP-021,Truthful execution modes and current-run provenance,retain,"Retained as a canonical-model, safety, or execution invariant."
specs/066-rivet2-canvas/spec.md:SC-003,specs/066-rivet2-canvas/spec.md,SC-003,A saved canvas edit survives close and reopen with no graph-content loss in all supported native and containerized acceptance environments.,CAP-015,"Output inspection, lineage, open, download, and lifetime",retain,"Retained as a canonical-model, safety, or execution invariant."
specs/066-rivet2-canvas/spec.md:SC-004,specs/066-rivet2-canvas/spec.md,SC-004,"Editor startup and a complete edit/save journey produce zero runtime requests for remotely hosted editor code, fonts, scripts, styles, or images.",CAP-008,"Lossless Diagram, Code, and Split projections",revise,The semantic need is retained while the prior product treatment is replaced by the recovery concept.
specs/066-rivet2-canvas/spec.md:SC-005,specs/066-rivet2-canvas/spec.md,SC-005,Cross-workspace isolation tests observe zero workflow or editor-state leakage across 100 consecutive open/switch/close cycles.,CAP-024,"Security, privacy, resource, and tool-isolation controls",retain,"Retained as a canonical-model, safety, or execution invariant."
specs/066-rivet2-canvas/spec.md:SC-006,specs/066-rivet2-canvas/spec.md,SC-006,The canvas becomes ready for interaction within 5 seconds on the standard packaged-installation test environment.,CAP-031,"Program control, truthful dashboard, packaging, and release train",defer,Preserved and dependency-ordered after product/visual parity approval.
specs/066-rivet2-canvas/spec.md:SC-007,specs/066-rivet2-canvas/spec.md,SC-007,Packaged artifact inspection finds zero executable references to the retired Rivet editor.,CAP-031,"Program control, truthful dashboard, packaging, and release train",defer,Preserved and dependency-ordered after product/visual parity approval.
specs/066-rivet2-canvas/spec.md:SC-008,specs/066-rivet2-canvas/spec.md,SC-008,"Every packaged template loads as a valid version 4 project, and 100 repeated instantiations produce no shared project, graph, or node IDs.",CAP-031,"Program control, truthful dashboard, packaging, and release train",defer,Preserved and dependency-ordered after product/visual parity approval.
specs/066-rivet2-canvas/spec.md:SC-009,specs/066-rivet2-canvas/spec.md,SC-009,Component inspection finds exactly one visible workflow filename in the active editor area: the Wright tab label.,CAP-006,Reusable components and collapsed graphs,retain,"Retained as a canonical-model, safety, or execution invariant."
specs/067-rivet-hermes-ai/spec.md:FR-001,specs/067-rivet-hermes-ai/spec.md,FR-001,Wright MUST configure Rivet's embedded AI controls to use the existing Hermes service and its Codex subscription without requiring an OpenAI API key from the engineer.,CAP-015,"Output inspection, lineage, open, download, and lifetime",retain,"Retained as a canonical-model, safety, or execution invariant."
specs/067-rivet-hermes-ai/spec.md:FR-002,specs/067-rivet-hermes-ai/spec.md,FR-002,"Wright MUST NOT add a direct Codex client, a second agent route, or a required Hermes modification for this feature.",CAP-023,"Headless, CLI, UI, and host-adapter equivalence",retain,"Retained as a canonical-model, safety, or execution invariant."
specs/067-rivet-hermes-ai/spec.md:FR-003,specs/067-rivet-hermes-ai/spec.md,FR-003,"Browser-originated Rivet AI requests MUST be mediated by a Wright-owned local boundary that keeps Hermes credentials out of browser state, workflow files, logs, and error messages.",CAP-020,"Layered failure, needs-input, and bounded recovery",revise,The semantic need is retained while the prior product treatment is replaced by the recovery concept.
specs/067-rivet-hermes-ai/spec.md:FR-004,specs/067-rivet-hermes-ai/spec.md,FR-004,"The local AI boundary MUST accept only the minimum request shape and route needed by the embedded Rivet client, enforce origin-independent authorization, bound request sizes and timeouts, and preserve compatible streaming responses.",CAP-023,"Headless, CLI, UI, and host-adapter equivalence",retain,"Retained as a canonical-model, safety, or execution invariant."
specs/067-rivet-hermes-ai/spec.md:FR-005,specs/067-rivet-hermes-ai/spec.md,FR-005,Rivet's sparkle workflow MUST support the structured response or tool-call behavior required to propose and apply graph changes through Hermes.,CAP-003,Typed ports and artifact contracts,retain,"Retained as a canonical-model, safety, or execution invariant."
specs/067-rivet-hermes-ai/spec.md:FR-006,specs/067-rivet-hermes-ai/spec.md,FR-006,AI availability and failures MUST be reported in the Rivet UI without damaging the last saved workflow or silently changing providers.,CAP-020,"Layered failure, needs-input, and bounded recovery",revise,The semantic need is retained while the prior product treatment is replaced by the recovery concept.
specs/067-rivet-hermes-ai/spec.md:FR-007,specs/067-rivet-hermes-ai/spec.md,FR-007,Wright MUST provide one new Rivet MCP server through the existing Wright MCP gateway; Hermes MUST discover it through the normal workspace tool path.,CAP-005,Exact governed implementation and MCP bindings,retain,"Retained as a canonical-model, safety, or execution invariant."
specs/067-rivet-hermes-ai/spec.md:FR-008,specs/067-rivet-hermes-ai/spec.md,FR-008,The Rivet MCP MUST derive its workspace authority from the server launch context and MUST NOT accept an arbitrary workspace root or unrestricted file path from a tool caller.,CAP-022,"Human approval, authority, and safe external-action boundaries",retain,"Retained as a canonical-model, safety, or execution invariant."
specs/067-rivet-hermes-ai/spec.md:FR-009,specs/067-rivet-hermes-ai/spec.md,FR-009,"The Rivet MCP MUST provide bounded tools to list templates, list workflows, inspect a workflow, create a workflow from a template or valid project, validate a workflow, and run a workflow.",CAP-005,Exact governed implementation and MCP bindings,retain,"Retained as a canonical-model, safety, or execution invariant."
specs/067-rivet-hermes-ai/spec.md:FR-010,specs/067-rivet-hermes-ai/spec.md,FR-010,Workflow creation and updates through the MCP MUST use the existing authoritative workspace store and revision-conflict behavior so canvas and chat cannot create divergent copies.,CAP-005,Exact governed implementation and MCP bindings,retain,"Retained as a canonical-model, safety, or execution invariant."
specs/067-rivet-hermes-ai/spec.md:FR-011,specs/067-rivet-hermes-ai/spec.md,FR-011,"Validation MUST identify the selected/main graph, declared inputs and outputs, unsupported requirements, and actionable structural errors before execution.",CAP-020,"Layered failure, needs-input, and bounded recovery",revise,The semantic need is retained while the prior product treatment is replaced by the recovery concept.
specs/067-rivet-hermes-ai/spec.md:FR-012,specs/067-rivet-hermes-ai/spec.md,FR-012,The workflow runner MUST execute actual Rivet 2 graphs rather than the current lifecycle-only fixture.,CAP-021,Truthful execution modes and current-run provenance,retain,"Retained as a canonical-model, safety, or execution invariant."
specs/067-rivet-hermes-ai/spec.md:FR-013,specs/067-rivet-hermes-ai/spec.md,FR-013,"Runs MUST bind to an immutable workflow identifier, revision, and digest, and MUST refuse stale, missing, or unapproved revisions.",CAP-022,"Human approval, authority, and safe external-action boundaries",retain,"Retained as a canonical-model, safety, or execution invariant."
specs/067-rivet-hermes-ai/spec.md:FR-014,specs/067-rivet-hermes-ai/spec.md,FR-014,"Runs MUST support an explicitly selected graph, bounded input and context values, streamed lifecycle progress, bounded output capture, cancellation, concurrency limits, and terminal error reporting.",CAP-020,"Layered failure, needs-input, and bounded recovery",revise,The semantic need is retained while the prior product treatment is replaced by the recovery concept.
specs/067-rivet-hermes-ai/spec.md:FR-015,specs/067-rivet-hermes-ai/spec.md,FR-015,AI nodes executed inside a workflow MUST use the same Hermes-backed subscription route as the embedded AI controls and MUST NOT require graph-stored Hermes credentials.,CAP-029,Engineering-process outcomes across the customer story catalog,retain,"Retained as a canonical-model, safety, or execution invariant."
specs/067-rivet-hermes-ai/spec.md:FR-016,specs/067-rivet-hermes-ai/spec.md,FR-016,"Workflow capabilities that can mutate files, invoke tools, run code, or use the network MUST remain denied unless explicitly represented by existing Wright approval and gateway policy.",CAP-022,"Human approval, authority, and safe external-action boundaries",retain,"Retained as a canonical-model, safety, or execution invariant."
specs/067-rivet-hermes-ai/spec.md:FR-017,specs/067-rivet-hermes-ai/spec.md,FR-017,The editor toolbar and MCP MUST observe the same review requirement before executing a workflow revision.,CAP-005,Exact governed implementation and MCP bindings,retain,"Retained as a canonical-model, safety, or execution invariant."
specs/067-rivet-hermes-ai/spec.md:FR-018,specs/067-rivet-hermes-ai/spec.md,FR-018,"Wright chat MUST be able to invoke the Rivet MCP through Hermes and relay MCP progress, results, and failures through the existing chat stream.",CAP-020,"Layered failure, needs-input, and bounded recovery",revise,The semantic need is retained while the prior product treatment is replaced by the recovery concept.
specs/067-rivet-hermes-ai/spec.md:FR-019,specs/067-rivet-hermes-ai/spec.md,FR-019,Normal automated tests MUST use local deterministic doubles and MUST make no subscription-backed calls.,CAP-032,"Model configuration, deterministic/AI execution, and exact identity",retain,"Retained as a canonical-model, safety, or execution invariant."
specs/067-rivet-hermes-ai/spec.md:FR-020,specs/067-rivet-hermes-ai/spec.md,FR-020,An opt-in live suite MUST verify one Rivet AI graph-building interaction and one Wright-chat-to-Rivet-MCP interaction against locally configured Hermes/Codex access.,CAP-005,Exact governed implementation and MCP bindings,retain,"Retained as a canonical-model, safety, or execution invariant."
specs/067-rivet-hermes-ai/spec.md:FR-021,specs/067-rivet-hermes-ai/spec.md,FR-021,"Health and diagnostic responses MUST distinguish editor, AI bridge, runtime, and MCP availability without exposing secrets.",CAP-024,"Security, privacy, resource, and tool-isolation controls",retain,"Retained as a canonical-model, safety, or execution invariant."
specs/067-rivet-hermes-ai/spec.md:FR-022,specs/067-rivet-hermes-ai/spec.md,FR-022,The shipped native and container artifacts MUST include the Rivet runtime and MCP entry point without requiring a Wright source checkout.,CAP-005,Exact governed implementation and MCP bindings,retain,"Retained as a canonical-model, safety, or execution invariant."
specs/067-rivet-hermes-ai/spec.md:SC-001,specs/067-rivet-hermes-ai/spec.md,SC-001,"In the live opt-in smoke test, an engineer can submit a sparkle prompt and receive the first visible progress event within 5 seconds of Hermes accepting the request, excluding model queue time recorded separately.",CAP-029,Engineering-process outcomes across the customer story catalog,retain,"Retained as a canonical-model, safety, or execution invariant."
specs/067-rivet-hermes-ai/spec.md:SC-002,specs/067-rivet-hermes-ai/spec.md,SC-002,The deterministic sparkle contract applies the expected graph proposal and retains it after save/reload in 100% of test runs.,CAP-032,"Model configuration, deterministic/AI execution, and exact identity",retain,"Retained as a canonical-model, safety, or execution invariant."
specs/067-rivet-hermes-ai/spec.md:SC-003,specs/067-rivet-hermes-ai/spec.md,SC-003,"A Wright chat prompt can create, validate, and run a deterministic template through the Rivet MCP with no manual tool selection after the server is enabled.",CAP-005,Exact governed implementation and MCP bindings,retain,"Retained as a canonical-model, safety, or execution invariant."
specs/067-rivet-hermes-ai/spec.md:SC-004,specs/067-rivet-hermes-ai/spec.md,SC-004,The same saved workflow revision produces the same deterministic output whether started from the canvas or the MCP.,CAP-015,"Output inspection, lineage, open, download, and lifetime",retain,"Retained as a canonical-model, safety, or execution invariant."
specs/067-rivet-hermes-ai/spec.md:SC-005,specs/067-rivet-hermes-ai/spec.md,SC-005,"All path traversal, cross-workspace, stale-revision, wrong-authorization, and oversized-payload tests are rejected before execution or upstream forwarding.",CAP-028,"Persistence, migration, offline, rollback, and lifecycle support",defer,Preserved and dependency-ordered after product/visual parity approval.
specs/067-rivet-hermes-ai/spec.md:SC-006,specs/067-rivet-hermes-ai/spec.md,SC-006,"Cancellation reaches a terminal state within the configured two-second graceful deadline in the controlled integration test, with forced cleanup reported when required.",CAP-020,"Layered failure, needs-input, and bounded recovery",revise,The semantic need is retained while the prior product treatment is replaced by the recovery concept.
specs/067-rivet-hermes-ai/spec.md:SC-007,specs/067-rivet-hermes-ai/spec.md,SC-007,"Routine unit, contract, UI, packaging, and E2E suites make zero live subscription requests; the live suite runs only with explicit opt-in.",CAP-031,"Program control, truthful dashboard, packaging, and release train",defer,Preserved and dependency-ordered after product/visual parity approval.
specs/067-rivet-hermes-ai/spec.md:SC-008,specs/067-rivet-hermes-ai/spec.md,SC-008,"Static inspection and tests find no Hermes credential in browser storage, project files, captured logs, MCP results, health responses, or generated artifacts.",CAP-015,"Output inspection, lineage, open, download, and lifetime",retain,"Retained as a canonical-model, safety, or execution invariant."
specs/067-rivet-hermes-ai/spec.md:SC-009,specs/067-rivet-hermes-ai/spec.md,SC-009,Existing Wright chat behavior and existing non-Rivet MCP servers pass their regression suites without Hermes source changes.,CAP-024,"Security, privacy, resource, and tool-isolation controls",retain,"Retained as a canonical-model, safety, or execution invariant."
specs/068-capability-library/spec.md:FR-001,specs/068-capability-library/spec.md,FR-001,Wright MUST provide a global Capability Library distinct from workspace enablement and workflow execution.,CAP-028,"Persistence, migration, offline, rollback, and lifecycle support",defer,Preserved and dependency-ordered after product/visual parity approval.
specs/068-capability-library/spec.md:FR-002,specs/068-capability-library/spec.md,FR-002,"The library MUST search names, vendors, aliases, capabilities, engineering domains, applications, tasks, requirements, and authoritative source records.",CAP-027,Generic domain/provider/tool-independent architecture,retain,"Retained as a canonical-model, safety, or execution invariant."
specs/068-capability-library/spec.md:FR-003,specs/068-capability-library/spec.md,FR-003,"The library MUST filter by domain, lifecycle stage, current platform and architecture, maturity, evidence class, risk, locality, host-software need, validation state, and installed state.",CAP-019,"Inputs, Outputs, Activity, and Diagnosis per executable block",retain,"Retained as a canonical-model, safety, or execution invariant."
specs/068-capability-library/spec.md:FR-004,specs/068-capability-library/spec.md,FR-004,"Every capability MUST expose a stable canonical identity, aliases, source and field provenance, license facts or unknown status, data touched, credentials, approvals, dependencies, supported platforms, validation history, examples, and alternatives where available.",CAP-022,"Human approval, authority, and safe external-action boundaries",retain,"Retained as a canonical-model, safety, or execution invariant."
specs/068-capability-library/spec.md:FR-005,specs/068-capability-library/spec.md,FR-005,"Wright MUST preserve distinct evidence classes for official production, official preview, verified community, community candidate, user-reported/source-needed, API-or-wrapper candidate without a public MCP, documentation-only MCP, blocked validation, and excluded or stale entries.",CAP-020,"Layered failure, needs-input, and bounded recovery",revise,The semantic need is retained while the prior product treatment is replaced by the recovery concept.
specs/068-capability-library/spec.md:FR-006,specs/068-capability-library/spec.md,FR-006,"Wright MUST require vendor-authoritative evidence before labeling a capability official and MUST NOT infer official status from popularity, naming, or branding.",CAP-019,"Inputs, Outputs, Activity, and Diagnosis per executable block",retain,"Retained as a canonical-model, safety, or execution invariant."
specs/068-capability-library/spec.md:FR-007,specs/068-capability-library/spec.md,FR-007,Wright MUST ship a complete schema-valid bundled catalog that remains usable when no network or update history is available.,CAP-017,"Immutable run, step, activity, and output records",retain,"Retained as a canonical-model, safety, or execution invariant."
specs/068-capability-library/spec.md:FR-008,specs/068-capability-library/spec.md,FR-008,"Optional catalog updates MUST identify an approved channel, snapshot version, issue and expiry times, schema version, content digest, signer, signature, and provenance.",CAP-022,"Human approval, authority, and safe external-action boundaries",retain,"Retained as a canonical-model, safety, or execution invariant."
specs/068-capability-library/spec.md:FR-009,specs/068-capability-library/spec.md,FR-009,"Wright MUST verify update authenticity, integrity, expiry, monotonic version, schema, identities, aliases, and evidence rules before preview or activation.",CAP-019,"Inputs, Outputs, Activity, and Diagnosis per executable block",retain,"Retained as a canonical-model, safety, or execution invariant."
specs/068-capability-library/spec.md:FR-010,specs/068-capability-library/spec.md,FR-010,"Wright MUST reject replay, rollback, freeze, tampering, unapproved signer, ambiguous identity, and partial-download conditions without replacing the active snapshot.",CAP-022,"Human approval, authority, and safe external-action boundaries",retain,"Retained as a canonical-model, safety, or execution invariant."
specs/068-capability-library/spec.md:FR-011,specs/068-capability-library/spec.md,FR-011,"Update activation and rollback MUST be atomic, retain a known-good prior snapshot, survive interruption, and recover deterministically after restart.",CAP-032,"Model configuration, deterministic/AI execution, and exact identity",retain,"Retained as a canonical-model, safety, or execution invariant."
specs/068-capability-library/spec.md:FR-012,specs/068-capability-library/spec.md,FR-012,"Catalog preview MUST show added, removed, changed, and unchanged identities and field-level provenance before administrator activation.",CAP-021,Truthful execution modes and current-run provenance,retain,"Retained as a canonical-model, safety, or execution invariant."
specs/068-capability-library/spec.md:FR-013,specs/068-capability-library/spec.md,FR-013,"Catalog refresh, activation, and rollback MUST NOT install, start, stop, connect, enable, disable, delete, or alter credentials for a capability.",CAP-028,"Persistence, migration, offline, rollback, and lifecycle support",defer,Preserved and dependency-ordered after product/visual parity approval.
specs/068-capability-library/spec.md:FR-014,specs/068-capability-library/spec.md,FR-014,"Catalog reconciliation MUST preserve custom entries, installed state, explicit user disablement, workspace enablement, credential references, and unresolved legacy identities.",CAP-028,"Persistence, migration, offline, rollback, and lifecycle support",defer,Preserved and dependency-ordered after product/visual parity approval.
specs/068-capability-library/spec.md:FR-015,specs/068-capability-library/spec.md,FR-015,The Onshape Labs FeatureScript MCP MUST be accepted through a signed data-only update as a distinct official-preview remote capability using vendor-authoritative release evidence and an explicit unvalidated/subscription-required limitation.,CAP-031,"Program control, truthful dashboard, packaging, and release train",defer,Preserved and dependency-ordered after product/visual parity approval.
specs/068-capability-library/spec.md:FR-016,specs/068-capability-library/spec.md,FR-016,"Wright MUST provide guided onboarding choices for a catalog entry, pasted common-client configuration, remote endpoint, local command or development server, and missing-capability report.",CAP-005,Exact governed implementation and MCP bindings,retain,"Retained as a canonical-model, safety, or execution invariant."
specs/068-capability-library/spec.md:FR-017,specs/068-capability-library/spec.md,FR-017,"Configuration import MUST support documented common forms used by major MCP clients, identify the detected form, preserve multiple server definitions, and produce stable field-level errors for unsupported or ambiguous input.",CAP-020,"Layered failure, needs-input, and bounded recovery",revise,The semantic need is retained while the prior product treatment is replaced by the recovery concept.
specs/068-capability-library/spec.md:FR-018,specs/068-capability-library/spec.md,FR-018,"Import MUST treat inline secret-like values as sensitive input, convert supported values to credential requirements, redact diagnostics, and prevent raw secrets from entering catalog, workspace, workflow, history, or log records.",CAP-024,"Security, privacy, resource, and tool-isolation controls",retain,"Retained as a canonical-model, safety, or execution invariant."
specs/068-capability-library/spec.md:FR-019,specs/068-capability-library/spec.md,FR-019,"Import MUST never execute commands, expand shell expressions, contact endpoints, or register servers during parsing or preview.",CAP-014,"Input attachment, preview, replacement, and provenance",retain,"Retained as a canonical-model, safety, or execution invariant."
specs/068-capability-library/spec.md:FR-020,specs/068-capability-library/spec.md,FR-020,"Before installation or connection, Wright MUST produce an immutable Install Plan with source and pin, transport, executable or endpoint, arguments, environment requirements, license/terms state, credentials, host dependencies, platform checks, network and storage effects, approvals, validation steps, rollback, and blocking reasons. Wright MUST block apply when external license acceptance is required until the user records that they completed it independently; Wright MUST NOT accept terms on the user's behalf.",CAP-022,"Human approval, authority, and safe external-action boundaries",retain,"Retained as a canonical-model, safety, or execution invariant."
specs/068-capability-library/spec.md:FR-021,specs/068-capability-library/spec.md,FR-021,"Install Plans MUST be bound to the capability revision, current-machine observation, requested scope, and approving user so a material change requires a new review.",CAP-001,Canonical definition and immutable revision authority,retain,"Retained as a canonical-model, safety, or execution invariant."
specs/068-capability-library/spec.md:FR-022,specs/068-capability-library/spec.md,FR-022,"Compatibility checks MUST report observed operating system, architecture, required runtime or package manager, executable resolution, version range, container support, network need, credential need, and host-application prerequisites without changing the machine.",CAP-031,"Program control, truthful dashboard, packaging, and release train",defer,Preserved and dependency-ordered after product/visual parity approval.
specs/068-capability-library/spec.md:FR-023,specs/068-capability-library/spec.md,FR-023,"Wright MUST expose deterministic installer lifecycle behavior for local packages, remote endpoints, and host bridges with isolated, idempotent prepare, apply, validate, rollback, and remove boundaries.",CAP-031,"Program control, truthful dashboard, packaging, and release train",defer,Preserved and dependency-ordered after product/visual parity approval.
specs/068-capability-library/spec.md:FR-024,specs/068-capability-library/spec.md,FR-024,"Host-bridge onboarding MUST detect but MUST NOT install proprietary host applications; it MUST separately report supported version, required add-on, local handshake, and read-only probe availability.",CAP-003,Typed ports and artifact contracts,retain,"Retained as a canonical-model, safety, or execution invariant."
specs/068-capability-library/spec.md:FR-025,specs/068-capability-library/spec.md,FR-025,Installation MUST execute only a still-current approved plan and MUST stop closed with recorded evidence when observed inputs or effects differ from the plan.,CAP-022,"Human approval, authority, and safe external-action boundaries",retain,"Retained as a canonical-model, safety, or execution invariant."
specs/068-capability-library/spec.md:FR-026,specs/068-capability-library/spec.md,FR-026,"Validation MUST record initialization, discovered capability schema, optional read-only probe, environment, platform, architecture, server version or revision, outcome, limitations, and timestamp.",CAP-005,Exact governed implementation and MCP bindings,retain,"Retained as a canonical-model, safety, or execution invariant."
specs/068-capability-library/spec.md:FR-027,specs/068-capability-library/spec.md,FR-027,"Validation states MUST distinguish not checked, queued, running, passed, partially passed, failed, blocked, stale, and unavailable, with explicit transition reasons.",CAP-020,"Layered failure, needs-input, and bounded recovery",revise,The semantic need is retained while the prior product treatment is replaced by the recovery concept.
specs/068-capability-library/spec.md:FR-028,specs/068-capability-library/spec.md,FR-028,"Workspace enablement MUST be a deliberate action after installation or connection and validation, scoped to exactly one workspace, and distinct from invocation or destructive-action approval.",CAP-022,"Human approval, authority, and safe external-action boundaries",retain,"Retained as a canonical-model, safety, or execution invariant."
specs/068-capability-library/spec.md:FR-029,specs/068-capability-library/spec.md,FR-029,Credentials MUST be collected and resolved only through Wright's existing secret boundary and represented elsewhere only by opaque references and requirements.,CAP-024,"Security, privacy, resource, and tool-isolation controls",retain,"Retained as a canonical-model, safety, or execution invariant."
specs/068-capability-library/spec.md:FR-030,specs/068-capability-library/spec.md,FR-030,"Unknown, blocked, failed, stale, excluded, and no-public-MCP entries MUST remain discoverable with actionable reasons and MUST NOT expose misleading install or enable actions.",CAP-020,"Layered failure, needs-input, and bounded recovery",revise,The semantic need is retained while the prior product treatment is replaced by the recovery concept.
specs/068-capability-library/spec.md:FR-031,specs/068-capability-library/spec.md,FR-031,"Wright MUST replace browser prompts for missing servers with a structured in-product report containing source, vendor, domain, use case, platform, and notes, stored separately from trusted catalog data.",CAP-005,Exact governed implementation and MCP bindings,retain,"Retained as a canonical-model, safety, or execution invariant."
specs/068-capability-library/spec.md:FR-032,specs/068-capability-library/spec.md,FR-032,"Catalog updates, onboarding, validation, workspace enablement, and rollback MUST enforce existing role and approval boundaries and record auditable, redacted decisions.",CAP-022,"Human approval, authority, and safe external-action boundaries",retain,"Retained as a canonical-model, safety, or execution invariant."
specs/068-capability-library/spec.md:FR-033,specs/068-capability-library/spec.md,FR-033,Existing catalog and custom-entry data MUST migrate idempotently with a tested rollback path and no loss of user-owned state.,CAP-028,"Persistence, migration, offline, rollback, and lifecycle support",defer,Preserved and dependency-ordered after product/visual parity approval.
specs/068-capability-library/spec.md:FR-034,specs/068-capability-library/spec.md,FR-034,"Normal acceptance tests MUST use deterministic local fixtures and require no paid account, license acceptance, proprietary host, external credential, GPU, or physical hardware.",CAP-022,"Human approval, authority, and safe external-action boundaries",retain,"Retained as a canonical-model, safety, or execution invariant."
specs/068-capability-library/spec.md:FR-035,specs/068-capability-library/spec.md,FR-035,"The Capability Library journey MUST have component-state coverage, mocked page-level journey coverage, and a local system smoke path using stable interactive control identifiers.",CAP-011,Searchable engineering capability palette,retain,"Retained as a canonical-model, safety, or execution invariant."
specs/068-capability-library/spec.md:SC-001,specs/068-capability-library/spec.md,SC-001,"In offline acceptance testing, an engineer can search and filter every bundled catalog entry, inspect compatibility and evidence, and identify a usable or honestly blocked result in under two minutes.",CAP-020,"Layered failure, needs-input, and bounded recovery",revise,The semantic need is retained while the prior product treatment is replaced by the recovery concept.
specs/068-capability-library/spec.md:SC-002,specs/068-capability-library/spec.md,SC-002,"Starting from a prior verified snapshot without the Onshape Labs record, a valid approved catalog update adds the Onshape Labs FeatureScript MCP without a code change, while 100% of custom entries, explicit disablement, install state, workspace grants, and credential references remain unchanged through activation, restart, and rollback. The feature's final bundled recovery snapshot MAY also include the same validated record for new offline installations.",CAP-022,"Human approval, authority, and safe external-action boundaries",retain,"Retained as a canonical-model, safety, or execution invariant."
specs/068-capability-library/spec.md:SC-003,specs/068-capability-library/spec.md,SC-003,"100% of altered, expired, replayed, downgraded, unapproved, schema-invalid, alias-conflicting, and interrupted catalog fixtures fail closed while the previous catalog remains readable.",CAP-022,"Human approval, authority, and safe external-action boundaries",retain,"Retained as a canonical-model, safety, or execution invariant."
specs/068-capability-library/spec.md:SC-004,specs/068-capability-library/spec.md,SC-004,"An engineer can reach an exact preflight in under three minutes for each supported onboarding path: catalog selection, pasted configuration, remote endpoint, local command, and host bridge.",CAP-033,"Preflight, argument/result maps, and semantic sufficiency",retain,"Retained as a canonical-model, safety, or execution invariant."
specs/068-capability-library/spec.md:SC-005,specs/068-capability-library/spec.md,SC-005,"Deterministic acceptance journeys complete installation or connection, validation, and single-workspace enablement for one local package, one remote endpoint, and one host bridge with no paid service or proprietary application.",CAP-031,"Program control, truthful dashboard, packaging, and release train",defer,Preserved and dependency-ordered after product/visual parity approval.
specs/068-capability-library/spec.md:SC-006,specs/068-capability-library/spec.md,SC-006,"Every incompatible, uncertain, blocked, failed, stale, or non-public capability shown in acceptance tests includes at least one specific reason and either a recovery step or an honest no-action explanation.",CAP-020,"Layered failure, needs-input, and bounded recovery",revise,The semantic need is retained while the prior product treatment is replaced by the recovery concept.
specs/068-capability-library/spec.md:SC-007,specs/068-capability-library/spec.md,SC-007,"Secret scanning and adversarial import tests find zero raw credentials in catalog snapshots, imports after preview, install plans, validation evidence, workspace grants, workflows, histories, or logs.",CAP-024,"Security, privacy, resource, and tool-isolation controls",retain,"Retained as a canonical-model, safety, or execution invariant."
specs/068-capability-library/spec.md:SC-008,specs/068-capability-library/spec.md,SC-008,"100% of material plan changes invalidate prior approval, and zero catalog updates cause an install, connection, process-state, credential, or workspace-enablement change.",CAP-022,"Human approval, authority, and safe external-action boundaries",retain,"Retained as a canonical-model, safety, or execution invariant."
specs/068-capability-library/spec.md:SC-009,specs/068-capability-library/spec.md,SC-009,"At least 90% of representative engineering users in a five-person moderated usability study can distinguish discovery, installation, workspace enablement, and invocation approval and complete the primary guided path without assistance; until that study occurs, the release evidence MUST label this outcome unvalidated.",CAP-031,"Program control, truthful dashboard, packaging, and release train",defer,Preserved and dependency-ordered after product/visual parity approval.
specs/068-capability-library/spec.md:SC-010,specs/068-capability-library/spec.md,SC-010,"All new interactive states pass component, page-journey, local system smoke, keyboard navigation, and serious-or-critical accessibility checks required by the repository.",CAP-031,"Program control, truthful dashboard, packaging, and release train",defer,Preserved and dependency-ordered after product/visual parity approval.
specs/069-rivet-mcp-gateway/spec.md:FR-001,specs/069-rivet-mcp-gateway/spec.md,FR-001,Rivet workflows MUST discover MCP tools only from the capabilities currently enabled for their bound Wright workspace.,CAP-005,Exact governed implementation and MCP bindings,retain,"Retained as a canonical-model, safety, or execution invariant."
specs/069-rivet-mcp-gateway/spec.md:FR-002,specs/069-rivet-mcp-gateway/spec.md,FR-002,Discovered tools MUST use stable namespace-qualified identities that prevent collisions across child servers.,CAP-030,Independent engineering oracles and benchmark qualification,defer,Preserved and dependency-ordered after product/visual parity approval.
specs/069-rivet-mcp-gateway/spec.md:FR-003,specs/069-rivet-mcp-gateway/spec.md,FR-003,"Discovery MUST expose a bounded schema snapshot, risk/approval metadata, current validation identity, and compatibility state without exposing credentials or child configuration.",CAP-022,"Human approval, authority, and safe external-action boundaries",retain,"Retained as a canonical-model, safety, or execution invariant."
specs/069-rivet-mcp-gateway/spec.md:FR-004,specs/069-rivet-mcp-gateway/spec.md,FR-004,"The system MUST support requirement-based resolution and deliberate exact implementation pinning, and MUST make ambiguous resolution block review.",CAP-009,Canvas readability and renderer-neutral projection,revise,The semantic need is retained while the prior product treatment is replaced by the recovery concept.
specs/069-rivet-mcp-gateway/spec.md:FR-005,specs/069-rivet-mcp-gateway/spec.md,FR-005,"Every executable MCP node MUST have a concrete Capability Binding covering workspace, server, tool, schema, validation, capability, workflow revision, selected graph, and binding digest.",CAP-005,Exact governed implementation and MCP bindings,retain,"Retained as a canonical-model, safety, or execution invariant."
specs/069-rivet-mcp-gateway/spec.md:FR-006,specs/069-rivet-mcp-gateway/spec.md,FR-006,"Review MUST bind the exact workflow revision, graph, node set, capability bindings, tool-schema snapshots, units policy, and material argument defaults that can affect MCP calls.",CAP-033,"Preflight, argument/result maps, and semantic sufficiency",retain,"Retained as a canonical-model, safety, or execution invariant."
specs/069-rivet-mcp-gateway/spec.md:FR-007,specs/069-rivet-mcp-gateway/spec.md,FR-007,A change to any review-bound identity or policy-relevant value MUST invalidate or block the prior review before execution.,CAP-013,"Structured validation, diagnostics, and compatibility",retain,"Retained as a canonical-model, safety, or execution invariant."
specs/069-rivet-mcp-gateway/spec.md:FR-008,specs/069-rivet-mcp-gateway/spec.md,FR-008,"Starting a reviewed workflow MUST mint a short-lived authority for one run, one workspace, one workflow revision, and the exact approved binding set.",CAP-022,"Human approval, authority, and safe external-action boundaries",retain,"Retained as a canonical-model, safety, or execution invariant."
specs/069-rivet-mcp-gateway/spec.md:FR-009,specs/069-rivet-mcp-gateway/spec.md,FR-009,"Run authority MUST be least-privilege, non-exportable in ordinary UI or logs, time-bounded, revocable, and unusable for discovery or calls outside its claims.",CAP-022,"Human approval, authority, and safe external-action boundaries",retain,"Retained as a canonical-model, safety, or execution invariant."
specs/069-rivet-mcp-gateway/spec.md:FR-010,specs/069-rivet-mcp-gateway/spec.md,FR-010,"Rivet MUST NOT own or persist child MCP connection definitions, credential values, long-lived gateway credentials, workspace authorization, or application lifecycle configuration.",CAP-005,Exact governed implementation and MCP bindings,retain,"Retained as a canonical-model, safety, or execution invariant."
specs/069-rivet-mcp-gateway/spec.md:FR-011,specs/069-rivet-mcp-gateway/spec.md,FR-011,"Every Rivet MCP call MUST traverse Wright's provider-neutral workspace gateway and existing policy, approval, lifecycle, progress, result, and audit boundaries.",CAP-022,"Human approval, authority, and safe external-action boundaries",retain,"Retained as a canonical-model, safety, or execution invariant."
specs/069-rivet-mcp-gateway/spec.md:FR-012,specs/069-rivet-mcp-gateway/spec.md,FR-012,"The runner MUST submit only a bound node/call identity and arguments; it MUST NOT be able to supply arbitrary server URLs, commands, environment variables, authorization headers, or tool namespaces.",CAP-033,"Preflight, argument/result maps, and semantic sufficiency",retain,"Retained as a canonical-model, safety, or execution invariant."
specs/069-rivet-mcp-gateway/spec.md:FR-013,specs/069-rivet-mcp-gateway/spec.md,FR-013,"Wright MUST revalidate the run authority, workspace grant, server state, tool identity, schema binding, review, node identity, and argument binding before each child invocation.",CAP-022,"Human approval, authority, and safe external-action boundaries",retain,"Retained as a canonical-model, safety, or execution invariant."
specs/069-rivet-mcp-gateway/spec.md:FR-014,specs/069-rivet-mcp-gateway/spec.md,FR-014,"Disabled, cross-workspace, unreviewed, unbound, stale, expired, replayed, or policy-denied calls MUST fail before a child MCP receives them.",CAP-005,Exact governed implementation and MCP bindings,retain,"Retained as a canonical-model, safety, or execution invariant."
specs/069-rivet-mcp-gateway/spec.md:FR-015,specs/069-rivet-mcp-gateway/spec.md,FR-015,"Approval aggregation MAY reduce duplicate prompts only when existing policy declares the calls equivalent; it MUST NOT broaden per-call scope, arguments, duration, or destructive authority.",CAP-022,"Human approval, authority, and safe external-action boundaries",retain,"Retained as a canonical-model, safety, or execution invariant."
specs/069-rivet-mcp-gateway/spec.md:FR-016,specs/069-rivet-mcp-gateway/spec.md,FR-016,Non-idempotent or destructive calls MUST retain exact per-call policy and approval evidence even when a workflow-level review exists.,CAP-022,"Human approval, authority, and safe external-action boundaries",retain,"Retained as a canonical-model, safety, or execution invariant."
specs/069-rivet-mcp-gateway/spec.md:FR-017,specs/069-rivet-mcp-gateway/spec.md,FR-017,"Child progress MUST be projected to the correct Rivet run and node using ordered, bounded events and stable phases.",CAP-002,Stable phase and block semantics,retain,"Retained as a canonical-model, safety, or execution invariant."
specs/069-rivet-mcp-gateway/spec.md:FR-018,specs/069-rivet-mcp-gateway/spec.md,FR-018,"Structured child results and errors MUST return to the correct node with bounded content, stable reason codes, and Wright-authorized vault/resource artifact references; raw child filesystem paths, arbitrary resource URIs, and unvalidated artifact claims MUST NOT cross the bridge.",CAP-020,"Layered failure, needs-input, and bounded recovery",revise,The semantic need is retained while the prior product treatment is replaced by the recovery concept.
specs/069-rivet-mcp-gateway/spec.md:FR-019,specs/069-rivet-mcp-gateway/spec.md,FR-019,"Cancellation MUST propagate from the Wright run to the runner and active child call, revoke run authority, block later calls, and record cleanup or residue truthfully.",CAP-022,"Human approval, authority, and safe external-action boundaries",retain,"Retained as a canonical-model, safety, or execution invariant."
specs/069-rivet-mcp-gateway/spec.md:FR-020,specs/069-rivet-mcp-gateway/spec.md,FR-020,Late results after cancellation or terminal failure MUST NOT change the terminal state or publish success artifacts.,CAP-020,"Layered failure, needs-input, and bounded recovery",revise,The semantic need is retained while the prior product treatment is replaced by the recovery concept.
specs/069-rivet-mcp-gateway/spec.md:FR-021,specs/069-rivet-mcp-gateway/spec.md,FR-021,"A timeout, gateway disconnect, child crash, or application-lifecycle failure MUST be attributed to the exact node and boundary and MUST NOT silently retry a non-idempotent call.",CAP-020,"Layered failure, needs-input, and bounded recovery",revise,The semantic need is retained while the prior product treatment is replaced by the recovery concept.
specs/069-rivet-mcp-gateway/spec.md:FR-022,specs/069-rivet-mcp-gateway/spec.md,FR-022,The system MUST preserve specialized BREP visible-panel and Solid Edge or host-bridge lifecycle behavior behind the same gateway call contract used for ordinary MCPs.,CAP-005,Exact governed implementation and MCP bindings,retain,"Retained as a canonical-model, safety, or execution invariant."
specs/069-rivet-mcp-gateway/spec.md:FR-023,specs/069-rivet-mcp-gateway/spec.md,FR-023,"Specialized lifecycle preparation, health, progress, cancellation, and cleanup MUST remain Wright-owned and MUST NOT appear as embedded child configuration in a workflow.",CAP-020,"Layered failure, needs-input, and bounded recovery",revise,The semantic need is retained while the prior product treatment is replaced by the recovery concept.
specs/069-rivet-mcp-gateway/spec.md:FR-024,specs/069-rivet-mcp-gateway/spec.md,FR-024,"A Run Manifest MUST record exact workflow, graph, review, authority, binding, schema, server revision, validation, approval, child-call, result, artifact, timing, and terminal-state identities.",CAP-022,"Human approval, authority, and safe external-action boundaries",retain,"Retained as a canonical-model, safety, or execution invariant."
specs/069-rivet-mcp-gateway/spec.md:FR-025,specs/069-rivet-mcp-gateway/spec.md,FR-025,"Stored and displayed run evidence MUST be size-bounded and redact credential values, tokens, authorization material, secret-like arguments, and sensitive child output.",CAP-024,"Security, privacy, resource, and tool-isolation controls",retain,"Retained as a canonical-model, safety, or execution invariant."
specs/069-rivet-mcp-gateway/spec.md:FR-026,specs/069-rivet-mcp-gateway/spec.md,FR-026,Run and node events MUST carry correlated trace identities and remain durably inspectable after restart without preserving usable ephemeral authority.,CAP-022,"Human approval, authority, and safe external-action boundaries",retain,"Retained as a canonical-model, safety, or execution invariant."
specs/069-rivet-mcp-gateway/spec.md:FR-027,specs/069-rivet-mcp-gateway/spec.md,FR-027,"The system MUST provide actionable recovery for stale binding, removed grant, unavailable server, expired authority, denied approval, cancellation residue, and specialized host failure.",CAP-022,"Human approval, authority, and safe external-action boundaries",retain,"Retained as a canonical-model, safety, or execution invariant."
specs/069-rivet-mcp-gateway/spec.md:FR-028,specs/069-rivet-mcp-gateway/spec.md,FR-028,"Deterministic normal tests MUST prove a workflow calling at least two fake child MCP servers through Wright, including discovery, review, execution, results, progress, approval, cancellation, and audit.",CAP-022,"Human approval, authority, and safe external-action boundaries",retain,"Retained as a canonical-model, safety, or execution invariant."
specs/069-rivet-mcp-gateway/spec.md:FR-029,specs/069-rivet-mcp-gateway/spec.md,FR-029,"Deterministic negative tests MUST prove that disabled, cross-workspace, unreviewed, unbound, stale-schema, changed-server, expired, replayed, and post-cancellation calls never reach a child.",CAP-018,"Truthful run states, liveness, cancellation, and reconnect",retain,"Retained as a canonical-model, safety, or execution invariant."
specs/069-rivet-mcp-gateway/spec.md:FR-030,specs/069-rivet-mcp-gateway/spec.md,FR-030,"Optional live validation MUST define an explicitly gated BREP path and a Solid Edge or other available application path without requiring proprietary software, credentials, paid services, GPUs, network access, or hardware in normal gates.",CAP-013,"Structured validation, diagnostics, and compatibility",retain,"Retained as a canonical-model, safety, or execution invariant."
specs/069-rivet-mcp-gateway/spec.md:FR-031,specs/069-rivet-mcp-gateway/spec.md,FR-031,Workflow review and execution MUST remain usable offline when all bound child capabilities are local.,CAP-028,"Persistence, migration, offline, rollback, and lifecycle support",defer,Preserved and dependency-ordered after product/visual parity approval.
specs/069-rivet-mcp-gateway/spec.md:FR-032,specs/069-rivet-mcp-gateway/spec.md,FR-032,"Existing workflows without MCP nodes MUST retain their current review, execution, result, and rollback behavior.",CAP-015,"Output inspection, lineage, open, download, and lifetime",retain,"Retained as a canonical-model, safety, or execution invariant."
specs/069-rivet-mcp-gateway/spec.md:FR-033,specs/069-rivet-mcp-gateway/spec.md,FR-033,Existing agent-manager and chat clients MUST continue to use the same gateway policy and workspace boundaries; Rivet MUST not introduce a privileged parallel path.,CAP-023,"Headless, CLI, UI, and host-adapter equivalence",retain,"Retained as a canonical-model, safety, or execution invariant."
specs/069-rivet-mcp-gateway/spec.md:FR-034,specs/069-rivet-mcp-gateway/spec.md,FR-034,"No workflow or test in this feature may start physical machinery, motion, heat, a spindle, a printer, a robot, or a PLC.",CAP-022,"Human approval, authority, and safe external-action boundaries",retain,"Retained as a canonical-model, safety, or execution invariant."
specs/069-rivet-mcp-gateway/spec.md:FR-035,specs/069-rivet-mcp-gateway/spec.md,FR-035,"MCP prompt nodes and prompt retrieval MUST fail closed in this tool-execution loop; enabling them requires a separately specified, reviewed, and bound contract rather than inheriting the tool grant.",CAP-005,Exact governed implementation and MCP bindings,retain,"Retained as a canonical-model, safety, or execution invariant."
specs/069-rivet-mcp-gateway/spec.md:SC-001,specs/069-rivet-mcp-gateway/spec.md,SC-001,"An engineer can discover, bind, review, and run a deterministic workflow that calls two workspace-enabled MCP servers in under five minutes without entering child connection settings in Rivet.",CAP-005,Exact governed implementation and MCP bindings,retain,"Retained as a canonical-model, safety, or execution invariant."
specs/069-rivet-mcp-gateway/spec.md:SC-002,specs/069-rivet-mcp-gateway/spec.md,SC-002,"In the normal deterministic suite, 100% of reviewed calls reach the intended namespaced child tool and 100% of disabled, cross-workspace, unreviewed, unbound, stale, expired, replayed, and post-cancellation attempts are blocked before child invocation.",CAP-020,"Layered failure, needs-input, and bounded recovery",revise,The semantic need is retained while the prior product treatment is replaced by the recovery concept.
specs/069-rivet-mcp-gateway/spec.md:SC-003,specs/069-rivet-mcp-gateway/spec.md,SC-003,"A tool or schema change is visible and invalidates the affected review within one discovery refresh or attempted run, with the exact changed identity identified.",CAP-005,Exact governed implementation and MCP bindings,retain,"Retained as a canonical-model, safety, or execution invariant."
specs/069-rivet-mcp-gateway/spec.md:SC-004,specs/069-rivet-mcp-gateway/spec.md,SC-004,Cancellation revokes the run authority and prevents all later node calls within two seconds in deterministic tests; the record never claims an unacknowledged external operation stopped.,CAP-022,"Human approval, authority, and safe external-action boundaries",retain,"Retained as a canonical-model, safety, or execution invariant."
specs/069-rivet-mcp-gateway/spec.md:SC-005,specs/069-rivet-mcp-gateway/spec.md,SC-005,"Every completed, denied, failed, or cancelled test run has a bounded manifest that accounts for 100% of MCP nodes, bindings, approvals, child calls, artifacts, and terminal reasons without containing secret values.",CAP-024,"Security, privacy, resource, and tool-isolation controls",retain,"Retained as a canonical-model, safety, or execution invariant."
specs/069-rivet-mcp-gateway/spec.md:SC-006,specs/069-rivet-mcp-gateway/spec.md,SC-006,"The deterministic BREP-style and host-bridge-style lifecycle tests produce the same gateway-facing progress, result, cancellation, and failure contracts as ordinary child MCPs.",CAP-020,"Layered failure, needs-input, and bounded recovery",revise,The semantic need is retained while the prior product treatment is replaced by the recovery concept.
specs/069-rivet-mcp-gateway/spec.md:SC-007,specs/069-rivet-mcp-gateway/spec.md,SC-007,"Existing non-MCP workflow, agent-manager, workspace, and gateway regression suites retain their prior pass rate.",CAP-024,"Security, privacy, resource, and tool-isolation controls",retain,"Retained as a canonical-model, safety, or execution invariant."
specs/069-rivet-mcp-gateway/spec.md:SC-008,specs/069-rivet-mcp-gateway/spec.md,SC-008,"Normal validation completes without proprietary applications, paid accounts, credentials, external services, GPUs, hardware, or physical actuation.",CAP-022,"Human approval, authority, and safe external-action boundaries",retain,"Retained as a canonical-model, safety, or execution invariant."
specs/069-rivet-mcp-gateway/spec.md:SC-009,specs/069-rivet-mcp-gateway/spec.md,SC-009,"At least 90% of five representative engineers can identify the bound tool, approval state, active node, and failure boundary from the review/run UI without assistance; this human study may remain explicitly deferred while automated accessibility and journey evidence is completed.",CAP-025,"Engineer usability, accessibility, and responsive operation",retain,"Retained as a canonical-model, safety, or execution invariant."
specs/069-rivet-mcp-gateway/spec.md:SC-010,specs/069-rivet-mcp-gateway/spec.md,SC-010,"Deterministic local performance evidence satisfies every NFR-002 and NFR-003 threshold at the stated scale without contacting a real child service, and the result records the reference host and sample count.",CAP-026,Large-graph performance and keyboard navigation,defer,Preserved and dependency-ordered after product/visual parity approval.
specs/070-engineering-scenario-harness/spec.md:FR-001,specs/070-engineering-scenario-harness/spec.md,FR-001,"Wright MUST provide a catalog of versioned engineering scenario manifests that can be listed, inspected, validated, and run from the Rivet experience.",CAP-013,"Structured validation, diagnostics, and compatibility",retain,"Retained as a canonical-model, safety, or execution invariant."
specs/070-engineering-scenario-harness/spec.md:FR-002,specs/070-engineering-scenario-harness/spec.md,FR-002,"Every scenario manifest MUST declare a stable identifier and revision, title, purpose, engineering domains, test tier, resource class, expected duration, workflow identity, capability requirements, inputs, artifacts, assertions, safety constraints, environment guards, timeouts, cleanup rules, and provenance/license metadata.",CAP-020,"Layered failure, needs-input, and bounded recovery",revise,The semantic need is retained while the prior product treatment is replaced by the recovery concept.
specs/070-engineering-scenario-harness/spec.md:FR-003,specs/070-engineering-scenario-harness/spec.md,FR-003,"The initial Tier 1 catalog MUST include at least three independently runnable multi-MCP scenarios: structural bracket, electronics enclosure cooling, and parametric manufacturing.",CAP-005,Exact governed implementation and MCP bindings,retain,"Retained as a canonical-model, safety, or execution invariant."
specs/070-engineering-scenario-harness/spec.md:FR-004,specs/070-engineering-scenario-harness/spec.md,FR-004,"The initial Tier 1 scenarios collectively MUST exercise CAD, ECAD, FEA, CFD, personal Python computation, CAM, Grasshopper-style parametric data, 3D-printing packaging, and slicing concepts.",CAP-031,"Program control, truthful dashboard, packaging, and release train",defer,Preserved and dependency-ordered after product/visual parity approval.
specs/070-engineering-scenario-harness/spec.md:FR-005,specs/070-engineering-scenario-harness/spec.md,FR-005,"Every Tier 1 scenario MUST call at least two independently registered deterministic MCP servers through the Wright workspace gateway and existing Rivet binding, review, authority, policy, approval, progress, cancellation, audit, and evidence boundaries.",CAP-022,"Human approval, authority, and safe external-action boundaries",retain,"Retained as a canonical-model, safety, or execution invariant."
specs/070-engineering-scenario-harness/spec.md:FR-006,specs/070-engineering-scenario-harness/spec.md,FR-006,"The harness MUST NOT create a direct Rivet-to-child-MCP connection or embed child commands, URLs, credentials, environment variables, or lifecycle configuration in scenario manifests.",CAP-005,Exact governed implementation and MCP bindings,retain,"Retained as a canonical-model, safety, or execution invariant."
specs/070-engineering-scenario-harness/spec.md:FR-007,specs/070-engineering-scenario-harness/spec.md,FR-007,"Scenario preflight MUST resolve exact current capability bindings and MUST block missing, ambiguous, disabled, incompatible, unreviewed, cross-workspace, or stale bindings before child invocation.",CAP-033,"Preflight, argument/result maps, and semantic sufficiency",retain,"Retained as a canonical-model, safety, or execution invariant."
specs/070-engineering-scenario-harness/spec.md:FR-008,specs/070-engineering-scenario-harness/spec.md,FR-008,"Deterministic fake engineering MCPs MUST support namespace-qualified discovery and configurable success, delay, malformed artifact, unit mismatch, domain failure, cancellation, and cleanup outcomes through the same gateway boundary.",CAP-030,Independent engineering oracles and benchmark qualification,defer,Preserved and dependency-ordered after product/visual parity approval.
specs/070-engineering-scenario-harness/spec.md:FR-009,specs/070-engineering-scenario-harness/spec.md,FR-009,"Fake MCP outputs MUST be deterministic for a scenario revision and seed, and any intentionally variable fields MUST be declared and excluded from strict digest comparison.",CAP-015,"Output inspection, lineage, open, download, and lifetime",retain,"Retained as a canonical-model, safety, or execution invariant."
specs/070-engineering-scenario-harness/spec.md:FR-010,specs/070-engineering-scenario-harness/spec.md,FR-010,"The harness MUST define versioned normalized artifact envelopes carrying domain, artifact type/schema and version, declared units and coordinate system where applicable, producer node/call, source-input digests, content or vault reference, content digest, and validation status.",CAP-005,Exact governed implementation and MCP bindings,retain,"Retained as a canonical-model, safety, or execution invariant."
specs/070-engineering-scenario-harness/spec.md:FR-011,specs/070-engineering-scenario-harness/spec.md,FR-011,"Raw child filesystem paths, unrestricted resource URIs, bearer authority, credentials, and unvalidated artifact claims MUST NOT be accepted as scenario artifacts.",CAP-022,"Human approval, authority, and safe external-action boundaries",retain,"Retained as a canonical-model, safety, or execution invariant."
specs/070-engineering-scenario-harness/spec.md:FR-012,specs/070-engineering-scenario-harness/spec.md,FR-012,"The harness MUST provide versioned assertion plugins for structured numeric values, dimensional units, tabular data, meshes/geometry, ECAD board data, FEA results, CFD results, Grasshopper-style data trees, 3MF/additive packages, slicer summaries, and static CAM/G-code lint.",CAP-031,"Program control, truthful dashboard, packaging, and release train",defer,Preserved and dependency-ordered after product/visual parity approval.
specs/070-engineering-scenario-harness/spec.md:FR-013,specs/070-engineering-scenario-harness/spec.md,FR-013,"Assertions MUST support exact, set-membership, range, monotonic, relational, absolute tolerance, and relative tolerance rules as applicable, while rejecting undeclared unit conversion and NaN/infinite values unless explicitly allowed by a domain contract.",CAP-003,Typed ports and artifact contracts,retain,"Retained as a canonical-model, safety, or execution invariant."
specs/070-engineering-scenario-harness/spec.md:FR-014,specs/070-engineering-scenario-harness/spec.md,FR-014,"Geometry checks MUST support finite/non-empty geometry, coordinate and unit declaration, bounds, vertex/face counts, degeneracy, manifoldness where required, volume, surface area, mass-property relationships, and upstream digest correlation.",CAP-003,Typed ports and artifact contracts,retain,"Retained as a canonical-model, safety, or execution invariant."
specs/070-engineering-scenario-harness/spec.md:FR-015,specs/070-engineering-scenario-harness/spec.md,FR-015,"ECAD checks MUST support a recognized board schema/header, declared dimensions and units, board thickness, layer/net presence, component envelope and keep-out/clearance relationships, and upstream digest correlation.",CAP-005,Exact governed implementation and MCP bindings,retain,"Retained as a canonical-model, safety, or execution invariant."
specs/070-engineering-scenario-harness/spec.md:FR-016,specs/070-engineering-scenario-harness/spec.md,FR-016,"FEA and CFD checks MUST distinguish solver/tool completion from engineering validity and support convergence, result completeness, finite values, expected sign/range, tolerance, conservation or residual limits, and mesh/input digest correlation.",CAP-015,"Output inspection, lineage, open, download, and lifetime",retain,"Retained as a canonical-model, safety, or execution invariant."
specs/070-engineering-scenario-harness/spec.md:FR-017,specs/070-engineering-scenario-harness/spec.md,FR-017,"Grasshopper-style data-tree checks MUST retain branch paths, branch ordering where material, item counts, value types, and topology rather than comparing only flattened values.",CAP-029,Engineering-process outcomes across the customer story catalog,retain,"Retained as a canonical-model, safety, or execution invariant."
specs/070-engineering-scenario-harness/spec.md:FR-018,specs/070-engineering-scenario-harness/spec.md,FR-018,"Additive checks MUST validate a recognized 3MF package/core structure, units, mesh/build objects, referenced components/materials where used, and bounded slicer summary values without requiring a printer profile or executing printer commands.",CAP-031,"Program control, truthful dashboard, packaging, and release train",defer,Preserved and dependency-ordered after product/visual parity approval.
specs/070-engineering-scenario-harness/spec.md:FR-019,specs/070-engineering-scenario-harness/spec.md,FR-019,"CAM/G-code checks MUST be static only, MUST require a declared dialect and units, and MUST reject physical-actuation intent, machine-control codes, unsafe or ambiguous modal state, and any attempt to send output to machinery.",CAP-022,"Human approval, authority, and safe external-action boundaries",retain,"Retained as a canonical-model, safety, or execution invariant."
specs/070-engineering-scenario-harness/spec.md:FR-020,specs/070-engineering-scenario-harness/spec.md,FR-020,"Every assertion failure MUST identify the scenario, workflow node, namespaced capability, artifact, invariant identifier, expected rule/tolerance, observed normalized value, units, and stable failure category/reason code.",CAP-020,"Layered failure, needs-input, and bounded recovery",revise,The semantic need is retained while the prior product treatment is replaced by the recovery concept.
specs/070-engineering-scenario-harness/spec.md:FR-021,specs/070-engineering-scenario-harness/spec.md,FR-021,"Reports MUST distinguish preflight, policy/approval, transport, MCP/tool, artifact-contract, engineering-assertion, timeout/cancellation, and cleanup/residue failures.",CAP-022,"Human approval, authority, and safe external-action boundaries",retain,"Retained as a canonical-model, safety, or execution invariant."
specs/070-engineering-scenario-harness/spec.md:FR-022,specs/070-engineering-scenario-harness/spec.md,FR-022,"Scenario runs MUST preserve exact scenario, workflow, graph, capability binding, schema, catalog, fixture, artifact, assertion, environment, policy/approval, child-call, timing, terminal-state, cancellation, and cleanup identities in durable bounded evidence.",CAP-022,"Human approval, authority, and safe external-action boundaries",retain,"Retained as a canonical-model, safety, or execution invariant."
specs/070-engineering-scenario-harness/spec.md:FR-023,specs/070-engineering-scenario-harness/spec.md,FR-023,"Scenario reports MUST be inspectable after restart and exportable as bounded portable metadata and hashes without secrets, reusable authority, raw host paths, or proprietary artifact payloads.",CAP-024,"Security, privacy, resource, and tool-isolation controls",retain,"Retained as a canonical-model, safety, or execution invariant."
specs/070-engineering-scenario-harness/spec.md:FR-024,specs/070-engineering-scenario-harness/spec.md,FR-024,"Run comparison MUST identify material changes in scenario, workflow, bindings, schemas, fixtures, inputs, assertions/tolerances, artifacts, and environment before claiming strict reproducibility.",CAP-021,Truthful execution modes and current-run provenance,retain,"Retained as a canonical-model, safety, or execution invariant."
specs/070-engineering-scenario-harness/spec.md:FR-025,specs/070-engineering-scenario-harness/spec.md,FR-025,"Scenario listing, preflight, progress, cancellation, report, and recovery states MUST be available through thin provider-neutral Wright APIs and usable from the existing Rivet workflow UI.",CAP-020,"Layered failure, needs-input, and bounded recovery",revise,The semantic need is retained while the prior product treatment is replaced by the recovery concept.
specs/070-engineering-scenario-harness/spec.md:FR-026,specs/070-engineering-scenario-harness/spec.md,FR-026,"The UI MUST explain domains, participating capabilities, tier, optional dependencies, resource/expected-duration class, safety boundary, artifacts, assertion status, and actionable recovery in engineering-oriented plain language.",CAP-020,"Layered failure, needs-input, and bounded recovery",revise,The semantic need is retained while the prior product treatment is replaced by the recovery concept.
specs/070-engineering-scenario-harness/spec.md:FR-027,specs/070-engineering-scenario-harness/spec.md,FR-027,"A scenario definition MUST fail validation when required metadata, contracts, safety constraints, cleanup, or provenance/license information is missing or incompatible.",CAP-020,"Layered failure, needs-input, and bounded recovery",revise,The semantic need is retained while the prior product treatment is replaced by the recovery concept.
specs/070-engineering-scenario-harness/spec.md:FR-028,specs/070-engineering-scenario-harness/spec.md,FR-028,"Reusable fixture/sample data MUST declare whether it is Wright-generated or third-party; third-party content MUST record source, license, redistribution status, and modification notice.",CAP-021,Truthful execution modes and current-run provenance,retain,"Retained as a canonical-model, safety, or execution invariant."
specs/070-engineering-scenario-harness/spec.md:FR-029,specs/070-engineering-scenario-harness/spec.md,FR-029,"Tier 1 normal tests MUST run offline with bounded local CPU, memory, disk, and time and MUST NOT require network access, credentials, paid/proprietary applications, GPUs, hardware, large downloads, or interactive prompts.",CAP-015,"Output inspection, lineage, open, download, and lifetime",retain,"Retained as a canonical-model, safety, or execution invariant."
specs/070-engineering-scenario-harness/spec.md:FR-030,specs/070-engineering-scenario-harness/spec.md,FR-030,"Any scenario requiring network, credentials, proprietary applications, GPU, large assets, or external services MUST be Tier 2 or Tier 3, explicitly selected, guarded by preflight, and excluded from normal gates.",CAP-033,"Preflight, argument/result maps, and semantic sufficiency",retain,"Retained as a canonical-model, safety, or execution invariant."
specs/070-engineering-scenario-harness/spec.md:FR-031,specs/070-engineering-scenario-harness/spec.md,FR-031,"Tier 2 public MCP validation MUST follow the repository clean-container process and record catalog entry/revision, platform, package/container identity, installation evidence, discovery digest, gateway evidence, result classification, and cleanup/residue.",CAP-031,"Program control, truthful dashboard, packaging, and release train",defer,Preserved and dependency-ordered after product/visual parity approval.
specs/070-engineering-scenario-harness/spec.md:FR-032,specs/070-engineering-scenario-harness/spec.md,FR-032,"Catalog states for confirmed MCPs, hosted/API-wrapper candidates, and watchlist/no-public-MCP entries MUST remain distinct; only eligible confirmed entries may be represented as directly runnable public MCP integrations.",CAP-005,Exact governed implementation and MCP bindings,retain,"Retained as a canonical-model, safety, or execution invariant."
specs/070-engineering-scenario-harness/spec.md:FR-033,specs/070-engineering-scenario-harness/spec.md,FR-033,"Environment guards MUST fail closed before installation or execution and MUST never silently add MCP-specific host software, accept a license, prompt for secrets, download large model/application assets, or mutate a developer's global environment.",CAP-024,"Security, privacy, resource, and tool-isolation controls",retain,"Retained as a canonical-model, safety, or execution invariant."
specs/070-engineering-scenario-harness/spec.md:FR-034,specs/070-engineering-scenario-harness/spec.md,FR-034,"Cancellation MUST propagate through the existing Rivet/Wright gateway path, prevent later nodes and late results from publishing success, and record cleanup or bounded residue truthfully.",CAP-020,"Layered failure, needs-input, and bounded recovery",revise,The semantic need is retained while the prior product treatment is replaced by the recovery concept.
specs/070-engineering-scenario-harness/spec.md:FR-035,specs/070-engineering-scenario-harness/spec.md,FR-035,Existing non-scenario Rivet workflows and clients MUST retain their current behavior and must not gain broader MCP authority from the harness.,CAP-022,"Human approval, authority, and safe external-action boundaries",retain,"Retained as a canonical-model, safety, or execution invariant."
specs/070-engineering-scenario-harness/spec.md:FR-036,specs/070-engineering-scenario-harness/spec.md,FR-036,"No scenario, assertion, fixture, optional integration, or test may start or command physical machinery, motion, heat, a spindle, extrusion, a printer, a robot, or a PLC.",CAP-022,"Human approval, authority, and safe external-action boundaries",retain,"Retained as a canonical-model, safety, or execution invariant."
specs/070-engineering-scenario-harness/spec.md:FR-037,specs/070-engineering-scenario-harness/spec.md,FR-037,"Scenario validation and execution MUST reject child-supplied executable markup, traversal paths, unbounded payloads, secret-like values, and unsupported schema versions with stable reason codes.",CAP-024,"Security, privacy, resource, and tool-isolation controls",retain,"Retained as a canonical-model, safety, or execution invariant."
specs/070-engineering-scenario-harness/spec.md:SC-001,specs/070-engineering-scenario-harness/spec.md,SC-001,"A new user can select, preflight, run, and understand a passing Tier 1 engineering scenario in under five minutes without configuring child MCP connections inside Rivet.",CAP-033,"Preflight, argument/result maps, and semantic sufficiency",retain,"Retained as a canonical-model, safety, or execution invariant."
specs/070-engineering-scenario-harness/spec.md:SC-002,specs/070-engineering-scenario-harness/spec.md,SC-002,"At least three Tier 1 scenarios each invoke two or more independent deterministic MCP servers through Wright, and together cover all nine requested engineering areas: CAD, ECAD, FEA, CFD, Python, CAM, Grasshopper, 3D printing, and slicing.",CAP-005,Exact governed implementation and MCP bindings,retain,"Retained as a canonical-model, safety, or execution invariant."
specs/070-engineering-scenario-harness/spec.md:SC-003,specs/070-engineering-scenario-harness/spec.md,SC-003,"In deterministic negative tests, 100% of injected missing-capability, unit, schema, convergence, numeric-bound, policy, cancellation, and cleanup failures are attributed to the correct node/capability and violated invariant category.",CAP-020,"Layered failure, needs-input, and bounded recovery",revise,The semantic need is retained while the prior product treatment is replaced by the recovery concept.
specs/070-engineering-scenario-harness/spec.md:SC-004,specs/070-engineering-scenario-harness/spec.md,SC-004,"Repeated Tier 1 runs with identical material identities produce identical normalized artifact digests and assertion outcomes on supported platforms, excluding explicitly declared time and trace fields.",CAP-003,Typed ports and artifact contracts,retain,"Retained as a canonical-model, safety, or execution invariant."
specs/070-engineering-scenario-harness/spec.md:SC-005,specs/070-engineering-scenario-harness/spec.md,SC-005,"100% of normal harness tests complete without credentials, network access, proprietary/paid applications, GPUs, physical hardware, large downloads, global-environment mutation, or interactive prompts.",CAP-022,"Human approval, authority, and safe external-action boundaries",retain,"Retained as a canonical-model, safety, or execution invariant."
specs/070-engineering-scenario-harness/spec.md:SC-006,specs/070-engineering-scenario-harness/spec.md,SC-006,"Every completed, failed, cancelled, or blocked run retains exact workflow/capability provenance, bounded artifact/assertion evidence, and truthful cleanup/residue status after application restart.",CAP-020,"Layered failure, needs-input, and bounded recovery",revise,The semantic need is retained while the prior product treatment is replaced by the recovery concept.
specs/070-engineering-scenario-harness/spec.md:SC-007,specs/070-engineering-scenario-harness/spec.md,SC-007,"A maintainer can add and validate a deterministic test scenario using documented manifest, fixture, and assertion contracts without modifying the core runner, and invalid/unsafe definitions fail with field-specific guidance.",CAP-021,Truthful execution modes and current-run provenance,retain,"Retained as a canonical-model, safety, or execution invariant."
specs/070-engineering-scenario-harness/spec.md:SC-008,specs/070-engineering-scenario-harness/spec.md,SC-008,"Selected Tier 2 probes use clean containers, preserve confirmed/candidate/watchlist catalog distinctions, and leave no unreported host or container residue.",CAP-011,Searchable engineering capability palette,retain,"Retained as a canonical-model, safety, or execution invariant."
specs/070-engineering-scenario-harness/spec.md:SC-009,specs/070-engineering-scenario-harness/spec.md,SC-009,"Automated accessibility checks report no serious or critical findings for the scenario library, preflight, progress, and report journeys.",CAP-025,"Engineer usability, accessibility, and responsive operation",retain,"Retained as a canonical-model, safety, or execution invariant."
specs/071-local-engineering-model-library/spec.md:FR-001,specs/071-local-engineering-model-library/spec.md,FR-001,Wright MUST provide a distinct local engineering model library separate from conversational/tool-use model-provider setup.,CAP-005,Exact governed implementation and MCP bindings,retain,"Retained as a canonical-model, safety, or execution invariant."
specs/071-local-engineering-model-library/spec.md:FR-002,specs/071-local-engineering-model-library/spec.md,FR-002,"Engineers MUST be able to list, filter, sort, and inspect model packages and variants by engineering task, source, maturity, license state, install state, platform, architecture, accelerator need, runtime, artifact size, and evidence state.",CAP-031,"Program control, truthful dashboard, packaging, and release train",defer,Preserved and dependency-ordered after product/visual parity approval.
specs/071-local-engineering-model-library/spec.md:FR-003,specs/071-local-engineering-model-library/spec.md,FR-003,"Every model package MUST declare a stable model and package identity, schema version, publisher, source kind and URI, immutable source revision, task taxonomy, variants, input/output contracts, units and coordinate conventions where applicable, artifacts, checksums, sizes, license, attribution, redistribution policy, runtime adapter, resource envelope, test vectors, limitations, and remote-code policy.",CAP-031,"Program control, truthful dashboard, packaging, and release train",defer,Preserved and dependency-ordered after product/visual parity approval.
specs/071-local-engineering-model-library/spec.md:FR-004,specs/071-local-engineering-model-library/spec.md,FR-004,"Model variants MUST have independent artifact, runtime, precision, platform, resource, and test evidence and MUST NOT inherit compatibility merely from another variant.",CAP-019,"Inputs, Outputs, Activity, and Diagnosis per executable block",retain,"Retained as a canonical-model, safety, or execution invariant."
specs/071-local-engineering-model-library/spec.md:FR-005,specs/071-local-engineering-model-library/spec.md,FR-005,"Catalog entries MUST distinguish approved, needs-review, gated/external-action, incompatible, deprecated, withdrawn, and blocked states; only approved compatible variants may be installed.",CAP-022,"Human approval, authority, and safe external-action boundaries",retain,"Retained as a canonical-model, safety, or execution invariant."
specs/071-local-engineering-model-library/spec.md:FR-006,specs/071-local-engineering-model-library/spec.md,FR-006,The first catalog MUST include a tiny Wright-owned deterministic test model and at least one specifically reviewed public external engineering model at a full immutable revision.,CAP-032,"Model configuration, deterministic/AI execution, and exact identity",retain,"Retained as a canonical-model, safety, or execution invariant."
specs/071-local-engineering-model-library/spec.md:FR-007,specs/071-local-engineering-model-library/spec.md,FR-007,"Wright MUST show whether source, license, artifact, runtime, compatibility, security, and test evidence is bundled, cached, live, stale, partial, or absent.",CAP-024,"Security, privacy, resource, and tool-isolation controls",retain,"Retained as a canonical-model, safety, or execution invariant."
specs/071-local-engineering-model-library/spec.md:FR-008,specs/071-local-engineering-model-library/spec.md,FR-008,"Compatibility preflight MUST fail closed for unsupported operating system, architecture, runtime version, instruction set, CPU/RAM/disk, GPU/VRAM/driver, unavailable accelerator, unavailable runtime, or incompatible input/output contract.",CAP-015,"Output inspection, lineage, open, download, and lifetime",retain,"Retained as a canonical-model, safety, or execution invariant."
specs/071-local-engineering-model-library/spec.md:FR-009,specs/071-local-engineering-model-library/spec.md,FR-009,"Before acquisition, Wright MUST show an expiring install plan containing exact source revision, declared files and maximum bytes, cache/install locations in safe user-oriented terms, network/token/license requirements, runtime effects, compatibility, prompts, references, rollback, and cleanup.",CAP-020,"Layered failure, needs-input, and bounded recovery",revise,The semantic need is retained while the prior product treatment is replaced by the recovery concept.
specs/071-local-engineering-model-library/spec.md:FR-010,specs/071-local-engineering-model-library/spec.md,FR-010,"A mutable source reference MUST be resolved to an immutable revision before confirmation, and any revision or manifest change MUST invalidate the plan.",CAP-013,"Structured validation, diagnostics, and compatibility",retain,"Retained as a canonical-model, safety, or execution invariant."
specs/071-local-engineering-model-library/spec.md:FR-011,specs/071-local-engineering-model-library/spec.md,FR-011,"Download and import MUST accept only package-declared files from approved sources and MUST enforce secure transport, redirect policy, normalized relative paths, file/count/size ceilings, and declared content digests.",CAP-031,"Program control, truthful dashboard, packaging, and release train",defer,Preserved and dependency-ordered after product/visual parity approval.
specs/071-local-engineering-model-library/spec.md:FR-012,specs/071-local-engineering-model-library/spec.md,FR-012,"Downloads MUST stage outside the ready installation, support bounded progress and cancellation, and distinguish resumable partial content from verified cache content.",CAP-018,"Truthful run states, liveness, cancellation, and reconnect",retain,"Retained as a canonical-model, safety, or execution invariant."
specs/071-local-engineering-model-library/spec.md:FR-013,specs/071-local-engineering-model-library/spec.md,FR-013,"Failed, interrupted, cancelled, oversized, corrupt, or incomplete acquisition MUST NOT create an installed, enabled, or loadable model.",CAP-018,"Truthful run states, liveness, cancellation, and reconnect",retain,"Retained as a canonical-model, safety, or execution invariant."
specs/071-local-engineering-model-library/spec.md:FR-014,specs/071-local-engineering-model-library/spec.md,FR-014,Verified artifacts MUST use content-addressed storage so identical bytes are reused across packages while reference ownership remains exact.,CAP-031,"Program control, truthful dashboard, packaging, and release train",defer,Preserved and dependency-ordered after product/visual parity approval.
specs/071-local-engineering-model-library/spec.md:FR-015,specs/071-local-engineering-model-library/spec.md,FR-015,"Cache and installation activation MUST be atomic, concurrency-safe, idempotent, recoverable after restart, and resistant to time-of-check/time-of-use replacement.",CAP-014,"Input attachment, preview, replacement, and provenance",retain,"Retained as a canonical-model, safety, or execution invariant."
specs/071-local-engineering-model-library/spec.md:FR-016,specs/071-local-engineering-model-library/spec.md,FR-016,"Online download and offline import MUST apply the same package, license, compatibility, artifact, format, checksum, and test-vector policy.",CAP-031,"Program control, truthful dashboard, packaging, and release train",defer,Preserved and dependency-ordered after product/visual parity approval.
specs/071-local-engineering-model-library/spec.md:FR-017,specs/071-local-engineering-model-library/spec.md,FR-017,"Model data formats MUST be explicitly allowlisted and treated as untrusted; package validation MUST reject executable code, scripts, macros, plugins, native libraries, unsafe deserialization formats, symlinks, traversal, undeclared files, and nested unbounded archives.",CAP-031,"Program control, truthful dashboard, packaging, and release train",defer,Preserved and dependency-ordered after product/visual parity approval.
specs/071-local-engineering-model-library/spec.md:FR-018,specs/071-local-engineering-model-library/spec.md,FR-018,Repository code execution and implicit remote code MUST remain disabled; a package requiring remote code MUST be blocked rather than activated by a hidden or generic trust switch.,CAP-031,"Program control, truthful dashboard, packaging, and release train",defer,Preserved and dependency-ordered after product/visual parity approval.
specs/071-local-engineering-model-library/spec.md:FR-019,specs/071-local-engineering-model-library/spec.md,FR-019,"External license acceptance, gated access, subscriptions, or sharing of personal information MUST occur independently and explicitly; Wright MUST NOT silently accept terms, request access, disclose user data, or store a source token in model metadata, logs, evidence, or exports.",CAP-019,"Inputs, Outputs, Activity, and Diagnosis per executable block",retain,"Retained as a canonical-model, safety, or execution invariant."
specs/071-local-engineering-model-library/spec.md:FR-020,specs/071-local-engineering-model-library/spec.md,FR-020,"Tokens, when explicitly needed, MUST be stored only through the existing secret boundary, requested with minimum read scope, never passed to runtimes, and removable without altering verified public artifacts.",CAP-024,"Security, privacy, resource, and tool-isolation controls",retain,"Retained as a canonical-model, safety, or execution invariant."
specs/071-local-engineering-model-library/spec.md:FR-021,specs/071-local-engineering-model-library/spec.md,FR-021,"Wright MUST perform disk admission before acquisition and resource admission before load and inference, including concurrent reservation and a safe CPU fallback only when the package declares one.",CAP-031,"Program control, truthful dashboard, packaging, and release train",defer,Preserved and dependency-ordered after product/visual parity approval.
specs/071-local-engineering-model-library/spec.md:FR-022,specs/071-local-engineering-model-library/spec.md,FR-022,"A versioned runtime adapter contract MUST support compatibility and health probes, verify, load, unload, typed inference, progress, timeout, cancellation, resource reporting, deterministic test-vector execution, exact identity, and bounded redacted diagnostics.",CAP-020,"Layered failure, needs-input, and bounded recovery",revise,The semantic need is retained while the prior product treatment is replaced by the recovery concept.
specs/071-local-engineering-model-library/spec.md:FR-023,specs/071-local-engineering-model-library/spec.md,FR-023,"A runtime adapter MUST be independently reviewed and installed; downloading model artifacts MUST NOT silently install packages, drivers, compilers, system services, or global dependencies.",CAP-031,"Program control, truthful dashboard, packaging, and release train",defer,Preserved and dependency-ordered after product/visual parity approval.
specs/071-local-engineering-model-library/spec.md:FR-024,specs/071-local-engineering-model-library/spec.md,FR-024,"A model MUST remain unready until its artifacts verify, its adapter is compatible and healthy, and every mandatory standard test vector passes against the exact model/runtime pair.",CAP-013,"Structured validation, diagnostics, and compatibility",retain,"Retained as a canonical-model, safety, or execution invariant."
specs/071-local-engineering-model-library/spec.md:FR-025,specs/071-local-engineering-model-library/spec.md,FR-025,"Test vectors MUST declare typed inputs, units/coordinates where material, expected output schema, numerical tolerances or membership rules, deterministic seed, resource/time ceilings, and the model limitations they exercise.",CAP-015,"Output inspection, lineage, open, download, and lifetime",retain,"Retained as a canonical-model, safety, or execution invariant."
specs/071-local-engineering-model-library/spec.md:FR-026,specs/071-local-engineering-model-library/spec.md,FR-026,"Inference MUST validate typed bounded inputs and outputs and reject undeclared dimensions, incompatible units, unsupported coordinates, invalid labels, NaN/infinity, oversized payloads, unsafe paths/URIs, and secret-like values.",CAP-024,"Security, privacy, resource, and tool-isolation controls",retain,"Retained as a canonical-model, safety, or execution invariant."
specs/071-local-engineering-model-library/spec.md:FR-027,specs/071-local-engineering-model-library/spec.md,FR-027,"Model capabilities MUST be exposed to workspaces through the existing Wright gateway with namespaced typed schemas, workspace enablement, policy, review, short-lived run authority, progress, cancellation, audit, and evidence; clients MUST NOT connect directly to runtimes.",CAP-022,"Human approval, authority, and safe external-action boundaries",retain,"Retained as a canonical-model, safety, or execution invariant."
specs/071-local-engineering-model-library/spec.md:FR-028,specs/071-local-engineering-model-library/spec.md,FR-028,"Capability discovery and inference evidence MUST identify exact package, source revision, variant, artifact-set digest, adapter/runtime version, schema digest, resource class, test evidence, and workspace binding without exposing host paths or authority.",CAP-031,"Program control, truthful dashboard, packaging, and release train",defer,Preserved and dependency-ordered after product/visual parity approval.
specs/071-local-engineering-model-library/spec.md:FR-029,specs/071-local-engineering-model-library/spec.md,FR-029,"Enabling a model MUST be per workspace and MUST NOT broaden another workspace, existing MCP, conversational provider, or ordinary workflow authority.",CAP-022,"Human approval, authority, and safe external-action boundaries",retain,"Retained as a canonical-model, safety, or execution invariant."
specs/071-local-engineering-model-library/spec.md:FR-030,specs/071-local-engineering-model-library/spec.md,FR-030,"Cancellation MUST stop or bound active load/inference through the gateway path, prevent late output from publishing success, release reservations, and record truthful cleanup or residue.",CAP-031,"Program control, truthful dashboard, packaging, and release train",defer,Preserved and dependency-ordered after product/visual parity approval.
specs/071-local-engineering-model-library/spec.md:FR-031,specs/071-local-engineering-model-library/spec.md,FR-031,"Every failure MUST have a stable category and reason code covering catalog, source, license, authentication, compatibility, admission, download, import, integrity, format, runtime, test, inference, cancellation, reference, cleanup, and internal failures, with actionable recovery.",CAP-020,"Layered failure, needs-input, and bounded recovery",revise,The semantic need is retained while the prior product treatment is replaced by the recovery concept.
specs/071-local-engineering-model-library/spec.md:FR-032,specs/071-local-engineering-model-library/spec.md,FR-032,"Update preview MUST compare every material catalog, manifest, license, artifact, adapter, runtime, hardware, schema, task/units, limitation, and test-vector change and MUST preserve the current healthy revision until the candidate passes.",CAP-014,"Input attachment, preview, replacement, and provenance",retain,"Retained as a canonical-model, safety, or execution invariant."
specs/071-local-engineering-model-library/spec.md:FR-033,specs/071-local-engineering-model-library/spec.md,FR-033,Rollback MUST restore a previously verified compatible revision without redownload when its referenced content remains available and MUST re-run compatibility and mandatory tests before activation.,CAP-015,"Output inspection, lineage, open, download, and lifetime",retain,"Retained as a canonical-model, safety, or execution invariant."
specs/071-local-engineering-model-library/spec.md:FR-034,specs/071-local-engineering-model-library/spec.md,FR-034,"Removal MUST be reference-aware across workspaces, reviewed workflows, retained runs, exports, and shared content; Wright MUST block destructive removal or explain exact detach/archive consequences before deleting required bytes.",CAP-028,"Persistence, migration, offline, rollback, and lifecycle support",defer,Preserved and dependency-ordered after product/visual parity approval.
specs/071-local-engineering-model-library/spec.md:FR-035,specs/071-local-engineering-model-library/spec.md,FR-035,"Unreferenced cache cleanup MUST preview exact reclaimable bytes, preserve verified content needed by installed packages or reproducibility records, and be cancellable and recoverable.",CAP-031,"Program control, truthful dashboard, packaging, and release train",defer,Preserved and dependency-ordered after product/visual parity approval.
specs/071-local-engineering-model-library/spec.md:FR-036,specs/071-local-engineering-model-library/spec.md,FR-036,"Offline export MUST include the exact package manifest, allowed artifacts, checksums, license and attribution, runtime requirements, and test vectors, and MUST exclude secrets, mutable authority, raw host paths, private catalog data, and undeclared files.",CAP-031,"Program control, truthful dashboard, packaging, and release train",defer,Preserved and dependency-ordered after product/visual parity approval.
specs/071-local-engineering-model-library/spec.md:FR-037,specs/071-local-engineering-model-library/spec.md,FR-037,"Durable lifecycle state and evidence MUST survive restart and preserve exact plan, operation, package, artifact, runtime, test, reference, cancellation, cleanup, and rollback identities within bounded records.",CAP-031,"Program control, truthful dashboard, packaging, and release train",defer,Preserved and dependency-ordered after product/visual parity approval.
specs/071-local-engineering-model-library/spec.md:FR-038,specs/071-local-engineering-model-library/spec.md,FR-038,"The UI MUST separate engineering models from conversational-provider setup and explain value, task, compatibility, storage, hardware, license, safety, limitations, state, progress, evidence, references, and recovery in engineering-oriented plain language.",CAP-020,"Layered failure, needs-input, and bounded recovery",revise,The semantic need is retained while the prior product treatment is replaced by the recovery concept.
specs/071-local-engineering-model-library/spec.md:FR-039,specs/071-local-engineering-model-library/spec.md,FR-039,"The initial external candidate MUST be pinned, public, ungated, permissively licensed, bounded in size, useful for a typed engineering task, loadable without repository code, and documented with honest limitations; a candidate failing any condition MUST remain evaluation-only or blocked.",CAP-031,"Program control, truthful dashboard, packaging, and release train",defer,Preserved and dependency-ordered after product/visual parity approval.
specs/071-local-engineering-model-library/spec.md:FR-040,specs/071-local-engineering-model-library/spec.md,FR-040,"Normal tests MUST use tiny deterministic generated fixtures and MUST NOT require network, credentials, gated terms, paid services, proprietary apps, GPUs, hardware, large downloads, or committed model weights.",CAP-021,Truthful execution modes and current-run provenance,retain,"Retained as a canonical-model, safety, or execution invariant."
specs/071-local-engineering-model-library/spec.md:FR-041,specs/071-local-engineering-model-library/spec.md,FR-041,"Optional live source validation MUST be explicitly selected, download only reviewed allowlisted artifacts into Wright-controlled storage, record exact source/digest/runtime evidence, and leave downloads, weights, caches, and runtime environments untracked.",CAP-019,"Inputs, Outputs, Activity, and Diagnosis per executable block",retain,"Retained as a canonical-model, safety, or execution invariant."
specs/071-local-engineering-model-library/spec.md:FR-042,specs/071-local-engineering-model-library/spec.md,FR-042,"No model capability, test vector, or example may start or command physical machinery, motion, heat, a spindle, extrusion, a printer, a robot, or a PLC.",CAP-022,"Human approval, authority, and safe external-action boundaries",retain,"Retained as a canonical-model, safety, or execution invariant."
specs/071-local-engineering-model-library/spec.md:FR-043,specs/071-local-engineering-model-library/spec.md,FR-043,"Public package and adapter registries MUST reject duplicate identities, unsupported contract versions, ambiguous task schemas, conflicting file ownership, or unapproved adapter/version combinations before acquisition.",CAP-031,"Program control, truthful dashboard, packaging, and release train",defer,Preserved and dependency-ordered after product/visual parity approval.
specs/071-local-engineering-model-library/spec.md:SC-001,specs/071-local-engineering-model-library/spec.md,SC-001,"An engineer can determine whether a model is useful, licensed, compatible, safe, and within storage/resource limits in under two minutes without starting a download.",CAP-024,"Security, privacy, resource, and tool-isolation controls",retain,"Retained as a canonical-model, safety, or execution invariant."
specs/071-local-engineering-model-library/spec.md:SC-002,specs/071-local-engineering-model-library/spec.md,SC-002,"One Wright-owned deterministic model and one approved external engineering model traverse catalog, plan, acquire/import, verify, install, mandatory test, enable, offline use, disable, rollback or removal with exact evidence.",CAP-022,"Human approval, authority, and safe external-action boundaries",retain,"Retained as a canonical-model, safety, or execution invariant."
specs/071-local-engineering-model-library/spec.md:SC-003,specs/071-local-engineering-model-library/spec.md,SC-003,"In deterministic negative tests, 100% of corrupt, truncated, oversized, path-escaping, undeclared, unsafe-format, remote-code, license, gating, compatibility, resource, runtime, schema, cancellation, and reference failures block readiness and report the correct stable category.",CAP-020,"Layered failure, needs-input, and bounded recovery",revise,The semantic need is retained while the prior product treatment is replaced by the recovery concept.
specs/071-local-engineering-model-library/spec.md:SC-004,specs/071-local-engineering-model-library/spec.md,SC-004,Repeating installation from the same verified cache transfers zero model bytes and creates no duplicate content while preserving package-specific references.,CAP-031,"Program control, truthful dashboard, packaging, and release train",defer,Preserved and dependency-ordered after product/visual parity approval.
specs/071-local-engineering-model-library/spec.md:SC-005,specs/071-local-engineering-model-library/spec.md,SC-005,"An interrupted operation followed by restart never exposes partial content as verified, installed, enabled, or loadable in 100% of state-transition fault tests.",CAP-028,"Persistence, migration, offline, rollback, and lifecycle support",defer,Preserved and dependency-ordered after product/visual parity approval.
specs/071-local-engineering-model-library/spec.md:SC-006,specs/071-local-engineering-model-library/spec.md,SC-006,A standard typed test vector for an installed model operates offline and records identical material evidence and outcomes across repeated supported CPU runs within declared tolerances.,CAP-019,"Inputs, Outputs, Activity, and Diagnosis per executable block",retain,"Retained as a canonical-model, safety, or execution invariant."
specs/071-local-engineering-model-library/spec.md:SC-007,specs/071-local-engineering-model-library/spec.md,SC-007,"A reviewed workspace can discover and call an enabled model through Wright, while cross-workspace, stale-binding, unreviewed, disabled, and direct-runtime attempts fail in 100% of deterministic authorization tests.",CAP-005,Exact governed implementation and MCP bindings,retain,"Retained as a canonical-model, safety, or execution invariant."
specs/071-local-engineering-model-library/spec.md:SC-008,specs/071-local-engineering-model-library/spec.md,SC-008,"Update failure preserves the previous healthy revision in 100% of verification, test, resource, and cancellation fault injections; rollback uses cached content when available.",CAP-020,"Layered failure, needs-input, and bounded recovery",revise,The semantic need is retained while the prior product treatment is replaced by the recovery concept.
specs/071-local-engineering-model-library/spec.md:SC-009,specs/071-local-engineering-model-library/spec.md,SC-009,"Removal and cache cleanup never delete bytes referenced by an installed package, enabled workspace, reviewed workflow, or retained reproducibility record in deterministic reference tests.",CAP-031,"Program control, truthful dashboard, packaging, and release train",defer,Preserved and dependency-ordered after product/visual parity approval.
specs/071-local-engineering-model-library/spec.md:SC-010,specs/071-local-engineering-model-library/spec.md,SC-010,"Normal gates complete with no network, credentials, gated terms, paid services, proprietary apps, GPUs, physical hardware, large downloads, global dependency mutation, committed weights, or physical actuation.",CAP-022,"Human approval, authority, and safe external-action boundaries",retain,"Retained as a canonical-model, safety, or execution invariant."
specs/071-local-engineering-model-library/spec.md:SC-011,specs/071-local-engineering-model-library/spec.md,SC-011,"Automated accessibility checks report no serious or critical findings across the model library, detail, plan, progress, test, update, rollback, and removal journeys.",CAP-025,"Engineer usability, accessibility, and responsive operation",retain,"Retained as a canonical-model, safety, or execution invariant."
specs/071-local-engineering-model-library/spec.md:SC-012,specs/071-local-engineering-model-library/spec.md,SC-012,"A maintainer can add a deterministic model package and compatible test adapter using documented public contracts without editing the lifecycle service, and invalid additions fail before acquisition.",CAP-031,"Program control, truthful dashboard, packaging, and release train",defer,Preserved and dependency-ordered after product/visual parity approval.
specs/072-chatter-rivet-scenarios/spec.md:FR-001,specs/072-chatter-rivet-scenarios/spec.md,FR-001,"Wright MUST provide one distinct Chatter model package through the existing engineering model library, with a full immutable package identity and no embedded model payload in Git or application distributions.",CAP-031,"Program control, truthful dashboard, packaging, and release train",defer,Preserved and dependency-ordered after product/visual parity approval.
specs/072-chatter-rivet-scenarios/spec.md:FR-002,specs/072-chatter-rivet-scenarios/spec.md,FR-002,"The package MUST identify the Wright owner/support boundary, source repository revision, immutable training dataset digest, recipe/configuration identity, split/membership evidence, training/evaluation evidence, serving-conversion identity, and exact selected artifact digests.",CAP-031,"Program control, truthful dashboard, packaging, and release train",defer,Preserved and dependency-ordered after product/visual parity approval.
specs/072-chatter-rivet-scenarios/spec.md:FR-003,specs/072-chatter-rivet-scenarios/spec.md,FR-003,"Until an explicit owner decision broadens the terms, the Chatter package MUST be labelled internal-use and non-redistributable, and export MUST remain blocked.",CAP-031,"Program control, truthful dashboard, packaging, and release train",defer,Preserved and dependency-ordered after product/visual parity approval.
specs/072-chatter-rivet-scenarios/spec.md:FR-004,specs/072-chatter-rivet-scenarios/spec.md,FR-004,"Wright MUST reject Joblib, pickle, source code, estimator objects, training environments, and arbitrary repository artifacts as Chatter package content.",CAP-031,"Program control, truthful dashboard, packaging, and release train",defer,Preserved and dependency-ordered after product/visual parity approval.
specs/072-chatter-rivet-scenarios/spec.md:FR-005,specs/072-chatter-rivet-scenarios/spec.md,FR-005,"The installable Chatter artifact MUST be a narrowly validated data-only serving representation that declares all preprocessing constants, ordered features, classifier structure, class order, threshold, numeric precision, and bounded resource needs required for inference.",CAP-013,"Structured validation, diagnostics, and compatibility",retain,"Retained as a canonical-model, safety, or execution invariant."
specs/072-chatter-rivet-scenarios/spec.md:FR-006,specs/072-chatter-rivet-scenarios/spec.md,FR-006,"Producing the serving representation MUST be an explicit trusted conversion outside normal installation; installation MUST NOT train, deserialize the source artifact, install a converter, contact Data Vault, or mutate a global environment.",CAP-029,Engineering-process outcomes across the customer story catalog,retain,"Retained as a canonical-model, safety, or execution invariant."
specs/072-chatter-rivet-scenarios/spec.md:FR-007,specs/072-chatter-rivet-scenarios/spec.md,FR-007,"Conversion evidence MUST bind exact source data/recipe/environment/export identities and compare the serving representation with the trusted source evaluator over frozen membership and boundary cases, including per-row disagreement and score-delta ceilings.",CAP-019,"Inputs, Outputs, Activity, and Diagnosis per executable block",retain,"Retained as a canonical-model, safety, or execution invariant."
specs/072-chatter-rivet-scenarios/spec.md:FR-008,specs/072-chatter-rivet-scenarios/spec.md,FR-008,"Any change to source, ownership terms, data, recipe, feature contract, preprocessing, classifier, class order, threshold, serving bytes, adapter, resource ceiling, limitations, or validation evidence MUST create a new reviewed package revision.",CAP-031,"Program control, truthful dashboard, packaging, and release train",defer,Preserved and dependency-ordered after product/visual parity approval.
specs/072-chatter-rivet-scenarios/spec.md:FR-009,specs/072-chatter-rivet-scenarios/spec.md,FR-009,A host without the separately reviewed compatible runtime MUST keep Chatter inspectable but incompatible and MUST NOT offer install or enable actions.,CAP-013,"Structured validation, diagnostics, and compatibility",retain,"Retained as a canonical-model, safety, or execution invariant."
specs/072-chatter-rivet-scenarios/spec.md:FR-010,specs/072-chatter-rivet-scenarios/spec.md,FR-010,The Chatter capability MUST accept a versioned bounded batch of one to one hundred candidates with stable candidate identities and the complete ordered numeric input contract.,CAP-003,Typed ports and artifact contracts,retain,"Retained as a canonical-model, safety, or execution invariant."
specs/072-chatter-rivet-scenarios/spec.md:FR-011,specs/072-chatter-rivet-scenarios/spec.md,FR-011,"Every input field MUST declare engineering meaning, unit, finite numeric type, valid range, and whether it is a measured, identified, assumed, or simulated value; missing, extra, duplicate, reordered, non-finite, and unit-incompatible inputs MUST fail closed.",CAP-013,"Structured validation, diagnostics, and compatibility",retain,"Retained as a canonical-model, safety, or execution invariant."
specs/072-chatter-rivet-scenarios/spec.md:FR-012,specs/072-chatter-rivet-scenarios/spec.md,FR-012,"The output for each candidate MUST preserve order/identity and contain predicted `stable` or `chatter` state, uncalibrated chatter score, exact decision threshold, signed decision margin, calibration status, applicability status, warnings, and exact model/runtime/schema evidence.",CAP-019,"Inputs, Outputs, Activity, and Diagnosis per executable block",retain,"Retained as a canonical-model, safety, or execution invariant."
specs/072-chatter-rivet-scenarios/spec.md:FR-013,specs/072-chatter-rivet-scenarios/spec.md,FR-013,"Wright MUST NOT describe an uncalibrated chatter score or threshold margin as a real-world safety probability, statistical confidence interval, certification result, or guarantee.",CAP-015,"Output inspection, lineage, open, download, and lifetime",retain,"Retained as a canonical-model, safety, or execution invariant."
specs/072-chatter-rivet-scenarios/spec.md:FR-014,specs/072-chatter-rivet-scenarios/spec.md,FR-014,Near-threshold and out-of-population results MUST require review and MUST NOT participate in an automatic “safe” recommendation.,CAP-015,"Output inspection, lineage, open, download, and lifetime",retain,"Retained as a canonical-model, safety, or execution invariant."
specs/072-chatter-rivet-scenarios/spec.md:FR-015,specs/072-chatter-rivet-scenarios/spec.md,FR-015,"The capability MAY compare and rank only caller-supplied discrete simulated candidates; it MUST NOT interpolate stability lobes, synthesize an untested operating point, or prescribe a machine setting.",CAP-029,Engineering-process outcomes across the customer story catalog,retain,"Retained as a canonical-model, safety, or execution invariant."
specs/072-chatter-rivet-scenarios/spec.md:FR-016,specs/072-chatter-rivet-scenarios/spec.md,FR-016,"Any candidate comparison MUST retain failed non-model engineering invariants and MUST NOT rank a candidate as preferred when clearance, force, deflection, tool reach, or another required invariant fails.",CAP-029,Engineering-process outcomes across the customer story catalog,retain,"Retained as a canonical-model, safety, or execution invariant."
specs/072-chatter-rivet-scenarios/spec.md:FR-017,specs/072-chatter-rivet-scenarios/spec.md,FR-017,"Mandatory vectors MUST include known stable, known chatter, near-threshold, malformed, out-of-range, non-finite, feature-order, unit, and resource/cancellation cases and MUST bind exact expected predicates and tolerances.",CAP-018,"Truthful run states, liveness, cancellation, and reconnect",retain,"Retained as a canonical-model, safety, or execution invariant."
specs/072-chatter-rivet-scenarios/spec.md:FR-018,specs/072-chatter-rivet-scenarios/spec.md,FR-018,"Model readiness MUST require successful serving-artifact verification, runtime compatibility/health, conversion-parity evidence, and every mandatory Chatter vector against the exact installation.",CAP-019,"Inputs, Outputs, Activity, and Diagnosis per executable block",retain,"Retained as a canonical-model, safety, or execution invariant."
specs/072-chatter-rivet-scenarios/spec.md:FR-019,specs/072-chatter-rivet-scenarios/spec.md,FR-019,"Wright MUST provide a deterministic Tier-1 chatter-aware CNC scenario that combines at least one CAD context capability, one simulated CAM candidate capability, and the exact Chatter model capability in one reviewed Rivet graph.",CAP-032,"Model configuration, deterministic/AI execution, and exact identity",retain,"Retained as a canonical-model, safety, or execution invariant."
specs/072-chatter-rivet-scenarios/spec.md:FR-020,specs/072-chatter-rivet-scenarios/spec.md,FR-020,"All MCP and model capabilities MUST be discovered, reviewed, bound, invoked, cancelled, and audited through Wright's existing workspace gateway; Rivet MUST receive no child configuration, runtime endpoint, process handle, reusable credential, or independent lifecycle authority.",CAP-022,"Human approval, authority, and safe external-action boundaries",retain,"Retained as a canonical-model, safety, or execution invariant."
specs/072-chatter-rivet-scenarios/spec.md:FR-021,specs/072-chatter-rivet-scenarios/spec.md,FR-021,"Scenario preflight MUST revalidate workflow/graph, node, MCP server/tool/schema/validation, model package/installation/adapter/vector, candidate schema/units, workspace grant, resource, policy, and scenario-manifest identities before start.",CAP-031,"Program control, truthful dashboard, packaging, and release train",defer,Preserved and dependency-ordered after product/visual parity approval.
specs/072-chatter-rivet-scenarios/spec.md:FR-022,specs/072-chatter-rivet-scenarios/spec.md,FR-022,"The scenario MUST use deterministic, proprietary-free CAD and simulated CAM fixtures in normal gates and MUST NOT require a real CAM application, CNC controller, machine tool, credential, paid service, GPU, or network.",CAP-021,Truthful execution modes and current-run provenance,retain,"Retained as a canonical-model, safety, or execution invariant."
specs/072-chatter-rivet-scenarios/spec.md:FR-023,specs/072-chatter-rivet-scenarios/spec.md,FR-023,"The CAM capability MUST emit explicit candidate identities, units, simulated provenance, and the complete Chatter input contract; no prompt-derived or dynamically named model/tool binding is permitted.",CAP-021,Truthful execution modes and current-run provenance,retain,"Retained as a canonical-model, safety, or execution invariant."
specs/072-chatter-rivet-scenarios/spec.md:FR-024,specs/072-chatter-rivet-scenarios/spec.md,FR-024,The scenario MUST evaluate only the exact candidates returned by the bound CAM capability and MUST correlate each model result to its candidate and producing child receipt.,CAP-015,"Output inspection, lineage, open, download, and lifetime",retain,"Retained as a canonical-model, safety, or execution invariant."
specs/072-chatter-rivet-scenarios/spec.md:FR-025,specs/072-chatter-rivet-scenarios/spec.md,FR-025,"The scenario report MUST include selected discrete comparison, rejected candidates/reasons, all engineering invariant outcomes, simulation-only status, uncalibrated-score explanation, limitations, human-review action, and exact artifact/tool/model/workflow evidence.",CAP-019,"Inputs, Outputs, Activity, and Diagnosis per executable block",retain,"Retained as a canonical-model, safety, or execution invariant."
specs/072-chatter-rivet-scenarios/spec.md:FR-026,specs/072-chatter-rivet-scenarios/spec.md,FR-026,"The report and authorized artifacts MUST NOT contain G-code, controller instructions, spindle/feed override commands, machine endpoints, credentials, raw host paths, reusable run authority, private source rows, or model payload bytes.",CAP-022,"Human approval, authority, and safe external-action boundaries",retain,"Retained as a canonical-model, safety, or execution invariant."
specs/072-chatter-rivet-scenarios/spec.md:FR-027,specs/072-chatter-rivet-scenarios/spec.md,FR-027,"Run evidence MUST identify the exact model package/revision/variant/artifact-set, adapter/runtime, test evidence, workspace binding, input/output schema, threshold, resource class, provider kind, model call, and correlated MCP calls without misrepresenting the model as an MCP server.",CAP-031,"Program control, truthful dashboard, packaging, and release train",defer,Preserved and dependency-ordered after product/visual parity approval.
specs/072-chatter-rivet-scenarios/spec.md:FR-028,specs/072-chatter-rivet-scenarios/spec.md,FR-028,"Reproduction comparison MUST distinguish material workflow/MCP/model/input/policy/evidence differences from non-material timing, resource observation, request, trace, and host diagnostic differences.",CAP-020,"Layered failure, needs-input, and bounded recovery",revise,The semantic need is retained while the prior product treatment is replaced by the recovery concept.
specs/072-chatter-rivet-scenarios/spec.md:FR-029,specs/072-chatter-rivet-scenarios/spec.md,FR-029,"Model load and inference MUST pass existing resource admission and reservations; concurrent workflows MUST not overcommit declared RAM, CPU, output, or time ceilings.",CAP-015,"Output inspection, lineage, open, download, and lifetime",retain,"Retained as a canonical-model, safety, or execution invariant."
specs/072-chatter-rivet-scenarios/spec.md:FR-030,specs/072-chatter-rivet-scenarios/spec.md,FR-030,"Cancellation MUST revoke run authority first, reach active model/MCP calls within the configured bound, suppress late success, release reservations, stop owned processes, and record clean cleanup or explicit possible residue.",CAP-031,"Program control, truthful dashboard, packaging, and release train",defer,Preserved and dependency-ordered after product/visual parity approval.
specs/072-chatter-rivet-scenarios/spec.md:FR-031,specs/072-chatter-rivet-scenarios/spec.md,FR-031,"Missing, disabled, stale, corrupt, untested, incompatible, resource-blocked, timed-out, crashed, cancelled, or residue-producing model failures MUST have stable attribution and actionable recovery in both the scenario report and UI.",CAP-020,"Layered failure, needs-input, and bounded recovery",revise,The semantic need is retained while the prior product treatment is replaced by the recovery concept.
specs/072-chatter-rivet-scenarios/spec.md:FR-032,specs/072-chatter-rivet-scenarios/spec.md,FR-032,"A failed or cancelled model call MUST NOT publish a preferred candidate, successful scenario, ready installation, or complete advisory artifact.",CAP-018,"Truthful run states, liveness, cancellation, and reconnect",retain,"Retained as a canonical-model, safety, or execution invariant."
specs/072-chatter-rivet-scenarios/spec.md:FR-033,specs/072-chatter-rivet-scenarios/spec.md,FR-033,"Model-enabled scenario extension contracts MUST remain provider-neutral and collision-safe; generic Rivet runner, gateway, scenario harness, and UI code MUST NOT branch on Chatter feature names or model IDs.",CAP-005,Exact governed implementation and MCP bindings,retain,"Retained as a canonical-model, safety, or execution invariant."
specs/072-chatter-rivet-scenarios/spec.md:FR-034,specs/072-chatter-rivet-scenarios/spec.md,FR-034,"Structured events and traces MUST correlate scenario, workflow run, node, gateway request, model operation, candidate, artifact, adapter, cancellation, and cleanup identities while excluding inputs, scores tied to private rows, secrets, paths, commands, and payload bytes.",CAP-024,"Security, privacy, resource, and tool-isolation controls",retain,"Retained as a canonical-model, safety, or execution invariant."
specs/072-chatter-rivet-scenarios/spec.md:FR-035,specs/072-chatter-rivet-scenarios/spec.md,FR-035,"Normal tests MUST use generated or already-reviewed tiny deterministic fixtures and MUST run offline without training the real model, loading Joblib, credentials, proprietary apps, GPUs, hardware, large downloads, or physical actuation.",CAP-022,"Human approval, authority, and safe external-action boundaries",retain,"Retained as a canonical-model, safety, or execution invariant."
specs/072-chatter-rivet-scenarios/spec.md:FR-036,specs/072-chatter-rivet-scenarios/spec.md,FR-036,"The exact real Chatter conversion/qualification probe MUST be explicitly selected, use only the reviewed local source fixture and ignored Wright-controlled state, execute no cloud or paid resource, and leave datasets, source artifacts, serving bytes, caches, and environments untracked.",CAP-030,Independent engineering oracles and benchmark qualification,defer,Preserved and dependency-ordered after product/visual parity approval.
specs/072-chatter-rivet-scenarios/spec.md:FR-037,specs/072-chatter-rivet-scenarios/spec.md,FR-037,"No model result, workflow node, fixture, report, example, or UI action may start a spindle, move an axis, change a controller, generate executable machine instructions, apply heat, or perform any other physical actuation.",CAP-022,"Human approval, authority, and safe external-action boundaries",retain,"Retained as a canonical-model, safety, or execution invariant."
specs/072-chatter-rivet-scenarios/spec.md:SC-001,specs/072-chatter-rivet-scenarios/spec.md,SC-001,"When reviewed private inputs are locally available and the explicit qualification probe is selected, the exact real Chatter serving revision achieves at least 99.5% class agreement with its trusted source evaluator on the frozen qualification population, mean absolute score delta no greater than 0.01, maximum score delta no greater than 0.05, and no disagreement on mandatory stable/chatter boundary vectors.",CAP-030,Independent engineering oracles and benchmark qualification,defer,Preserved and dependency-ordered after product/visual parity approval.
specs/072-chatter-rivet-scenarios/spec.md:SC-002,specs/072-chatter-rivet-scenarios/spec.md,SC-002,"When that explicit private qualification is selected, one exact Chatter package traverses inspect, effect plan, offline import, digest verification, install, standard test, enable, typed inference, disable, uninstall, and reference-safe purge using ignored local payload state and records complete bounded evidence; normal gates prove the same lifecycle with the generated Chatter-shaped package.",CAP-031,"Program control, truthful dashboard, packaging, and release train",defer,Preserved and dependency-ordered after product/visual parity approval.
specs/072-chatter-rivet-scenarios/spec.md:SC-003,specs/072-chatter-rivet-scenarios/spec.md,SC-003,"A deterministic Tier-1 Rivet graph invokes at least two independent fixture MCP capabilities and a tested local Chatter serving revision through Wright, passes at least three exact CAM-returned discrete candidates into the model node, and passes every declared engineering/provenance/cleanup invariant within thirty seconds. Normal gates use the generated revision; the explicit private qualification substitutes the real revision when reviewed inputs are available.",CAP-030,Independent engineering oracles and benchmark qualification,defer,Preserved and dependency-ordered after product/visual parity approval.
specs/072-chatter-rivet-scenarios/spec.md:SC-004,specs/072-chatter-rivet-scenarios/spec.md,SC-004,"Every accepted Chatter result displays units, predicted state, uncalibrated score, threshold, margin, calibration/applicability status, limitations, simulation-only status, and exact model evidence; zero accepted surfaces label the score as a real-world safety probability or certainty.",CAP-019,"Inputs, Outputs, Activity, and Diagnosis per executable block",retain,"Retained as a canonical-model, safety, or execution invariant."
specs/072-chatter-rivet-scenarios/spec.md:SC-005,specs/072-chatter-rivet-scenarios/spec.md,SC-005,"One hundred percent of deterministic missing/stale/corrupt/schema/unit/resource/runtime/cancellation/residue and physical-actuation cases fail at the correct boundary with stable attribution and no late success, preferred candidate, or executable machine instruction.",CAP-022,"Human approval, authority, and safe external-action boundaries",retain,"Retained as a canonical-model, safety, or execution invariant."
specs/072-chatter-rivet-scenarios/spec.md:SC-006,specs/072-chatter-rivet-scenarios/spec.md,SC-006,Repeating an unchanged model-enabled scenario produces identical material model/candidate/artifact/assertion evidence within declared numeric tolerances; every material change appears in comparison output and invalidates exact reproduction.,CAP-019,"Inputs, Outputs, Activity, and Diagnosis per executable block",retain,"Retained as a canonical-model, safety, or execution invariant."
specs/072-chatter-rivet-scenarios/spec.md:SC-007,specs/072-chatter-rivet-scenarios/spec.md,SC-007,"Normal gates run without network, credentials, proprietary applications, paid services, GPUs, hardware, real-model training, Joblib loading, large downloads, committed model weights, or physical actuation.",CAP-022,"Human approval, authority, and safe external-action boundaries",retain,"Retained as a canonical-model, safety, or execution invariant."
specs/072-chatter-rivet-scenarios/spec.md:SC-008,specs/072-chatter-rivet-scenarios/spec.md,SC-008,"When selected, the real opt-in qualification leaves zero Chatter dataset, training artifact, serving payload, environment, cache, or runtime scratch file tracked in Git; normal distribution scans always find no model payload in wheel, source archive, native runtime, or Docker application layer.",CAP-030,Independent engineering oracles and benchmark qualification,defer,Preserved and dependency-ordered after product/visual parity approval.
specs/072-chatter-rivet-scenarios/spec.md:SC-009,specs/072-chatter-rivet-scenarios/spec.md,SC-009,"Cancellation reaches the model runtime within one second in all deterministic tests, and cleanup finishes within five seconds or records explicit bounded residue with an inspect-before-retry action.",CAP-020,"Layered failure, needs-input, and bounded recovery",revise,The semantic need is retained while the prior product treatment is replaced by the recovery concept.
specs/072-chatter-rivet-scenarios/spec.md:SC-010,specs/072-chatter-rivet-scenarios/spec.md,SC-010,"Automated accessibility tests report no serious or critical findings across inspection, result, preflight, run, cancellation, report, and comparison journeys, including keyboard-only, narrow-width, and 200% zoom cases.",CAP-025,"Engineer usability, accessibility, and responsive operation",retain,"Retained as a canonical-model, safety, or execution invariant."
specs/072-chatter-rivet-scenarios/spec.md:SC-011,specs/072-chatter-rivet-scenarios/spec.md,SC-011,"A maintainer can add a generated second model-enabled scenario through versioned manifests/registries without editing the generic Rivet runner, gateway, scenario orchestration, or generic UI for that model ID.",CAP-004,"Data, control, decision, gate, and feedback relationships",retain,"Retained as a canonical-model, safety, or execution invariant."
specs/073-program-hardening/spec.md:FR-001,specs/073-program-hardening/spec.md,FR-001,"Wright MUST define versioned representative engineering journeys spanning capability discovery, trust/compatibility review, reviewed plan, workspace enablement, Rivet preflight, run, report, diagnosis, upgrade/rollback, and uninstall.",CAP-020,"Layered failure, needs-input, and bounded recovery",revise,The semantic need is retained while the prior product treatment is replaced by the recovery concept.
specs/073-program-hardening/spec.md:FR-002,specs/073-program-hardening/spec.md,FR-002,"Every journey step MUST present one primary next action, its consequence, and any exact blocker without requiring knowledge of package, process, protocol, or database internals.",CAP-031,"Program control, truthful dashboard, packaging, and release train",defer,Preserved and dependency-ordered after product/visual parity approval.
specs/073-program-hardening/spec.md:FR-003,specs/073-program-hardening/spec.md,FR-003,"Capability, model, and scenario surfaces MUST distinguish loading, empty, available, blocked, incompatible, stale, confirming, running, cancelling, failed, residue-possible, and restored states.",CAP-020,"Layered failure, needs-input, and bounded recovery",revise,The semantic need is retained while the prior product treatment is replaced by the recovery concept.
specs/073-program-hardening/spec.md:FR-004,specs/073-program-hardening/spec.md,FR-004,"Support status MUST distinguish verified, partial, fixture-only, unavailable, and externally blocked evidence, and MUST NOT promote a claim from a skipped or fixture-only result.",CAP-020,"Layered failure, needs-input, and bounded recovery",revise,The semantic need is retained while the prior product treatment is replaced by the recovery concept.
specs/073-program-hardening/spec.md:FR-005,specs/073-program-hardening/spec.md,FR-005,"The complete onboarding journey MUST preserve local custom entries, explicit disablement, workspace scope, and review decisions across refresh and restart.",CAP-028,"Persistence, migration, offline, rollback, and lifecycle support",defer,Preserved and dependency-ordered after product/visual parity approval.
specs/073-program-hardening/spec.md:FR-006,specs/073-program-hardening/spec.md,FR-006,"Blocked states MUST identify whether recovery is local, requires an optional external prerequisite, or is a recorded follow-up; they MUST NOT imply that unavailable credentials, licenses, applications, hardware, or unreleased services are installed or approved.",CAP-031,"Program control, truthful dashboard, packaging, and release train",defer,Preserved and dependency-ordered after product/visual parity approval.
specs/073-program-hardening/spec.md:FR-007,specs/073-program-hardening/spec.md,FR-007,"Scenario reports MUST distinguish material engineering evidence from observations and show provider kind, assertion outcome, cleanup, and safe recovery without executable machine authority.",CAP-022,"Human approval, authority, and safe external-action boundaries",retain,"Retained as a canonical-model, safety, or execution invariant."
specs/073-program-hardening/spec.md:FR-008,specs/073-program-hardening/spec.md,FR-008,"Wright MUST define a bounded diagnostic snapshot with exact scope, generation time, product/runtime identity, platform claim, capability/model/scenario states, safe event summaries, redaction/truncation counts, and recovery categories.",CAP-020,"Layered failure, needs-input, and bounded recovery",revise,The semantic need is retained while the prior product treatment is replaced by the recovery concept.
specs/073-program-hardening/spec.md:FR-009,specs/073-program-hardening/spec.md,FR-009,"Diagnostic preview MUST enumerate every included category and every omitted, redacted, or truncated category before export is confirmable.",CAP-020,"Layered failure, needs-input, and bounded recovery",revise,The semantic need is retained while the prior product treatment is replaced by the recovery concept.
specs/073-program-hardening/spec.md:FR-010,specs/073-program-hardening/spec.md,FR-010,"Diagnostic export MUST require explicit current-user confirmation bound to the exact preview digest and MUST be inert data with no reusable authority, commands, executable content, or auto-upload destination.",CAP-022,"Human approval, authority, and safe external-action boundaries",retain,"Retained as a canonical-model, safety, or execution invariant."
specs/073-program-hardening/spec.md:FR-011,specs/073-program-hardening/spec.md,FR-011,"Diagnostics MUST exclude credentials, tokens, environment values, request bodies, prompts, private model features, artifact bodies, proprietary filenames and paths, database rows, process endpoints, and manager-owned private configuration.",CAP-020,"Layered failure, needs-input, and bounded recovery",revise,The semantic need is retained while the prior product treatment is replaced by the recovery concept.
specs/073-program-hardening/spec.md:FR-012,specs/073-program-hardening/spec.md,FR-012,"Safe correlation MUST use bounded public identities, stable reason/recovery codes, content or evidence digests, counts, timestamps, and redaction facts rather than raw private values.",CAP-020,"Layered failure, needs-input, and bounded recovery",revise,The semantic need is retained while the prior product treatment is replaced by the recovery concept.
specs/073-program-hardening/spec.md:FR-013,specs/073-program-hardening/spec.md,FR-013,"Diagnostic display, export, logs, traces, and error responses MUST apply the same recursive redaction and size boundaries and MUST fail closed on serialization or policy errors.",CAP-020,"Layered failure, needs-input, and bounded recovery",revise,The semantic need is retained while the prior product treatment is replaced by the recovery concept.
specs/073-program-hardening/spec.md:FR-014,specs/073-program-hardening/spec.md,FR-014,"Failures MUST retain provider kind and stable attribution across catalog, acquisition, runtime, gateway, Rivet, model, scenario, persistence, and lifecycle boundaries.",CAP-020,"Layered failure, needs-input, and bounded recovery",revise,The semantic need is retained while the prior product treatment is replaced by the recovery concept.
specs/073-program-hardening/spec.md:FR-015,specs/073-program-hardening/spec.md,FR-015,"Cancellation MUST revoke transient authority before provider cancellation, suppress late success, and report clean cleanup or bounded possible residue with inspect-before-retry recovery.",CAP-022,"Human approval, authority, and safe external-action boundaries",retain,"Retained as a canonical-model, safety, or execution invariant."
specs/073-program-hardening/spec.md:FR-016,specs/073-program-hardening/spec.md,FR-016,"Wright MUST define an additive compatibility contract for catalog snapshots, user catalog overrides, disablement, workspace grants, model packages/installations/evidence, workflow bindings, run manifests, scenario reports, caches, and diagnostic records.",CAP-031,"Program control, truthful dashboard, packaging, and release train",defer,Preserved and dependency-ordered after product/visual parity approval.
specs/073-program-hardening/spec.md:FR-017,specs/073-program-hardening/spec.md,FR-017,"Upgrade MUST inventory retained, migrated, invalidated, rebuilt, and removed state before mutation and MUST preserve prior usable state until activation and required migrations succeed.",CAP-028,"Persistence, migration, offline, rollback, and lifecycle support",defer,Preserved and dependency-ordered after product/visual parity approval.
specs/073-program-hardening/spec.md:FR-018,specs/073-program-hardening/spec.md,FR-018,"Upgrade and rollback MUST be restart-safe, idempotent for the same exact plan, and incapable of claiming mixed-version state as successful.",CAP-028,"Persistence, migration, offline, rollback, and lifecycle support",defer,Preserved and dependency-ordered after product/visual parity approval.
specs/073-program-hardening/spec.md:FR-019,specs/073-program-hardening/spec.md,FR-019,Material identity changes after upgrade or rollback MUST invalidate affected readiness/review evidence and require explicit fresh review; cached bytes alone MUST NOT preserve authority.,CAP-022,"Human approval, authority, and safe external-action boundaries",retain,"Retained as a canonical-model, safety, or execution invariant."
specs/073-program-hardening/spec.md:FR-020,specs/073-program-hardening/spec.md,FR-020,Rollback MUST restore a compatible prior runtime and configuration while preserving newer durable data in a form that is either backward-readable or explicitly quarantined from the older version.,CAP-028,"Persistence, migration, offline, rollback, and lifecycle support",defer,Preserved and dependency-ordered after product/visual parity approval.
specs/073-program-hardening/spec.md:FR-021,specs/073-program-hardening/spec.md,FR-021,"Offline operation after install, upgrade, or rollback MUST use verified local snapshots/artifacts and MUST expose remote refresh as unavailable rather than failing unrelated local capabilities.",CAP-028,"Persistence, migration, offline, rollback, and lifecycle support",defer,Preserved and dependency-ordered after product/visual parity approval.
specs/073-program-hardening/spec.md:FR-022,specs/073-program-hardening/spec.md,FR-022,"Uninstall and purge MUST use reviewed effect plans that distinguish runtime removal, retained user state, reference-held evidence, reclaimable cache, and irreversible deletion.",CAP-019,"Inputs, Outputs, Activity, and Diagnosis per executable block",retain,"Retained as a canonical-model, safety, or execution invariant."
specs/073-program-hardening/spec.md:FR-023,specs/073-program-hardening/spec.md,FR-023,"Reference-safe purge MUST refuse deletion while any installation, workspace, workflow run, report, export, lease, or rollback record requires the content.",CAP-028,"Persistence, migration, offline, rollback, and lifecycle support",defer,Preserved and dependency-ordered after product/visual parity approval.
specs/073-program-hardening/spec.md:FR-024,specs/073-program-hardening/spec.md,FR-024,"Native and Docker lifecycle tests MUST populate representative catalog, model, workspace, Rivet, scenario, cache, and evidence state before update/rollback/uninstall persistence assertions.",CAP-019,"Inputs, Outputs, Activity, and Diagnosis per executable block",retain,"Retained as a canonical-model, safety, or execution invariant."
specs/073-program-hardening/spec.md:FR-025,specs/073-program-hardening/spec.md,FR-025,"Compatibility evidence MUST bind product version, artifact digest, platform, architecture, manager profile when applicable, lifecycle steps, persistence assertions, source isolation, and forbidden executable audit.",CAP-024,"Security, privacy, resource, and tool-isolation controls",retain,"Retained as a canonical-model, safety, or execution invariant."
specs/073-program-hardening/spec.md:FR-026,specs/073-program-hardening/spec.md,FR-026,"Windows x64, Linux x64, Linux ARM64, macOS x64/ARM64, and Docker support MUST remain evidence-driven; unavailable environments MUST remain explicitly unverified rather than blocking deterministic work on available environments.",CAP-019,"Inputs, Outputs, Activity, and Diagnosis per executable block",retain,"Retained as a canonical-model, safety, or execution invariant."
specs/073-program-hardening/spec.md:FR-027,specs/073-program-hardening/spec.md,FR-027,Docker validation MUST use the clean selected-server process and MUST NOT add MCP-specific host software to the base image merely to make catalog validation pass.,CAP-005,Exact governed implementation and MCP bindings,retain,"Retained as a canonical-model, safety, or execution invariant."
specs/073-program-hardening/spec.md:FR-028,specs/073-program-hardening/spec.md,FR-028,"Release rehearsal MUST build or select immutable candidates once, perform only local/non-publishing validation, and never create tags, publish packages/images/docs, accept licenses, or mutate production systems.",CAP-031,"Program control, truthful dashboard, packaging, and release train",defer,Preserved and dependency-ordered after product/visual parity approval.
specs/073-program-hardening/spec.md:FR-029,specs/073-program-hardening/spec.md,FR-029,The development merge gate MUST include deterministic tests for every regression class found during Loops 068-073 and MUST remain the feature-to-development source of truth.,CAP-024,"Security, privacy, resource, and tool-isolation controls",retain,"Retained as a canonical-model, safety, or execution invariant."
specs/073-program-hardening/spec.md:FR-030,specs/073-program-hardening/spec.md,FR-030,"If CI exposes a deterministic failure absent from the merge gate, the gate and contributor documentation MUST be updated in the same fix.",CAP-020,"Layered failure, needs-input, and bounded recovery",revise,The semantic need is retained while the prior product treatment is replaced by the recovery concept.
specs/073-program-hardening/spec.md:FR-031,specs/073-program-hardening/spec.md,FR-031,"Every critical interactive control MUST have a stable test identity, accessible name, keyboard operation, visible focus, and text that does not rely on color alone.",CAP-025,"Engineer usability, accessibility, and responsive operation",retain,"Retained as a canonical-model, safety, or execution invariant."
specs/073-program-hardening/spec.md:FR-032,specs/073-program-hardening/spec.md,FR-032,"Critical journeys MUST remain usable at 320 CSS pixels, 200% zoom, keyboard-only navigation, and reduced-motion preferences without hidden confirmations, status, cancellation, evidence, or recovery.",CAP-025,"Engineer usability, accessibility, and responsive operation",retain,"Retained as a canonical-model, safety, or execution invariant."
specs/073-program-hardening/spec.md:FR-033,specs/073-program-hardening/spec.md,FR-033,"Long-running operations MUST expose current phase, bounded progress or honest indeterminate status, elapsed observation, cancellation availability, terminal state, and recovery without excessive live-region repetition.",CAP-020,"Layered failure, needs-input, and bounded recovery",revise,The semantic need is retained while the prior product treatment is replaced by the recovery concept.
specs/073-program-hardening/spec.md:FR-034,specs/073-program-hardening/spec.md,FR-034,"Reload and restart MUST restore durable state without replaying confirmation, export, install, enable, start, cancel, update, rollback, uninstall, or purge mutations.",CAP-018,"Truthful run states, liveness, cancellation, and reconnect",retain,"Retained as a canonical-model, safety, or execution invariant."
specs/073-program-hardening/spec.md:FR-035,specs/073-program-hardening/spec.md,FR-035,"Automated accessibility evidence MUST cover normal, blocked, failure, cancellation, residue, restart, comparison, and export-preview journeys and report serious/critical findings separately from pre-existing unrelated warnings.",CAP-025,"Engineer usability, accessibility, and responsive operation",retain,"Retained as a canonical-model, safety, or execution invariant."
specs/073-program-hardening/spec.md:FR-036,specs/073-program-hardening/spec.md,FR-036,"Wright MUST provide support and operator documentation for onboarding, diagnostic preview/export, compatibility interpretation, offline use, update, rollback, uninstall, purge, and retained state.",CAP-020,"Layered failure, needs-input, and bounded recovery",revise,The semantic need is retained while the prior product treatment is replaced by the recovery concept.
specs/073-program-hardening/spec.md:FR-037,specs/073-program-hardening/spec.md,FR-037,"Documentation and interfaces MUST preserve the distinctions among confirmed MCPs, hosted/API candidates, watchlist entries, generated model fixtures, qualified private models, and vetted public models.",CAP-030,Independent engineering oracles and benchmark qualification,defer,Preserved and dependency-ordered after product/visual parity approval.
specs/073-program-hardening/spec.md:FR-038,specs/073-program-hardening/spec.md,FR-038,"Gate E MUST remain closed: no test, diagnostic, recovery, rehearsal, or workflow may start printers, spindles, motion, heat, robots, PLCs, or other physical machinery.",CAP-022,"Human approval, authority, and safe external-action boundaries",retain,"Retained as a canonical-model, safety, or execution invariant."
specs/073-program-hardening/spec.md:FR-039,specs/073-program-hardening/spec.md,FR-039,"Normal validation MUST require no paid service, proprietary application, credential, GPU, hardware, large download, remote-code execution, or license acceptance.",CAP-015,"Output inspection, lineage, open, download, and lifetime",retain,"Retained as a canonical-model, safety, or execution invariant."
specs/073-program-hardening/spec.md:FR-040,specs/073-program-hardening/spec.md,FR-040,"The final integration MUST incorporate the latest remote development and engineering catalog history, pass the authoritative gate on the exact merge tree, preserve a clean worktree, and verify local/remote synchronization after one reviewed development merge.",CAP-017,"Immutable run, step, activity, and output records",retain,"Retained as a canonical-model, safety, or execution invariant."
specs/073-program-hardening/spec.md:SC-001,specs/073-program-hardening/spec.md,SC-001,"Both representative deterministic engineering journeys complete in no more than five minutes and twenty primary interactions, and every intentionally blocked variant reaches the correct recovery in no more than three primary interactions.",CAP-020,"Layered failure, needs-input, and bounded recovery",revise,The semantic need is retained while the prior product treatment is replaced by the recovery concept.
specs/073-program-hardening/spec.md:SC-002,specs/073-program-hardening/spec.md,SC-002,"One hundred percent of catalog, model, gateway, Rivet, scenario, lifecycle, cancellation, residue, and upgrade failures in the acceptance set show the correct provider category, stable reason, and safe next action with no false success.",CAP-020,"Layered failure, needs-input, and bounded recovery",revise,The semantic need is retained while the prior product treatment is replaced by the recovery concept.
specs/073-program-hardening/spec.md:SC-003,specs/073-program-hardening/spec.md,SC-003,"Diagnostic preview and export pass all secret/private-payload scans across at least twenty adversarial value classes, stay within declared limits, and retain exact safe correlation for every included failure.",CAP-024,"Security, privacy, resource, and tool-isolation controls",retain,"Retained as a canonical-model, safety, or execution invariant."
specs/073-program-hardening/spec.md:SC-004,specs/073-program-hardening/spec.md,SC-004,"Predecessor-to-current upgrade, current-to-predecessor rollback, reinstall, uninstall, purge, restart, and offline drills preserve or explicitly account for one hundred percent of seeded durable state.",CAP-028,"Persistence, migration, offline, rollback, and lifecycle support",defer,Preserved and dependency-ordered after product/visual parity approval.
specs/073-program-hardening/spec.md:SC-005,specs/073-program-hardening/spec.md,SC-005,Unchanged retained catalog/model/workflow/run material identities compare equal after restart; every deliberately changed material identity becomes stale or appears as an explicit difference.,CAP-028,"Persistence, migration, offline, rollback, and lifecycle support",defer,Preserved and dependency-ordered after product/visual parity approval.
specs/073-program-hardening/spec.md:SC-006,specs/073-program-hardening/spec.md,SC-006,Available native and Docker lifecycle tests pass every claimed step and persistence assertion; unavailable platform/architecture combinations produce zero supported claims.,CAP-028,"Persistence, migration, offline, rollback, and lifecycle support",defer,Preserved and dependency-ordered after product/visual parity approval.
specs/073-program-hardening/spec.md:SC-007,specs/073-program-hardening/spec.md,SC-007,"Every critical journey passes keyboard-only, 320 CSS pixel, 200% zoom, reduced-motion, focus restoration, non-color status, and automated accessibility checks with zero serious/critical findings.",CAP-025,"Engineer usability, accessibility, and responsive operation",retain,"Retained as a canonical-model, safety, or execution invariant."
specs/073-program-hardening/spec.md:SC-008,specs/073-program-hardening/spec.md,SC-008,"Progress and cancellation tests produce no late success, no repeated mutation, cancellation delivery within one second, and either clean owned cleanup within five seconds or explicit residue recovery.",CAP-020,"Layered failure, needs-input, and bounded recovery",revise,The semantic need is retained while the prior product treatment is replaced by the recovery concept.
specs/073-program-hardening/spec.md:SC-009,specs/073-program-hardening/spec.md,SC-009,"Normal gates perform zero paid/proprietary/hardware actions, zero license acceptance, zero private data publication, and zero physical actuation.",CAP-022,"Human approval, authority, and safe external-action boundaries",retain,"Retained as a canonical-model, safety, or execution invariant."
specs/073-program-hardening/spec.md:SC-010,specs/073-program-hardening/spec.md,SC-010,The development merge gate passes on the exact final integration tree and contains a deterministic check for every recorded program gate finding.,CAP-032,"Model configuration, deterministic/AI execution, and exact identity",retain,"Retained as a canonical-model, safety, or execution invariant."
specs/073-program-hardening/spec.md:SC-011,specs/073-program-hardening/spec.md,SC-011,"The integration branch, local development branch, and remote development branch are clean and synchronized after the single reviewed merge, with matching tested/merged tree hashes recorded in the progress log.",CAP-029,Engineering-process outcomes across the customer story catalog,retain,"Retained as a canonical-model, safety, or execution invariant."
specs/074-windows-mcp-qualification/spec.md:FR-001,specs/074-windows-mcp-qualification/spec.md,FR-001,The qualification system MUST hard-code and expose exactly the seven approved catalog IDs and MUST fail closed before any side effect for all other identifiers.,CAP-030,Independent engineering oracles and benchmark qualification,defer,Preserved and dependency-ordered after product/visual parity approval.
specs/074-windows-mcp-qualification/spec.md:FR-002,specs/074-windows-mcp-qualification/spec.md,FR-002,"The approved processing order MUST be `brep-mcp`, `solid-edge-mcp-burhop`, `aps-mcp-server-nodejs`, `autodesk-product-help-mcp`, `autodesk-fusion-desktop-mcp`, `autodesk-fusion-data-mcp`, then `onshape-labs-featurescript-mcp`.",CAP-022,"Human approval, authority, and safe external-action boundaries",retain,"Retained as a canonical-model, safety, or execution invariant."
specs/074-windows-mcp-qualification/spec.md:FR-003,specs/074-windows-mcp-qualification/spec.md,FR-003,"Every server MUST receive a source and safety preflight covering publisher, canonical source, immutable revision or package version, license, Windows method, launch method, documented network destinations, credentials, host requirements, maintenance status, install hooks, dependencies, subprocesses, filesystem access, exposed tools, and material risks.",CAP-031,"Program control, truthful dashboard, packaging, and release train",defer,Preserved and dependency-ordered after product/visual parity approval.
specs/074-windows-mcp-qualification/spec.md:FR-004,specs/074-windows-mcp-qualification/spec.md,FR-004,"An unresolved material safety concern MUST produce `safety_blocked` evidence without installing, downloading executable content, launching, connecting, or executing the server.",CAP-020,"Layered failure, needs-input, and bounded recovery",revise,The semantic need is retained while the prior product treatment is replaced by the recovery concept.
specs/074-windows-mcp-qualification/spec.md:FR-005,specs/074-windows-mcp-qualification/spec.md,FR-005,"Qualification MUST isolate package and generated state beneath Wright-owned temporary roots, avoid administrator/global/system changes, use bounded subprocesses, and never require changes to Windows security controls.",CAP-031,"Program control, truthful dashboard, packaging, and release train",defer,Preserved and dependency-ordered after product/visual parity approval.
specs/074-windows-mcp-qualification/spec.md:FR-006,specs/074-windows-mcp-qualification/spec.md,FR-006,"Recipes MUST be structured data with pinned source identities, explicit operations, transports, safe probes, allowed network destinations, timeouts, byte ceilings, expected residue, and cleanup instructions; arbitrary operator-supplied shell strings MUST NOT become qualification authority.",CAP-030,Independent engineering oracles and benchmark qualification,defer,Preserved and dependency-ordered after product/visual parity approval.
specs/074-windows-mcp-qualification/spec.md:FR-007,specs/074-windows-mcp-qualification/spec.md,FR-007,"Evidence MUST independently record `source_current`, `windows_install_passed`, `mcp_started`, `protocol_passed`, `safe_probe_passed`, `wright_install_passed`, `wright_gateway_passed`, and `cleanup_passed`.",CAP-020,"Layered failure, needs-input, and bounded recovery",revise,The semantic need is retained while the prior product treatment is replaced by the recovery concept.
specs/074-windows-mcp-qualification/spec.md:FR-008,specs/074-windows-mcp-qualification/spec.md,FR-008,"Each stage MUST use only `passed`, `partial`, `failed`, `safety_blocked`, `obsolete_or_unavailable`, `not_applicable`, or `not_tested`, with a stable reason and recovery guidance when not passed.",CAP-020,"Layered failure, needs-input, and bounded recovery",revise,The semantic need is retained while the prior product treatment is replaced by the recovery concept.
specs/074-windows-mcp-qualification/spec.md:FR-009,specs/074-windows-mcp-qualification/spec.md,FR-009,"Protocol evidence MUST record initialization, initialized notification, tool listing, server identity, negotiated protocol version, tool count, tool-schema digest, transport faults, stdout contamination, shutdown result, and applicable timing.",CAP-019,"Inputs, Outputs, Activity, and Diagnosis per executable block",retain,"Retained as a canonical-model, safety, or execution invariant."
specs/074-windows-mcp-qualification/spec.md:FR-010,specs/074-windows-mcp-qualification/spec.md,FR-010,"Safe probes MUST be documented, bounded, and non-destructive outside their disposable workspace. They MUST be read-only except that `brep-mcp` MAY run one exact pinned and reviewed deterministic geometry program whose only writes are bounded artifacts inside the disposable qualification root. Real engineering documents, destructive tools, physical control, manufacturing actions, uploads, publishing, operator-supplied or unbounded code, and undocumented endpoints MUST never be invoked.",CAP-030,Independent engineering oracles and benchmark qualification,defer,Preserved and dependency-ordered after product/visual parity approval.
specs/074-windows-mcp-qualification/spec.md:FR-011,specs/074-windows-mcp-qualification/spec.md,FR-011,"A missing commercial host, add-in, live session, credential, subscription, or license MUST remain separate from package and protocol results and MUST NOT by itself classify an installable MCP as incompatible.",CAP-031,"Program control, truthful dashboard, packaging, and release train",defer,Preserved and dependency-ordered after product/visual parity approval.
specs/074-windows-mcp-qualification/spec.md:FR-012,specs/074-windows-mcp-qualification/spec.md,FR-012,Remote registrations MUST be distinguished from local package installation and MAY mark local installation `not_applicable`.,CAP-031,"Program control, truthful dashboard, packaging, and release train",defer,Preserved and dependency-ordered after product/visual parity approval.
specs/074-windows-mcp-qualification/spec.md:FR-013,specs/074-windows-mcp-qualification/spec.md,FR-013,"Wright onboarding evidence MUST use the real onboarding boundary, distinguish preview from confirmed state, and confirm installation does not incorrectly require a commercial host to be running.",CAP-031,"Program control, truthful dashboard, packaging, and release train",defer,Preserved and dependency-ordered after product/visual parity approval.
specs/074-windows-mcp-qualification/spec.md:FR-014,specs/074-windows-mcp-qualification/spec.md,FR-014,"Gateway evidence MUST prove discovery through Wright's managed MCP runner and workspace gateway, with expected prefixed tools and at most one approved safe read-only proxy call when prerequisites permit.",CAP-022,"Human approval, authority, and safe external-action boundaries",retain,"Retained as a canonical-model, safety, or execution invariant."
specs/074-windows-mcp-qualification/spec.md:FR-015,specs/074-windows-mcp-qualification/spec.md,FR-015,"Cleanup MUST stop process trees, remove isolated test state where practical, verify Wright registry consistency, detect unexpected residue, and prove unrelated MCPs, applications, files, and settings were untouched.",CAP-020,"Layered failure, needs-input, and bounded recovery",revise,The semantic need is retained while the prior product treatment is replaced by the recovery concept.
specs/074-windows-mcp-qualification/spec.md:FR-016,specs/074-windows-mcp-qualification/spec.md,FR-016,"Persisted evidence MUST redact credentials, environment values, sensitive commands and arguments, private paths, and subprocess content while retaining bounded digests, counts, timings, classifications, and recovery.",CAP-020,"Layered failure, needs-input, and bounded recovery",revise,The semantic need is retained while the prior product treatment is replaced by the recovery concept.
specs/074-windows-mcp-qualification/spec.md:FR-017,specs/074-windows-mcp-qualification/spec.md,FR-017,"Each server MUST produce a structured evidence file and readable report, and the run MUST produce a consolidated Windows matrix, progress log, installed-items ledger, cleanup ledger, and explicit non-allowlist proof.",CAP-020,"Layered failure, needs-input, and bounded recovery",revise,The semantic need is retained while the prior product treatment is replaced by the recovery concept.
specs/074-windows-mcp-qualification/spec.md:FR-018,specs/074-windows-mcp-qualification/spec.md,FR-018,"Catalog claims and the MCP Server Library projection MUST be derived only from current saved evidence and MUST show separate source, package/registration, MCP startup, protocol, host/backend, Wright setup, gateway, and cleanup states plus date.",CAP-031,"Program control, truthful dashboard, packaging, and release train",defer,Preserved and dependency-ordered after product/visual parity approval.
specs/074-windows-mcp-qualification/spec.md:FR-019,specs/074-windows-mcp-qualification/spec.md,FR-019,"Evidence MUST become stale when its pinned source, package, tool-schema digest, machine fingerprint, or credential binding no longer matches, and stale evidence MUST not support a current works-on-Windows claim.",CAP-031,"Program control, truthful dashboard, packaging, and release train",defer,Preserved and dependency-ordered after product/visual parity approval.
specs/074-windows-mcp-qualification/spec.md:FR-020,specs/074-windows-mcp-qualification/spec.md,FR-020,"Offline regression tests MUST use fake or local fixtures, exercise the allowlist and safety boundary, and MUST never install or execute a real non-allowlisted MCP.",CAP-024,"Security, privacy, resource, and tool-isolation controls",retain,"Retained as a canonical-model, safety, or execution invariant."
specs/074-windows-mcp-qualification/spec.md:FR-021,specs/074-windows-mcp-qualification/spec.md,FR-021,"The run MUST checkpoint and continue after each server when a credential, subscription, administrator right, commercial host installation, unsafe behavior, or unavailable external service prevents further progress.",CAP-031,"Program control, truthful dashboard, packaging, and release train",defer,Preserved and dependency-ordered after product/visual parity approval.
specs/074-windows-mcp-qualification/spec.md:FR-022,specs/074-windows-mcp-qualification/spec.md,FR-022,"Wright MUST say “Installs on Windows with no problems” only when installation, startup, protocol discovery, Wright registration, clean shutdown, and cleanup passed without unexpected side effects; backend and gateway validation MUST remain separate claims.",CAP-020,"Layered failure, needs-input, and bounded recovery",revise,The semantic need is retained while the prior product treatment is replaced by the recovery concept.
specs/074-windows-mcp-qualification/spec.md:SC-001,specs/074-windows-mcp-qualification/spec.md,SC-001,"100% of non-allowlisted fixture requests are rejected before the first network, installer, subprocess, connection, or registration seam.",CAP-021,Truthful execution modes and current-run provenance,retain,"Retained as a canonical-model, safety, or execution invariant."
specs/074-windows-mcp-qualification/spec.md:SC-002,specs/074-windows-mcp-qualification/spec.md,SC-002,"All seven approved servers have a dated Windows evidence pair and terminal classification, and the consolidated matrix accounts for all eight stages without blank or ambiguous compatibility cells.",CAP-022,"Human approval, authority, and safe external-action boundaries",retain,"Retained as a canonical-model, safety, or execution invariant."
specs/074-windows-mcp-qualification/spec.md:SC-003,specs/074-windows-mcp-qualification/spec.md,SC-003,"100% of qualification artifacts pass automated secret, private path, command-argument, and unbounded-output redaction checks.",CAP-030,Independent engineering oracles and benchmark qualification,defer,Preserved and dependency-ordered after product/visual parity approval.
specs/074-windows-mcp-qualification/spec.md:SC-004,specs/074-windows-mcp-qualification/spec.md,SC-004,"Hung fixture processes are stopped and their process trees cleaned within 10 seconds of the configured timeout, with no residue outside the declared isolated roots.",CAP-021,Truthful execution modes and current-run provenance,retain,"Retained as a canonical-model, safety, or execution invariant."
specs/074-windows-mcp-qualification/spec.md:SC-005,specs/074-windows-mcp-qualification/spec.md,SC-005,"An engineer can determine source, package/registration, MCP startup, protocol, host/backend, Wright setup, gateway, and cleanup status plus evidence age for any qualified server from one detail view in under 30 seconds.",CAP-031,"Program control, truthful dashboard, packaging, and release train",defer,Preserved and dependency-ordered after product/visual parity approval.
specs/074-windows-mcp-qualification/spec.md:SC-006,specs/074-windows-mcp-qualification/spec.md,SC-006,"Fixture evidence invalidated by any one source, package, schema, machine, or credential-binding change is shown as stale in every tested case.",CAP-031,"Program control, truthful dashboard, packaging, and release train",defer,Preserved and dependency-ordered after product/visual parity approval.
specs/074-windows-mcp-qualification/spec.md:SC-007,specs/074-windows-mcp-qualification/spec.md,SC-007,The final installed-items and execution ledger contains only the seven allowlisted identifiers and explicitly records zero non-allowlisted MCP installations or executions.,CAP-005,Exact governed implementation and MCP bindings,retain,"Retained as a canonical-model, safety, or execution invariant."
specs/074-windows-mcp-qualification/spec.md:SC-008,specs/074-windows-mcp-qualification/spec.md,SC-008,"Focused offline regression coverage and the authoritative development merge gate pass, or a genuine host-only limitation is recorded with its exact failing command and unaffected scope.",CAP-024,"Security, privacy, resource, and tool-isolation controls",retain,"Retained as a canonical-model, safety, or execution invariant."
specs/075-rivet-run-inspector/spec.md:FR-001,specs/075-rivet-run-inspector/spec.md,FR-001,The workspace MUST present a compact run summary containing state and elapsed or completed duration for the current or most recently selected run.,CAP-028,"Persistence, migration, offline, rollback, and lifecycle support",defer,Preserved and dependency-ordered after product/visual parity approval.
specs/075-rivet-run-inspector/spec.md:FR-002,specs/075-rivet-run-inspector/spec.md,FR-002,The workspace MUST provide a collapsible Run Inspector that does not permanently consume horizontal canvas space.,CAP-028,"Persistence, migration, offline, rollback, and lifecycle support",defer,Preserved and dependency-ordered after product/visual parity approval.
specs/075-rivet-run-inspector/spec.md:FR-003,specs/075-rivet-run-inspector/spec.md,FR-003,"While a run is active, the Run Inspector MUST show elapsed time, the current step when known, and completed-step progress when known.",CAP-012,Progressive inspector and synchronized selection,revise,The semantic need is retained while the prior product treatment is replaced by the recovery concept.
specs/075-rivet-run-inspector/spec.md:FR-004,specs/075-rivet-run-inspector/spec.md,FR-004,"For a completed run, the Run Inspector MUST show all available named final outputs and clearly distinguish final outputs from intermediate step results.",CAP-015,"Output inspection, lineage, open, download, and lifetime",retain,"Retained as a canonical-model, safety, or execution invariant."
specs/075-rivet-run-inspector/spec.md:FR-005,specs/075-rivet-run-inspector/spec.md,FR-005,"Result presentation MUST support readable text, structured data, lists, links, and artifact references with appropriate view, copy, download, or open actions when those actions are available.",CAP-015,"Output inspection, lineage, open, download, and lifetime",retain,"Retained as a canonical-model, safety, or execution invariant."
specs/075-rivet-run-inspector/spec.md:FR-006,specs/075-rivet-run-inspector/spec.md,FR-006,Large results MUST use a bounded initial rendering while retaining a clear way to inspect or export the complete available value.,CAP-015,"Output inspection, lineage, open, download, and lifetime",retain,"Retained as a canonical-model, safety, or execution invariant."
specs/075-rivet-run-inspector/spec.md:FR-007,specs/075-rivet-run-inspector/spec.md,FR-007,"The Run Inspector MUST show an ordered execution-step view with associated node, MCP tool or operation, state, and duration when available.",CAP-005,Exact governed implementation and MCP bindings,retain,"Retained as a canonical-model, safety, or execution invariant."
specs/075-rivet-run-inspector/spec.md:FR-008,specs/075-rivet-run-inspector/spec.md,FR-008,"Selecting an execution step MUST highlight and bring the corresponding current canvas node into view; if the original node is absent, the interface MUST explain that condition.",CAP-009,Canvas readability and renderer-neutral projection,revise,The semantic need is retained while the prior product treatment is replaced by the recovery concept.
specs/075-rivet-run-inspector/spec.md:FR-009,specs/075-rivet-run-inspector/spec.md,FR-009,"Canvas execution states MUST communicate running, succeeded, failed, cancelled, and not-run conditions without relying on color alone.",CAP-018,"Truthful run states, liveness, cancellation, and reconnect",retain,"Retained as a canonical-model, safety, or execution invariant."
specs/075-rivet-run-inspector/spec.md:FR-010,specs/075-rivet-run-inspector/spec.md,FR-010,"On failure, the Run Inspector MUST open automatically and present a plain-language summary, the failing node or operation, and a recommended recovery action.",CAP-020,"Layered failure, needs-input, and bounded recovery",revise,The semantic need is retained while the prior product treatment is replaced by the recovery concept.
specs/075-rivet-run-inspector/spec.md:FR-011,specs/075-rivet-run-inspector/spec.md,FR-011,"Failure details MUST optionally expose the run identity, tool or operation identity, reason code, trace identity when available, and relevant diagnostic evidence.",CAP-020,"Layered failure, needs-input, and bounded recovery",revise,The semantic need is retained while the prior product treatment is replaced by the recovery concept.
specs/075-rivet-run-inspector/spec.md:FR-012,specs/075-rivet-run-inspector/spec.md,FR-012,A failed run MUST retain and display available successful upstream step results and distinguish them from failed or unstarted steps.,CAP-015,"Output inspection, lineage, open, download, and lifetime",retain,"Retained as a canonical-model, safety, or execution invariant."
specs/075-rivet-run-inspector/spec.md:FR-013,specs/075-rivet-run-inspector/spec.md,FR-013,The interface MUST always allow an eligible workflow to be rerun from the start and MUST offer partial retry only when the system can determine that retrying from that point is safe.,CAP-029,Engineering-process outcomes across the customer story catalog,retain,"Retained as a canonical-model, safety, or execution invariant."
specs/075-rivet-run-inspector/spec.md:FR-014,specs/075-rivet-run-inspector/spec.md,FR-014,Refreshing or reopening a workspace during an active run MUST reconnect to the existing run and MUST NOT create a duplicate run solely because the page reloaded.,CAP-018,"Truthful run states, liveness, cancellation, and reconnect",retain,"Retained as a canonical-model, safety, or execution invariant."
specs/075-rivet-run-inspector/spec.md:FR-015,specs/075-rivet-run-inspector/spec.md,FR-015,"The workspace MUST provide bounded recent-run history with revision, start time, final state, duration, and result or diagnostic availability.",CAP-020,"Layered failure, needs-input, and bounded recovery",revise,The semantic need is retained while the prior product treatment is replaced by the recovery concept.
specs/075-rivet-run-inspector/spec.md:FR-016,specs/075-rivet-run-inspector/spec.md,FR-016,Historical run inspection MUST identify the workflow revision used and distinguish it from the currently open revision.,CAP-015,"Output inspection, lineage, open, download, and lifetime",retain,"Retained as a canonical-model, safety, or execution invariant."
specs/075-rivet-run-inspector/spec.md:FR-017,specs/075-rivet-run-inspector/spec.md,FR-017,"Outputs, copies, exports, diagnostics, and error summaries MUST apply the product's redaction rules before information is shown or transferred.",CAP-020,"Layered failure, needs-input, and bounded recovery",revise,The semantic need is retained while the prior product treatment is replaced by the recovery concept.
specs/075-rivet-run-inspector/spec.md:FR-018,specs/075-rivet-run-inspector/spec.md,FR-018,"If result data was truncated, omitted, expired, or unavailable, the interface MUST disclose that limitation and MUST NOT present partial data as complete.",CAP-015,"Output inspection, lineage, open, download, and lifetime",retain,"Retained as a canonical-model, safety, or execution invariant."
specs/075-rivet-run-inspector/spec.md:FR-019,specs/075-rivet-run-inspector/spec.md,FR-019,"Run status, inspector controls, execution steps, outputs, and recovery actions MUST be keyboard operable and understandable with assistive technology.",CAP-025,"Engineer usability, accessibility, and responsive operation",retain,"Retained as a canonical-model, safety, or execution invariant."
specs/075-rivet-run-inspector/spec.md:FR-020,specs/075-rivet-run-inspector/spec.md,FR-020,"The feature MUST preserve existing workflow Run, Run Options, Cancel, save-before-run, and lint behavior while improving their status and result presentation.",CAP-018,"Truthful run states, liveness, cancellation, and reconnect",retain,"Retained as a canonical-model, safety, or execution invariant."
specs/075-rivet-run-inspector/spec.md:FR-021,specs/075-rivet-run-inspector/spec.md,FR-021,"Automated UI coverage MUST include default, running, succeeded, failed, cancelled, refreshed, historical, empty-output, large-output, and redacted-output states.",CAP-018,"Truthful run states, liveness, cancellation, and reconnect",retain,"Retained as a canonical-model, safety, or execution invariant."
specs/075-rivet-run-inspector/spec.md:FR-022,specs/075-rivet-run-inspector/spec.md,FR-022,"A healthy in-flight MCP call MUST NOT be cancelled by routine status polling or observation; cancellation evidence MUST distinguish user cancellation, configured timeout, explicit server-generation replacement, and transport cancellation when the source is known.",CAP-018,"Truthful run states, liveness, cancellation, and reconnect",retain,"Retained as a canonical-model, safety, or execution invariant."
specs/075-rivet-run-inspector/spec.md:FR-023,specs/075-rivet-run-inspector/spec.md,FR-023,"The editor surface MUST provide a visible keyboard-operable action to focus the currently open workflow, while accessibility status announcements MUST remain passive and non-interactive.",CAP-025,"Engineer usability, accessibility, and responsive operation",retain,"Retained as a canonical-model, safety, or execution invariant."
specs/075-rivet-run-inspector/spec.md:SC-001,specs/075-rivet-run-inspector/spec.md,SC-001,"In usability testing, at least 90% of participants can identify whether a run succeeded and open its complete primary result within two interactions after completion.",CAP-025,"Engineer usability, accessibility, and responsive operation",retain,"Retained as a canonical-model, safety, or execution invariant."
specs/075-rivet-run-inspector/spec.md:SC-002,specs/075-rivet-run-inspector/spec.md,SC-002,Visible run state and progress update within one second of the workspace receiving new execution information.,CAP-017,"Immutable run, step, activity, and output records",retain,"Retained as a canonical-model, safety, or execution invariant."
specs/075-rivet-run-inspector/spec.md:SC-003,specs/075-rivet-run-inspector/spec.md,SC-003,"For tested workflow failures with available evidence, users can identify the failing node or operation and a recommended next action without opening the separate Logs page.",CAP-020,"Layered failure, needs-input, and bounded recovery",revise,The semantic need is retained while the prior product treatment is replaced by the recovery concept.
specs/075-rivet-run-inspector/spec.md:SC-004,specs/075-rivet-run-inspector/spec.md,SC-004,"In local development tests, refreshing during an active run reconnects to the same run and restores its visible state within three seconds without creating a duplicate execution.",CAP-018,"Truthful run states, liveness, cancellation, and reconnect",retain,"Retained as a canonical-model, safety, or execution invariant."
specs/075-rivet-run-inspector/spec.md:SC-005,specs/075-rivet-run-inspector/spec.md,SC-005,Collapsing the Run Inspector restores the canvas space it occupied and does not leave a permanent result sidebar.,CAP-015,"Output inspection, lineage, open, download, and lifetime",retain,"Retained as a canonical-model, safety, or execution invariant."
specs/075-rivet-run-inspector/spec.md:SC-006,specs/075-rivet-run-inspector/spec.md,SC-006,"All run states, inspector actions, execution-step navigation, and result actions pass the project's keyboard and accessible-name checks.",CAP-025,"Engineer usability, accessibility, and responsive operation",retain,"Retained as a canonical-model, safety, or execution invariant."
specs/075-rivet-run-inspector/spec.md:SC-007,specs/075-rivet-run-inspector/spec.md,SC-007,"The run identity shown in the workspace, recent history, and diagnostic evidence is consistent for every tested execution.",CAP-020,"Layered failure, needs-input, and bounded recovery",revise,The semantic need is retained while the prior product treatment is replaced by the recovery concept.
specs/075-rivet-run-inspector/spec.md:SC-008,specs/075-rivet-run-inspector/spec.md,SC-008,"Automated redaction tests confirm that configured secrets and credentials never appear in visible outputs, copied text, exported results, diagnostic summaries, or captured screens.",CAP-024,"Security, privacy, resource, and tool-isolation controls",retain,"Retained as a canonical-model, safety, or execution invariant."
specs/075-rivet-run-inspector/spec.md:SC-009,specs/075-rivet-run-inspector/spec.md,SC-009,"A deterministic delayed-remote-MCP regression test completes successfully while routine status polling occurs, and each simulated cancellation boundary produces a distinct retained diagnostic.",CAP-024,"Security, privacy, resource, and tool-isolation controls",retain,"Retained as a canonical-model, safety, or execution invariant."
specs/078-process-definition-view/spec.md:FR-001,specs/078-process-definition-view/spec.md,FR-001,"Wright MUST provide one stable browser route for a bundled, versioned sample product-definition process.",CAP-023,"Headless, CLI, UI, and host-adapter equivalence",retain,"Retained as a canonical-model, safety, or execution invariant."
specs/078-process-definition-view/spec.md:FR-002,specs/078-process-definition-view/spec.md,FR-002,"The view MUST present process purpose, version, phases, actions, typed input/output ports, gates, feedback paths, and expected artifacts in plain language.",CAP-015,"Output inspection, lineage, open, download, and lifetime",retain,"Retained as a canonical-model, safety, or execution invariant."
specs/078-process-definition-view/spec.md:FR-003,specs/078-process-definition-view/spec.md,FR-003,Text and diagram representations MUST derive from one validated definition and use identical stable semantic identifiers.,CAP-013,"Structured validation, diagnostics, and compatibility",retain,"Retained as a canonical-model, safety, or execution invariant."
specs/078-process-definition-view/spec.md:FR-004,specs/078-process-definition-view/spec.md,FR-004,"The text representation MUST remain complete without the diagram and MUST expose ""none declared"" for empty categories.",CAP-008,"Lossless Diagram, Code, and Split projections",revise,The semantic need is retained while the prior product treatment is replaced by the recovery concept.
specs/078-process-definition-view/spec.md:FR-005,specs/078-process-definition-view/spec.md,FR-005,The page MUST expose the exact definition version and content identity used for the displayed view.,CAP-001,Canonical definition and immutable revision authority,retain,"Retained as a canonical-model, safety, or execution invariant."
specs/078-process-definition-view/spec.md:FR-006,specs/078-process-definition-view/spec.md,FR-006,"The read path MUST reject duplicate identities, dangling references, invalid structure, identity mismatches, and unsupported versions before presentation.",CAP-013,"Structured validation, diagnostics, and compatibility",retain,"Retained as a canonical-model, safety, or execution invariant."
specs/078-process-definition-view/spec.md:FR-007,specs/078-process-definition-view/spec.md,FR-007,"Missing, invalid, incompatible, disabled, and unavailable states MUST provide non-sensitive diagnostics and a bounded recovery direction without partial rendering or source mutation.",CAP-020,"Layered failure, needs-input, and bounded recovery",revise,The semantic need is retained while the prior product treatment is replaced by the recovery concept.
specs/078-process-definition-view/spec.md:FR-008,specs/078-process-definition-view/spec.md,FR-008,"EPP-F02 MUST NOT edit, apply, execute, persist, migrate, invoke MCP, invoke an LLM, or claim that a process has run or qualified.",CAP-030,Independent engineering oracles and benchmark qualification,defer,Preserved and dependency-ordered after product/visual parity approval.
specs/078-process-definition-view/spec.md:FR-009,specs/078-process-definition-view/spec.md,FR-009,"The route MUST meet Wright's keyboard, focus, contrast, non-color, narrow-viewport, 200%-zoom, and reduced-motion requirements; every interactive control MUST have a stable test identity.",CAP-025,"Engineer usability, accessibility, and responsive operation",retain,"Retained as a canonical-model, safety, or execution invariant."
specs/078-process-definition-view/spec.md:FR-010,specs/078-process-definition-view/spec.md,FR-010,"The feature MUST be additive and removable behind a feature boundary; existing workspace, Rivet, API, native-runtime, and packaging behavior MUST remain compatible.",CAP-031,"Program control, truthful dashboard, packaging, and release train",defer,Preserved and dependency-ordered after product/visual parity approval.
specs/078-process-definition-view/spec.md:FR-011,specs/078-process-definition-view/spec.md,FR-011,"Tests MUST cover the validated model, cross-reference failures, browser text/diagram identity equivalence, accessibility states, failure states, packaging, and existing-workflow non-interference.",CAP-031,"Program control, truthful dashboard, packaging, and release train",defer,Preserved and dependency-ordered after product/visual parity approval.
specs/078-process-definition-view/spec.md:FR-012,specs/078-process-definition-view/spec.md,FR-012,"EPP-F02 MUST provide no governed benchmark evidence: its use-case row MUST have `process_100_id: null`, empty benchmark evidence, and no effect on the defined, in-progress, implemented, tested, independently verified, or qualified `process_100` funnel counts, all of which remain `0/100`.",CAP-030,Independent engineering oracles and benchmark qualification,defer,Preserved and dependency-ordered after product/visual parity approval.
specs/078-process-definition-view/spec.md:FR-013,specs/078-process-definition-view/spec.md,FR-013,"The product study for `PROD-02` MUST be preregistered before implementation approval with its comparator, claim, independent-participant rule, tasks, and numeric completion, correctness, recovery, comprehension, and accessibility thresholds.",CAP-025,"Engineer usability, accessibility, and responsive operation",retain,"Retained as a canonical-model, safety, or execution invariant."
specs/078-process-definition-view/spec.md:FR-014,specs/078-process-definition-view/spec.md,FR-014,"The browser page MUST link to or visibly identify the bundled definition's inspectable source while preventing unsafe absolute paths, traversal, or external URLs.",CAP-023,"Headless, CLI, UI, and host-adapter equivalence",retain,"Retained as a canonical-model, safety, or execution invariant."
specs/078-process-definition-view/spec.md:FR-015,specs/078-process-definition-view/spec.md,FR-015,"The live status dashboard MUST bind EPP-F02 by feature-qualified task path at activation and refresh at the US1, US2/US3, and candidate checkpoints without changing readiness or benchmark results.",CAP-031,"Program control, truthful dashboard, packaging, and release train",defer,Preserved and dependency-ordered after product/visual parity approval.
specs/078-process-definition-view/spec.md:SC-001,specs/078-process-definition-view/spec.md,SC-001,"At least 4 of 5 independent engineer participants correctly identify every phase, action, port direction, gate, feedback path, and expected artifact using the read-only page.",CAP-003,Typed ports and artifact contracts,retain,"Retained as a canonical-model, safety, or execution invariant."
specs/078-process-definition-view/spec.md:SC-002,specs/078-process-definition-view/spec.md,SC-002,"The median participant completes the core comprehension task within 3 minutes, at least 25% faster than the same task using the canonical source alone, with no reduction in correctness.",CAP-025,"Engineer usability, accessibility, and responsive operation",retain,"Retained as a canonical-model, safety, or execution invariant."
specs/078-process-definition-view/spec.md:SC-003,specs/078-process-definition-view/spec.md,SC-003,"Each participant maps text items to diagram items with no more than one semantic-identity error, and at least 4 of 5 score 80% or higher on the preregistered comprehension questions.",CAP-025,"Engineer usability, accessibility, and responsive operation",retain,"Retained as a canonical-model, safety, or execution invariant."
specs/078-process-definition-view/spec.md:SC-004,specs/078-process-definition-view/spec.md,SC-004,"All participants recover from each presented missing, invalid, or unsupported-version state using the displayed guidance without source mutation or facilitator instruction.",CAP-013,"Structured validation, diagnostics, and compatibility",retain,"Retained as a canonical-model, safety, or execution invariant."
specs/078-process-definition-view/spec.md:SC-005,specs/078-process-definition-view/spec.md,SC-005,"Automated accessibility checks report zero serious or critical issues, and the complete journey passes keyboard-only use, 200% zoom at 1280 CSS pixels, a 320 CSS-pixel viewport, non-color status cues, and reduced motion.",CAP-025,"Engineer usability, accessibility, and responsive operation",retain,"Retained as a canonical-model, safety, or execution invariant."
specs/078-process-definition-view/spec.md:SC-006,specs/078-process-definition-view/spec.md,SC-006,Automated tests prove 100% of text and diagram semantic identities match the validated source and that every source reference resolves exactly once.,CAP-013,"Structured validation, diagnostics, and compatibility",retain,"Retained as a canonical-model, safety, or execution invariant."
specs/078-process-definition-view/spec.md:SC-007,specs/078-process-definition-view/spec.md,SC-007,"Existing selected workspace, Rivet, API, native-runtime, and packaging regression journeys pass unchanged with the feature enabled, disabled, and removed from navigation.",CAP-031,"Program control, truthful dashboard, packaging, and release train",defer,Preserved and dependency-ordered after product/visual parity approval.
specs/078-process-definition-view/spec.md:SC-008,specs/078-process-definition-view/spec.md,SC-008,Governed benchmark qualification remains exactly `0/100` unless a separately authorized benchmark run produces accepted evidence.,CAP-030,Independent engineering oracles and benchmark qualification,defer,Preserved and dependency-ordered after product/visual parity approval.
specs/079-visual-workflow-composition/spec.md:FR-001,specs/079-visual-workflow-composition/spec.md,FR-001,"Wright MUST provide a first-party workflow composition surface that does not embed, extend, or require Rivet.",CAP-007,Separate stable layout metadata,retain,"Retained as a canonical-model, safety, or execution invariant."
specs/079-visual-workflow-composition/spec.md:FR-002,specs/079-visual-workflow-composition/spec.md,FR-002,"An engineer MUST be able to create, select, move, connect, edit, and delete workflow blocks and their declared relationships within a working draft.",CAP-010,"Direct manipulation, command batches, undo, and redo",revise,The semantic need is retained while the prior product treatment is replaced by the recovery concept.
specs/079-visual-workflow-composition/spec.md:FR-003,specs/079-visual-workflow-composition/spec.md,FR-003,"The composition experience MUST present phases, blocks, typed input/output ports, gates, feedback paths, and intended artifacts as distinct, named concepts.",CAP-015,"Output inspection, lineage, open, download, and lifetime",retain,"Retained as a canonical-model, safety, or execution invariant."
specs/079-visual-workflow-composition/spec.md:FR-004,specs/079-visual-workflow-composition/spec.md,FR-004,Every authorable concept MUST have a stable semantic identity that is independent of its visual position and remains stable across supported edits and save/reopen.,CAP-015,"Output inspection, lineage, open, download, and lifetime",retain,"Retained as a canonical-model, safety, or execution invariant."
specs/079-visual-workflow-composition/spec.md:FR-005,specs/079-visual-workflow-composition/spec.md,FR-005,"Wright MUST validate draft structure, identity uniqueness, references, port direction and type compatibility, gates, feedback paths, and artifact relationships before a draft is accepted as valid.",CAP-013,"Structured validation, diagnostics, and compatibility",retain,"Retained as a canonical-model, safety, or execution invariant."
specs/079-visual-workflow-composition/spec.md:FR-006,specs/079-visual-workflow-composition/spec.md,FR-006,"Invalid edits MUST produce understandable, non-sensitive diagnostics that identify the affected concepts, explain the violated rule, and provide a bounded correction direction without corrupting the last valid saved revision.",CAP-020,"Layered failure, needs-input, and bounded recovery",revise,The semantic need is retained while the prior product treatment is replaced by the recovery concept.
specs/079-visual-workflow-composition/spec.md:FR-007,specs/079-visual-workflow-composition/spec.md,FR-007,Wright MUST save a versioned working draft and reopen the same semantic content and saved layout after the draft is closed.,CAP-015,"Output inspection, lineage, open, download, and lifetime",retain,"Retained as a canonical-model, safety, or execution invariant."
specs/079-visual-workflow-composition/spec.md:FR-008,specs/079-visual-workflow-composition/spec.md,FR-008,"Save behavior MUST preserve the prior valid revision when a replacement fails or is interrupted, and MUST expose which revision is current.",CAP-014,"Input attachment, preview, replacement, and provenance",retain,"Retained as a canonical-model, safety, or execution invariant."
specs/079-visual-workflow-composition/spec.md:FR-009,specs/079-visual-workflow-composition/spec.md,FR-009,"The draft MUST have an engineer-readable text projection derived from the same canonical semantic model as the canvas, with exactly matching semantic identities and relationships.",CAP-025,"Engineer usability, accessibility, and responsive operation",retain,"Retained as a canonical-model, safety, or execution invariant."
specs/079-visual-workflow-composition/spec.md:FR-010,specs/079-visual-workflow-composition/spec.md,FR-010,"The released EPP-F02 definition MUST remain read-only; creating or editing a draft MUST NOT silently mutate, replace, migrate, or claim release of that definition.",CAP-031,"Program control, truthful dashboard, packaging, and release train",defer,Preserved and dependency-ordered after product/visual parity approval.
specs/079-visual-workflow-composition/spec.md:FR-011,specs/079-visual-workflow-composition/spec.md,FR-011,"Primary authoring and recovery actions MUST be keyboard accessible, expose visible focus and stable test identities, and communicate status without relying on color alone.",CAP-025,"Engineer usability, accessibility, and responsive operation",retain,"Retained as a canonical-model, safety, or execution invariant."
specs/079-visual-workflow-composition/spec.md:FR-012,specs/079-visual-workflow-composition/spec.md,FR-012,Desktop authoring MUST support the representative journey without document-level overflow; narrow layouts MUST preserve complete inspection and diagnostics even when authoring is intentionally limited.,CAP-020,"Layered failure, needs-input, and bounded recovery",revise,The semantic need is retained while the prior product treatment is replaced by the recovery concept.
specs/079-visual-workflow-composition/spec.md:FR-013,specs/079-visual-workflow-composition/spec.md,FR-013,"Renderer-specific behavior MUST remain replaceable without changing the canonical draft semantics, persistence identity, validation rules, or engineer-readable projection.",CAP-025,"Engineer usability, accessibility, and responsive operation",retain,"Retained as a canonical-model, safety, or execution invariant."
specs/079-visual-workflow-composition/spec.md:FR-014,specs/079-visual-workflow-composition/spec.md,FR-014,"The feature MUST be additive, feature-bounded, independently shippable, and removable without migrating or cleaning up released-definition data.",CAP-031,"Program control, truthful dashboard, packaging, and release train",defer,Preserved and dependency-ordered after product/visual parity approval.
specs/079-visual-workflow-composition/spec.md:FR-015,specs/079-visual-workflow-composition/spec.md,FR-015,"EPP-F02B MUST NOT execute workflows, invoke MCP, invoke an LLM, author with AI, populate or qualify benchmarks, or migrate a working draft into production/released status.",CAP-031,"Program control, truthful dashboard, packaging, and release train",defer,Preserved and dependency-ordered after product/visual parity approval.
specs/079-visual-workflow-composition/spec.md:FR-016,specs/079-visual-workflow-composition/spec.md,FR-016,"Material deviations from the approved visual north star MUST be recorded as retained, revised, rejected, or deferred decisions with a reason before they are treated as accepted behavior.",CAP-022,"Human approval, authority, and safe external-action boundaries",retain,"Retained as a canonical-model, safety, or execution invariant."
specs/079-visual-workflow-composition/spec.md:FR-017,specs/079-visual-workflow-composition/spec.md,FR-017,"Automated and human-repeatable acceptance MUST cover the empty-to-four-block journey, valid and invalid edit recovery, save/close/reopen, text/canvas identity equivalence, keyboard use, narrow inspection, feature removal, and released-definition non-interference.",CAP-031,"Program control, truthful dashboard, packaging, and release train",defer,Preserved and dependency-ordered after product/visual parity approval.
specs/079-visual-workflow-composition/spec.md:FR-018,specs/079-visual-workflow-composition/spec.md,FR-018,"Each implementation checkpoint MUST produce visible or runnable evidence at least every second increment, with raw and annotated screenshots, browser diagnostics, and a repeatable report.",CAP-020,"Layered failure, needs-input, and bounded recovery",revise,The semantic need is retained while the prior product treatment is replaced by the recovery concept.
specs/079-visual-workflow-composition/spec.md:FR-019,specs/079-visual-workflow-composition/spec.md,FR-019,"The authoring draft contract, validation/apply boundary, compatibility behavior, and rollback behavior MUST be explicitly documented as bounded decisions; provisional choices MUST NOT be represented as permanent platform commitments.",CAP-028,"Persistence, migration, offline, rollback, and lifecycle support",defer,Preserved and dependency-ordered after product/visual parity approval.
specs/079-visual-workflow-composition/spec.md:FR-020,specs/079-visual-workflow-composition/spec.md,FR-020,EPP-F02B MUST provide no governed benchmark evidence and MUST leave benchmark qualification exactly `0/100` unless a separately authorized benchmark run produces accepted evidence.,CAP-030,Independent engineering oracles and benchmark qualification,defer,Preserved and dependency-ordered after product/visual parity approval.
specs/079-visual-workflow-composition/spec.md:SC-001,specs/079-visual-workflow-composition/spec.md,SC-001,"A representative engineer can create, connect, validate, save, close, reopen, and inspect the required four-block workflow in 10 minutes or less without facilitator intervention.",CAP-015,"Output inspection, lineage, open, download, and lifetime",retain,"Retained as a canonical-model, safety, or execution invariant."
specs/079-visual-workflow-composition/spec.md:SC-002,specs/079-visual-workflow-composition/spec.md,SC-002,Save/reopen acceptance proves 100% equality of semantic identities and relationships and preservation of all four saved block positions within the documented layout tolerance.,CAP-015,"Output inspection, lineage, open, download, and lifetime",retain,"Retained as a canonical-model, safety, or execution invariant."
specs/079-visual-workflow-composition/spec.md:SC-003,specs/079-visual-workflow-composition/spec.md,SC-003,"Automated acceptance proves 100% equality between canonical draft, text projection, and canvas semantic identity sets for the representative journey.",CAP-008,"Lossless Diagram, Code, and Split projections",revise,The semantic need is retained while the prior product treatment is replaced by the recovery concept.
specs/079-visual-workflow-composition/spec.md:SC-004,specs/079-visual-workflow-composition/spec.md,SC-004,"Every incompatible, duplicate, dangling, and identity-conflict fixture produces the expected stable diagnostic, and every documented recovery yields a valid save without loss of the prior valid revision.",CAP-020,"Layered failure, needs-input, and bounded recovery",revise,The semantic need is retained while the prior product treatment is replaced by the recovery concept.
specs/079-visual-workflow-composition/spec.md:SC-005,specs/079-visual-workflow-composition/spec.md,SC-005,"The complete primary journey passes keyboard-only use with visible focus, no inaccessible primary action, and zero serious or critical automated accessibility findings.",CAP-025,"Engineer usability, accessibility, and responsive operation",retain,"Retained as a canonical-model, safety, or execution invariant."
specs/079-visual-workflow-composition/spec.md:SC-006,specs/079-visual-workflow-composition/spec.md,SC-006,"At 200% zoom and a 390 CSS-pixel viewport, complete draft inspection and diagnostics remain reachable with no document-level horizontal overflow; desktop canvas authoring limitations are stated honestly.",CAP-025,"Engineer usability, accessibility, and responsive operation",retain,"Retained as a canonical-model, safety, or execution invariant."
specs/079-visual-workflow-composition/spec.md:SC-007,specs/079-visual-workflow-composition/spec.md,SC-007,Disabling or removing the authoring feature leaves the released definition byte-identical and all selected existing Wright journeys passing without migration or cleanup.,CAP-031,"Program control, truthful dashboard, packaging, and release train",defer,Preserved and dependency-ordered after product/visual parity approval.
specs/079-visual-workflow-composition/spec.md:SC-008,specs/079-visual-workflow-composition/spec.md,SC-008,"The renderer can be replaced by a contract fixture while canonical semantics, validation results, persistence identities, and text projection outputs remain unchanged.",CAP-021,Truthful execution modes and current-run provenance,retain,"Retained as a canonical-model, safety, or execution invariant."
specs/079-visual-workflow-composition/spec.md:SC-009,specs/079-visual-workflow-composition/spec.md,SC-009,"Checkpoints C, D, and E each provide a validated clickable walkthrough with raw and annotated screenshots and no unresolved console errors, page errors, failed requests, lost state, or semantic-ID disagreement.",CAP-020,"Layered failure, needs-input, and bounded recovery",revise,The semantic need is retained while the prior product treatment is replaced by the recovery concept.
specs/079-visual-workflow-composition/spec.md:SC-010,specs/079-visual-workflow-composition/spec.md,SC-010,Governed benchmark qualification remains exactly `0/100` and no workflow execution or external tool/model call occurs during this slice.,CAP-030,Independent engineering oracles and benchmark qualification,defer,Preserved and dependency-ordered after product/visual parity approval.
specs/080-canonical-workflow-recovery/spec.md:FR-001,specs/080-canonical-workflow-recovery/spec.md,FR-001,"One versioned, typed canonical workflow model MUST be the sole semantic authority for graphical, textual, form-based, and AI-assisted authoring.",CAP-022,"Human approval, authority, and safe external-action boundaries",retain,"Retained as a canonical-model, safety, or execution invariant."
specs/080-canonical-workflow-recovery/spec.md:FR-002,specs/080-canonical-workflow-recovery/spec.md,FR-002,Renderer-native graph state and textual source MUST NOT become independent semantic authorities.,CAP-008,"Lossless Diagram, Code, and Split projections",revise,The semantic need is retained while the prior product treatment is replaced by the recovery concept.
specs/080-canonical-workflow-recovery/spec.md:FR-003,specs/080-canonical-workflow-recovery/spec.md,FR-003,"The model MUST represent stable workflow, revision, phase, block, port, connection, gate, decision, feedback-path, reusable-component, binding, and intended-artifact identities.",CAP-005,Exact governed implementation and MCP bindings,retain,"Retained as a canonical-model, safety, or execution invariant."
specs/080-canonical-workflow-recovery/spec.md:FR-004,specs/080-canonical-workflow-recovery/spec.md,FR-004,"Blocks MUST declare typed input and output ports with name, direction, type, requiredness, and cardinality.",CAP-015,"Output inspection, lineage, open, download, and lifetime",retain,"Retained as a canonical-model, safety, or execution invariant."
specs/080-canonical-workflow-recovery/spec.md:FR-005,specs/080-canonical-workflow-recovery/spec.md,FR-005,"The model MUST distinguish data, control, decision, and feedback relationships and preserve their conditions, instructions, and configuration.",CAP-004,"Data, control, decision, gate, and feedback relationships",retain,"Retained as a canonical-model, safety, or execution invariant."
specs/080-canonical-workflow-recovery/spec.md:FR-006,specs/080-canonical-workflow-recovery/spec.md,FR-006,"Exact implementation and tool bindings, including argument and result mappings, MUST be representable but revealed through progressive disclosure.",CAP-015,"Output inspection, lineage, open, download, and lifetime",retain,"Retained as a canonical-model, safety, or execution invariant."
specs/080-canonical-workflow-recovery/spec.md:FR-007,specs/080-canonical-workflow-recovery/spec.md,FR-007,The model MUST distinguish deterministic blocks from AI-capable blocks and define the additional review authority required for AI-proposed changes.,CAP-022,"Human approval, authority, and safe external-action boundaries",retain,"Retained as a canonical-model, safety, or execution invariant."
specs/080-canonical-workflow-recovery/spec.md:FR-008,specs/080-canonical-workflow-recovery/spec.md,FR-008,"Reusable components and collapsed graphs MUST preserve addressable internal identities, relationships, diagnostics, and run lineage.",CAP-020,"Layered failure, needs-input, and bounded recovery",revise,The semantic need is retained while the prior product treatment is replaced by the recovery concept.
specs/080-canonical-workflow-recovery/spec.md:FR-009,specs/080-canonical-workflow-recovery/spec.md,FR-009,Layout MUST be separately persisted presentation metadata keyed by stable semantic identities.,CAP-028,"Persistence, migration, offline, rollback, and lifecycle support",defer,Preserved and dependency-ordered after product/visual parity approval.
specs/080-canonical-workflow-recovery/spec.md:FR-010,specs/080-canonical-workflow-recovery/spec.md,FR-010,"Run, step, activity, input, output, and artifact records MUST be immutable records separate from workflow definitions and layout.",CAP-015,"Output inspection, lineage, open, download, and lifetime",retain,"Retained as a canonical-model, safety, or execution invariant."
specs/080-canonical-workflow-recovery/spec.md:FR-011,specs/080-canonical-workflow-recovery/spec.md,FR-011,"Workflow, layout, textual form, commands, and run records MUST be versioned with explicit migration and unknown-version behavior.",CAP-017,"Immutable run, step, activity, and output records",retain,"Retained as a canonical-model, safety, or execution invariant."
specs/080-canonical-workflow-recovery/spec.md:FR-012,specs/080-canonical-workflow-recovery/spec.md,FR-012,An engineer MUST be able to complete the primary authoring journey entirely graphically.,CAP-029,Engineering-process outcomes across the customer story catalog,retain,"Retained as a canonical-model, safety, or execution invariant."
specs/080-canonical-workflow-recovery/spec.md:FR-013,specs/080-canonical-workflow-recovery/spec.md,FR-013,The canvas MUST be block/flow-first; phase lanes MAY group work but MUST NOT dominate navigation or readability.,CAP-009,Canvas readability and renderer-neutral projection,revise,The semantic need is retained while the prior product treatment is replaced by the recovery concept.
specs/080-canonical-workflow-recovery/spec.md:FR-014,specs/080-canonical-workflow-recovery/spec.md,FR-014,"Blocks and connections MUST be readable, with visible left input and right output handles and a separate artifact-inspection target.",CAP-015,"Output inspection, lineage, open, download, and lifetime",retain,"Retained as a canonical-model, safety, or execution invariant."
specs/080-canonical-workflow-recovery/spec.md:FR-015,specs/080-canonical-workflow-recovery/spec.md,FR-015,The capability palette MUST be searchable by friendly engineering names while retaining exact implementation identities behind progressive disclosure.,CAP-011,Searchable engineering capability palette,retain,"Retained as a canonical-model, safety, or execution invariant."
specs/080-canonical-workflow-recovery/spec.md:FR-016,specs/080-canonical-workflow-recovery/spec.md,FR-016,"Manual add, move, connect, disconnect, configure, delete, undo, and redo MUST use one atomic, validated command system.",CAP-013,"Structured validation, diagnostics, and compatibility",retain,"Retained as a canonical-model, safety, or execution invariant."
specs/080-canonical-workflow-recovery/spec.md:FR-017,specs/080-canonical-workflow-recovery/spec.md,FR-017,"File inputs MUST support attachment, preview where safe, replacement, type guidance, and origin inspection.",CAP-014,"Input attachment, preview, replacement, and provenance",retain,"Retained as a canonical-model, safety, or execution invariant."
specs/080-canonical-workflow-recovery/spec.md:FR-018,specs/080-canonical-workflow-recovery/spec.md,FR-018,"Outputs MUST support inspection, lineage, preview where safe, opening, and downloading according to existing authorization boundaries.",CAP-015,"Output inspection, lineage, open, download, and lifetime",retain,"Retained as a canonical-model, safety, or execution invariant."
specs/080-canonical-workflow-recovery/spec.md:FR-019,specs/080-canonical-workflow-recovery/spec.md,FR-019,"Diagram, Code, and Split modes MUST project and edit the same model without semantic loss.",CAP-008,"Lossless Diagram, Code, and Split projections",revise,The semantic need is retained while the prior product treatment is replaced by the recovery concept.
specs/080-canonical-workflow-recovery/spec.md:FR-020,specs/080-canonical-workflow-recovery/spec.md,FR-020,"Selection MUST synchronize among source locations, blocks, ports, connections, inspector sections, and diagnostics.",CAP-020,"Layered failure, needs-input, and bounded recovery",revise,The semantic need is retained while the prior product treatment is replaced by the recovery concept.
specs/080-canonical-workflow-recovery/spec.md:FR-021,specs/080-canonical-workflow-recovery/spec.md,FR-021,"A valid graphical edit MUST update the textual form, and a valid textual edit MUST update the diagram.",CAP-008,"Lossless Diagram, Code, and Split projections",revise,The semantic need is retained while the prior product treatment is replaced by the recovery concept.
specs/080-canonical-workflow-recovery/spec.md:FR-022,specs/080-canonical-workflow-recovery/spec.md,FR-022,"Invalid text, graph, form, or AI candidates MUST NOT replace the last-valid accepted state.",CAP-013,"Structured validation, diagnostics, and compatibility",retain,"Retained as a canonical-model, safety, or execution invariant."
specs/080-canonical-workflow-recovery/spec.md:FR-023,specs/080-canonical-workflow-recovery/spec.md,FR-023,"Diagnostics MUST provide a stable code, semantic identities, source spans when applicable, explanation, and bounded correction.",CAP-020,"Layered failure, needs-input, and bounded recovery",revise,The semantic need is retained while the prior product treatment is replaced by the recovery concept.
specs/080-canonical-workflow-recovery/spec.md:FR-024,specs/080-canonical-workflow-recovery/spec.md,FR-024,"Parsing, formatting, validation, command application, semantic diff, and canvas projection MUST have one documented conformance boundary.",CAP-016,Reviewed AI proposals and semantic diff,revise,The semantic need is retained while the prior product treatment is replaced by the recovery concept.
specs/080-canonical-workflow-recovery/spec.md:FR-025,specs/080-canonical-workflow-recovery/spec.md,FR-025,"Text formatting policy MUST state how comments, user formatting, canonical formatting, and source maps are preserved or intentionally normalized.",CAP-008,"Lossless Diagram, Code, and Split projections",revise,The semantic need is retained while the prior product treatment is replaced by the recovery concept.
specs/080-canonical-workflow-recovery/spec.md:FR-026,specs/080-canonical-workflow-recovery/spec.md,FR-026,"JSON, YAML, and a purpose-built workflow language MUST be evaluated against identical workflows and edit tasks before a permanent user-facing syntax is selected.",CAP-008,"Lossless Diagram, Code, and Split projections",revise,The semantic need is retained while the prior product treatment is replaced by the recovery concept.
specs/080-canonical-workflow-recovery/spec.md:FR-027,specs/080-canonical-workflow-recovery/spec.md,FR-027,"AI proposals MUST use the same base-revision command protocol as manual editing and MUST expose assumptions, warnings, semantic diff, and graphical preview.",CAP-014,"Input attachment, preview, replacement, and provenance",retain,"Retained as a canonical-model, safety, or execution invariant."
specs/080-canonical-workflow-recovery/spec.md:FR-028,specs/080-canonical-workflow-recovery/spec.md,FR-028,"AI MUST NOT directly mutate, execute, approve, or accept a workflow.",CAP-022,"Human approval, authority, and safe external-action boundaries",retain,"Retained as a canonical-model, safety, or execution invariant."
specs/080-canonical-workflow-recovery/spec.md:FR-029,specs/080-canonical-workflow-recovery/spec.md,FR-029,Execution visualization MUST identify active blocks and connections with non-color-only cues.,CAP-010,"Direct manipulation, command batches, undo, and redo",revise,The semantic need is retained while the prior product treatment is replaced by the recovery concept.
specs/080-canonical-workflow-recovery/spec.md:FR-030,specs/080-canonical-workflow-recovery/spec.md,FR-030,"Queued, running, needs-input, succeeded, failed, blocked, and stale states MUST be distinguishable and consistent across canvas and inspector.",CAP-020,"Layered failure, needs-input, and bounded recovery",revise,The semantic need is retained while the prior product treatment is replaced by the recovery concept.
specs/080-canonical-workflow-recovery/spec.md:FR-031,specs/080-canonical-workflow-recovery/spec.md,FR-031,"Every executable block MUST expose Inputs, Outputs, Activity, and Diagnosis.",CAP-020,"Layered failure, needs-input, and bounded recovery",revise,The semantic need is retained while the prior product treatment is replaced by the recovery concept.
specs/080-canonical-workflow-recovery/spec.md:FR-032,specs/080-canonical-workflow-recovery/spec.md,FR-032,Recovery guidance MUST identify the affected concept and safe next action without requiring engineers to read raw JSON or logs.,CAP-020,"Layered failure, needs-input, and bounded recovery",revise,The semantic need is retained while the prior product treatment is replaced by the recovery concept.
specs/080-canonical-workflow-recovery/spec.md:FR-033,specs/080-canonical-workflow-recovery/spec.md,FR-033,The recovery concept MUST demonstrate one coherent mechanical-engineering workflow from attached input through recognizable downloadable output.,CAP-020,"Layered failure, needs-input, and bounded recovery",revise,The semantic need is retained while the prior product treatment is replaced by the recovery concept.
specs/080-canonical-workflow-recovery/spec.md:FR-034,specs/080-canonical-workflow-recovery/spec.md,FR-034,"The renderer adapter MUST remain replaceable and the renderer decision MUST be justified by direct-manipulation, handle, overlay, keyboard, and scale evidence.",CAP-025,"Engineer usability, accessibility, and responsive operation",retain,"Retained as a canonical-model, safety, or execution invariant."
specs/080-canonical-workflow-recovery/spec.md:FR-035,specs/080-canonical-workflow-recovery/spec.md,FR-035,"Automated invariants MUST prove semantic round trips, command atomicity, last-valid containment, layout independence, proposal revision safety, and run-definition separation.",CAP-010,"Direct manipulation, command batches, undo, and redo",revise,The semantic need is retained while the prior product treatment is replaced by the recovery concept.
specs/080-canonical-workflow-recovery/spec.md:FR-036,specs/080-canonical-workflow-recovery/spec.md,FR-036,"The capability inventory MUST trace every previously defined capability to user task, model, text, canvas, manipulation, inspector, run overlay, test, evidence, and disposition with no silent omission.",CAP-019,"Inputs, Outputs, Activity, and Diagnosis per executable block",retain,"Retained as a canonical-model, safety, or execution invariant."
specs/080-canonical-workflow-recovery/spec.md:FR-037,specs/080-canonical-workflow-recovery/spec.md,FR-037,Frozen Checkpoint D at `b4a7e996` and prototype evidence at `e7bb75c1` MUST remain immutable reference subjects and MUST be labeled with known evidence limitations.,CAP-019,"Inputs, Outputs, Activity, and Diagnosis per executable block",retain,"Retained as a canonical-model, safety, or execution invariant."
specs/080-canonical-workflow-recovery/spec.md:FR-038,specs/080-canonical-workflow-recovery/spec.md,FR-038,"The progress dashboard MUST show this recovery goal, phase, active work, blockers, decisions, artifacts, screenshots, task/checkpoint trends, and separate feature-slice completion from customer readiness.",CAP-031,"Program control, truthful dashboard, packaging, and release train",retain,"Current recovery completion/approval gate; it must be satisfied before the product-review stop, not deferred beyond it."
specs/080-canonical-workflow-recovery/spec.md:FR-039,specs/080-canonical-workflow-recovery/spec.md,FR-039,"Product and visual parity MUST be reviewed before broad accessibility qualification/hardening, packaging, release-candidate hardening, production promotion, merge, or release work resumes; bounded automated accessibility checks needed to verify the review subject MUST run before that decision.",CAP-031,"Program control, truthful dashboard, packaging, and release train",retain,"Current recovery completion/approval gate; it must be satisfied before the product-review stop, not deferred beyond it."
specs/080-canonical-workflow-recovery/spec.md:FR-040,specs/080-canonical-workflow-recovery/spec.md,FR-040,"This slice MUST preserve the existing canonical draft model, validation, immutable revisions, compare-and-set persistence, closed API, browser decoding, and renderer-neutral seams unless evidence records a superseding decision.",CAP-019,"Inputs, Outputs, Activity, and Diagnosis per executable block",retain,"Retained as a canonical-model, safety, or execution invariant."
specs/080-canonical-workflow-recovery/spec.md:FR-041,specs/080-canonical-workflow-recovery/spec.md,FR-041,"Raw and annotated screenshots, browser diagnostics, a human-repeatable walkthrough, and a clickable report MUST be produced for the complete concept.",CAP-020,"Layered failure, needs-input, and bounded recovery",revise,The semantic need is retained while the prior product treatment is replaced by the recovery concept.
specs/080-canonical-workflow-recovery/spec.md:FR-042,specs/080-canonical-workflow-recovery/spec.md,FR-042,Disposable recovery code and production foundations MUST be explicitly labeled; completion MUST stop at one product-approval checkpoint.,CAP-022,"Human approval, authority, and safe external-action boundaries",retain,"Retained as a canonical-model, safety, or execution invariant."
specs/080-canonical-workflow-recovery/spec.md:SC-001,specs/080-canonical-workflow-recovery/spec.md,SC-001,"A product owner can review manual composition, bidirectional text correspondence, AI proposal review, execution visualization, diagnosis, and output delivery in one continuous walkthrough without consulting implementation code.",CAP-020,"Layered failure, needs-input, and bounded recovery",revise,The semantic need is retained while the prior product treatment is replaced by the recovery concept.
specs/080-canonical-workflow-recovery/spec.md:SC-002,specs/080-canonical-workflow-recovery/spec.md,SC-002,"The capability inventory accounts for 100% of capabilities found in the approved requirements and frozen prototype lessons; every row has an explicit retain, revise, defer, or reject disposition and justification.",CAP-022,"Human approval, authority, and safe external-action boundaries",retain,"Retained as a canonical-model, safety, or execution invariant."
specs/080-canonical-workflow-recovery/spec.md:SC-003,specs/080-canonical-workflow-recovery/spec.md,SC-003,"Automated conformance tests pass 100% for `parse(format(IR))`, text-to-diagram preservation, graph-to-text-to-parse preservation, invalid-candidate containment, base-revision proposal safety, layout-digest independence, and run-definition separation.",CAP-013,"Structured validation, diagnostics, and compatibility",retain,"Retained as a canonical-model, safety, or execution invariant."
specs/080-canonical-workflow-recovery/spec.md:SC-004,specs/080-canonical-workflow-recovery/spec.md,SC-004,One graphical edit updates text and one valid text edit updates the graph in under one second in the local concept; one invalid text edit leaves the prior graph unchanged and presents a stable diagnostic.,CAP-020,"Layered failure, needs-input, and bounded recovery",revise,The semantic need is retained while the prior product treatment is replaced by the recovery concept.
specs/080-canonical-workflow-recovery/spec.md:SC-005,specs/080-canonical-workflow-recovery/spec.md,SC-005,"The three syntax alternatives use the same golden workflow and at least five identical edit/error tasks, with recorded readability, validity, review, parsing, source-map, preservation, and migration evidence; any provisional choice lists its unresolved risks.",CAP-020,"Layered failure, needs-input, and bounded recovery",revise,The semantic need is retained while the prior product treatment is replaced by the recovery concept.
specs/080-canonical-workflow-recovery/spec.md:SC-006,specs/080-canonical-workflow-recovery/spec.md,SC-006,The block/port laboratory compares three treatments and the selected treatment receives no unresolved ambiguity between connection handles and artifact-inspection controls in the final walkthrough.,CAP-010,"Direct manipulation, command batches, undo, and redo",revise,The semantic need is retained while the prior product treatment is replaced by the recovery concept.
specs/080-canonical-workflow-recovery/spec.md:SC-007,specs/080-canonical-workflow-recovery/spec.md,SC-007,"The final concept visibly demonstrates add, move, connect, disconnect, configure, delete, undo, redo, file attachment, input/output inspection, all three view modes, selection sync, and a reviewable AI multi-block proposal.",CAP-015,"Output inspection, lineage, open, download, and lifetime",retain,"Retained as a canonical-model, safety, or execution invariant."
specs/080-canonical-workflow-recovery/spec.md:SC-008,specs/080-canonical-workflow-recovery/spec.md,SC-008,"The simulated run visibly demonstrates active block and connection cues plus queued, running, needs-input or failed, recovered, and succeeded states using at least one non-color cue each.",CAP-020,"Layered failure, needs-input, and bounded recovery",revise,The semantic need is retained while the prior product treatment is replaced by the recovery concept.
specs/080-canonical-workflow-recovery/spec.md:SC-009,specs/080-canonical-workflow-recovery/spec.md,SC-009,The successful run exposes one recognizable output with lineage and working open or download behavior; the recovery case explains a bounded correction without raw JSON or log reading.,CAP-020,"Layered failure, needs-input, and bounded recovery",revise,The semantic need is retained while the prior product treatment is replaced by the recovery concept.
specs/080-canonical-workflow-recovery/spec.md:SC-010,specs/080-canonical-workflow-recovery/spec.md,SC-010,"Raw and annotated screenshots exist for every material walkthrough state, the report is clickable and human-repeatable, validation reports zero missing evidence fields, and browser diagnostics distinguish product defects from environment limitations.",CAP-020,"Layered failure, needs-input, and bounded recovery",revise,The semantic need is retained while the prior product treatment is replaced by the recovery concept.
specs/080-canonical-workflow-recovery/spec.md:SC-011,specs/080-canonical-workflow-recovery/spec.md,SC-011,"Changing only layout produces zero semantic-digest change, and changing run state produces zero workflow-definition byte change across all automated fixtures.",CAP-021,Truthful execution modes and current-run provenance,retain,"Retained as a canonical-model, safety, or execution invariant."
specs/080-canonical-workflow-recovery/spec.md:SC-012,specs/080-canonical-workflow-recovery/spec.md,SC-012,"The dashboard is reachable, names canonical workflow recovery as the current recovery goal while EPP-F02C remains proposed and unregistered, orders checkpoint history newest-to-oldest deterministically, shows the exact current product-approval decision and evidence subject, and keeps overall customer readiness visibly incomplete.",CAP-031,"Program control, truthful dashboard, packaging, and release train",retain,"Current recovery completion/approval gate; it must be satisfied before the product-review stop, not deferred beyond it."
specs/080-canonical-workflow-recovery/spec.md:SC-013,specs/080-canonical-workflow-recovery/spec.md,SC-013,"Revised specification, plan, roadmap, parity, and task artifacts place product/visual approval before accessibility, packaging, candidate hardening, push, merge, or release work.",CAP-031,"Program control, truthful dashboard, packaging, and release train",retain,"Current recovery completion/approval gate; it must be satisfied before the product-review stop, not deferred beyond it."
specs/080-canonical-workflow-recovery/spec.md:SC-014,specs/080-canonical-workflow-recovery/spec.md,SC-014,"No broad production implementation, merge, release, package publication, or external customer action occurs before explicit product approval.",CAP-031,"Program control, truthful dashboard, packaging, and release train",retain,"Current recovery completion/approval gate; it must be satisfied before the product-review stop, not deferred beyond it."
