
simpleFoam has been superseded and replaced by the more general
incompressibleFluid solver module executed by the foamRun application:

    foamRun -solver incompressibleFluid

/*---------------------------------------------------------------------------*\
  =========                 |
  \\      /  F ield         | OpenFOAM: The Open Source CFD Toolbox
   \\    /   O peration     | Website:  https://openfoam.org
    \\  /    A nd           | Version:  12
     \\/     M anipulation  |
\*---------------------------------------------------------------------------*/
Build  : 12-86e126a7bc4d
Exec   : foamRun -solver incompressibleFluid
Date   : Sep 10 2026
Time   : 21:28:20
Host   : "46ec41841d33"
PID    : 268
I/O    : uncollated
Case   : /workspaces/openfoam-mcp-server/results/case_f0e5656e
nProcs : 1
sigFpe : Enabling floating point exception trapping (FOAM_SIGFPE).
fileModificationChecking : Monitoring run-time modified files using timeStampMaster (fileModificationSkew 10)
allowSystemOperations : Allowing user-supplied system call operations

// * * * * * * * * * * * * * * * * * * * * * * * * * * * * * * * * * * * * * //
Create time

Create mesh for time = 0

Selecting solver incompressibleFluid
Selecting viscosity model Newtonian
Selecting turbulence model type RAS
Selecting RAS turbulence model kEpsilon
RAS
{
    RASModel        kEpsilon;
    turbulence      on;
    printCoeffs     on;
    Cmu             0.09;
    C1              1.44;
    C2              1.92;
    C3              0;
    sigmak          1;
    sigmaEps        1.3;
}

No MRF models present


SIMPLE: Convergence criteria found
        p: tolerance 1e-05
        U: tolerance 1e-05
        "(k|epsilon|omega)": tolerance 1e-05


SIMPLE: Operating solver in steady-state mode with 1 outer corrector
SIMPLE: Operating solver in SIMPLE mode



Starting time loop

Time = 1s

smoothSolver:  Solving for Ux, Initial residual = 1, Final residual = 0.0703822, No Iterations 2
smoothSolver:  Solving for Uy, Initial residual = 1, Final residual = 0.0513307, No Iterations 2
GAMG:  Solving for p, Initial residual = 1, Final residual = 0.0639488, No Iterations 2
time step continuity errors : sum local = 0.0639488, global = -0.0375569, cumulative = -0.0375569
smoothSolver:  Solving for epsilon, Initial residual = 0.0704001, Final residual = 0.00374631, No Iterations 3
smoothSolver:  Solving for k, Initial residual = 1, Final residual = 0.0393964, No Iterations 3
ExecutionTime = 0.090711 s  ClockTime = 1 s

Time = 2s

smoothSolver:  Solving for Ux, Initial residual = 0.764618, Final residual = 0.0704031, No Iterations 3
smoothSolver:  Solving for Uy, Initial residual = 0.642194, Final residual = 0.038942, No Iterations 2
GAMG:  Solving for p, Initial residual = 0.0186572, Final residual = 0.000638743, No Iterations 2
time step continuity errors : sum local = 0.0166998, global = -0.0147658, cumulative = -0.0523227
smoothSolver:  Solving for epsilon, Initial residual = 0.0214172, Final residual = 0.000952929, No Iterations 3
smoothSolver:  Solving for k, Initial residual = 0.428838, Final residual = 0.0416932, No Iterations 2
ExecutionTime = 0.092712 s  ClockTime = 1 s

Time = 3s

smoothSolver:  Solving for Ux, Initial residual = 0.678926, Final residual = 0.0343776, No Iterations 4
smoothSolver:  Solving for Uy, Initial residual = 0.319101, Final residual = 0.0260248, No Iterations 3
GAMG:  Solving for p, Initial residual = 0.014788, Final residual = 0.000404202, No Iterations 2
time step continuity errors : sum local = 0.00998609, global = 0.00591213, cumulative = -0.0464106
smoothSolver:  Solving for epsilon, Initial residual = 0.0282602, Final residual = 0.00140106, No Iterations 3
smoothSolver:  Solving for k, Initial residual = 0.333784, Final residual = 0.020202, No Iterations 3
ExecutionTime = 0.094602 s  ClockTime = 1 s

Time = 4s

smoothSolver:  Solving for Ux, Initial residual = 0.468677, Final residual = 0.024324, No Iterations 4
smoothSolver:  Solving for Uy, Initial residual = 0.209312, Final residual = 0.0189061, No Iterations 3
GAMG:  Solving for p, Initial residual = 0.0327619, Final residual = 0.00104127, No Iterations 2
time step continuity errors : sum local = 0.0219682, global = 0.0156389, cumulative = -0.0307717
smoothSolver:  Solving for epsilon, Initial residual = 0.0280813, Final residual = 0.00155411, No Iterations 3
smoothSolver:  Solving for k, Initial residual = 0.204461, Final residual = 0.0155412, No Iterations 3
ExecutionTime = 0.096643 s  ClockTime = 1 s

Time = 5s

smoothSolver:  Solving for Ux, Initial residual = 0.255405, Final residual = 0.0137337, No Iterations 4
smoothSolver:  Solving for Uy, Initial residual = 0.132748, Final residual = 0.0128159, No Iterations 3
GAMG:  Solving for p, Initial residual = 0.0602521, Final residual = 0.00190714, No Iterations 2
time step continuity errors : sum local = 0.0258612, global = 0.0170732, cumulative = -0.0136985
smoothSolver:  Solving for epsilon, Initial residual = 0.0208407, Final residual = 0.00120451, No Iterations 3
smoothSolver:  Solving for k, Initial residual = 0.111255, Final residual = 0.00894931, No Iterations 3
ExecutionTime = 0.098768 s  ClockTime = 1 s

Time = 6s

smoothSolver:  Solving for Ux, Initial residual = 0.0967559, Final residual = 0.00514779, No Iterations 4
smoothSolver:  Solving for Uy, Initial residual = 0.0832038, Final residual = 0.00706043, No Iterations 3
GAMG:  Solving for p, Initial residual = 0.142646, Final residual = 0.00500344, No Iterations 2
time step continuity errors : sum local = 0.0257021, global = 0.0132632, cumulative = -0.000435263
smoothSolver:  Solving for epsilon, Initial residual = 0.0126938, Final residual = 0.000715587, No Iterations 3
smoothSolver:  Solving for k, Initial residual = 0.0693131, Final residual = 0.00496929, No Iterations 3
ExecutionTime = 0.101004 s  ClockTime = 1 s

Time = 7s

smoothSolver:  Solving for Ux, Initial residual = 0.0760697, Final residual = 0.00452147, No Iterations 3
smoothSolver:  Solving for Uy, Initial residual = 0.0822059, Final residual = 0.00577897, No Iterations 3
GAMG:  Solving for p, Initial residual = 0.126846, Final residual = 0.00548996, No Iterations 2
time step continuity errors : sum local = 0.0226568, global = 0.00631737, cumulative = 0.0058821
smoothSolver:  Solving for epsilon, Initial residual = 0.0103465, Final residual = 0.000466662, No Iterations 3
smoothSolver:  Solving for k, Initial residual = 0.0644304, Final residual = 0.00402888, No Iterations 3
ExecutionTime = 0.102975 s  ClockTime = 1 s

Time = 8s

smoothSolver:  Solving for Ux, Initial residual = 0.207806, Final residual = 0.0178645, No Iterations 3
smoothSolver:  Solving for Uy, Initial residual = 0.116163, Final residual = 0.00888325, No Iterations 3
GAMG:  Solving for p, Initial residual = 0.0479798, Final residual = 0.00110902, No Iterations 2
time step continuity errors : sum local = 0.00881227, global = 0.00593123, cumulative = 0.0118133
smoothSolver:  Solving for epsilon, Initial residual = 0.0130338, Final residual = 0.000490708, No Iterations 3
smoothSolver:  Solving for k, Initial residual = 0.0741487, Final residual = 0.00450003, No Iterations 3
ExecutionTime = 0.104921 s  ClockTime = 1 s

Time = 9s

smoothSolver:  Solving for Ux, Initial residual = 0.318949, Final residual = 0.0285704, No Iterations 3
smoothSolver:  Solving for Uy, Initial residual = 0.145664, Final residual = 0.0120775, No Iterations 3
GAMG:  Solving for p, Initial residual = 0.0415383, Final residual = 0.00157677, No Iterations 2
time step continuity errors : sum local = 0.0135269, global = -0.00587688, cumulative = 0.00593645
smoothSolver:  Solving for epsilon, Initial residual = 0.0147485, Final residual = 0.000547506, No Iterations 3
smoothSolver:  Solving for k, Initial residual = 0.0834748, Final residual = 0.00503393, No Iterations 3
ExecutionTime = 0.107045 s  ClockTime = 1 s

Time = 10s

smoothSolver:  Solving for Ux, Initial residual = 0.296427, Final residual = 0.0269303, No Iterations 3
smoothSolver:  Solving for Uy, Initial residual = 0.155205, Final residual = 0.0136112, No Iterations 3
GAMG:  Solving for p, Initial residual = 0.0551681, Final residual = 0.00117882, No Iterations 2
time step continuity errors : sum local = 0.00820118, global = -0.00430148, cumulative = 0.00163498
smoothSolver:  Solving for epsilon, Initial residual = 0.0153628, Final residual = 0.000578578, No Iterations 3
smoothSolver:  Solving for k, Initial residual = 0.0884263, Final residual = 0.00540696, No Iterations 3
ExecutionTime = 0.109232 s  ClockTime = 1 s

Time = 11s

smoothSolver:  Solving for Ux, Initial residual = 0.193071, Final residual = 0.0174823, No Iterations 3
smoothSolver:  Solving for Uy, Initial residual = 0.141636, Final residual = 0.0129099, No Iterations 3
GAMG:  Solving for p, Initial residual = 0.0999104, Final residual = 0.00198836, No Iterations 2
time step continuity errors : sum local = 0.00792904, global = -0.00302511, cumulative = -0.00139013
smoothSolver:  Solving for epsilon, Initial residual = 0.0148176, Final residual = 0.000575259, No Iterations 3
smoothSolver:  Solving for k, Initial residual = 0.090279, Final residual = 0.00574492, No Iterations 3
ExecutionTime = 0.111411 s  ClockTime = 1 s

Time = 12s

smoothSolver:  Solving for Ux, Initial residual = 0.0947663, Final residual = 0.00847354, No Iterations 3
smoothSolver:  Solving for Uy, Initial residual = 0.12293, Final residual = 0.00992567, No Iterations 3
GAMG:  Solving for p, Initial residual = 0.37129, Final residual = 0.00817836, No Iterations 2
time step continuity errors : sum local = 0.0074241, global = -0.00254498, cumulative = -0.00393511
smoothSolver:  Solving for epsilon, Initial residual = 0.0136589, Final residual = 0.000556305, No Iterations 3
smoothSolver:  Solving for k, Initial residual = 0.0899489, Final residual = 0.00598511, No Iterations 3
ExecutionTime = 0.11343 s  ClockTime = 1 s

Time = 13s

smoothSolver:  Solving for Ux, Initial residual = 0.151533, Final residual = 0.014267, No Iterations 3
smoothSolver:  Solving for Uy, Initial residual = 0.117643, Final residual = 0.00803402, No Iterations 3
GAMG:  Solving for p, Initial residual = 0.0880172, Final residual = 0.0022294, No Iterations 2
time step continuity errors : sum local = 0.00618154, global = -0.00139813, cumulative = -0.00533324
smoothSolver:  Solving for epsilon, Initial residual = 0.0122445, Final residual = 0.000524239, No Iterations 3
smoothSolver:  Solving for k, Initial residual = 0.0849441, Final residual = 0.00594852, No Iterations 3
ExecutionTime = 0.115554 s  ClockTime = 1 s

Time = 14s

smoothSolver:  Solving for Ux, Initial residual = 0.229015, Final residual = 0.0221529, No Iterations 3
smoothSolver:  Solving for Uy, Initial residual = 0.10884, Final residual = 0.00759631, No Iterations 3
GAMG:  Solving for p, Initial residual = 0.0513434, Final residual = 0.00445733, No Iterations 1
time step continuity errors : sum local = 0.0172695, global = 0.00185762, cumulative = -0.00347562
smoothSolver:  Solving for epsilon, Initial residual = 0.0107082, Final residual = 0.000482875, No Iterations 3
smoothSolver:  Solving for k, Initial residual = 0.0789167, Final residual = 0.00577857, No Iterations 3
ExecutionTime = 0.117617 s  ClockTime = 1 s

Time = 15s

smoothSolver:  Solving for Ux, Initial residual = 0.251669, Final residual = 0.0249451, No Iterations 3
smoothSolver:  Solving for Uy, Initial residual = 0.0845583, Final residual = 0.00623346, No Iterations 3
GAMG:  Solving for p, Initial residual = 0.0476695, Final residual = 0.0014912, No Iterations 2
time step continuity errors : sum local = 0.00584741, global = 0.00234913, cumulative = -0.00112649
smoothSolver:  Solving for epsilon, Initial residual = 0.00957798, Final residual = 0.00045301, No Iterations 3
smoothSolver:  Solving for k, Initial residual = 0.0723515, Final residual = 0.00553973, No Iterations 3
ExecutionTime = 0.119666 s  ClockTime = 1 s

Time = 16s

smoothSolver:  Solving for Ux, Initial residual = 0.194492, Final residual = 0.00958127, No Iterations 4
smoothSolver:  Solving for Uy, Initial residual = 0.0555358, Final residual = 0.00419731, No Iterations 3
GAMG:  Solving for p, Initial residual = 0.0533905, Final residual = 0.0013857, No Iterations 2
time step continuity errors : sum local = 0.00451361, global = 0.00228823, cumulative = 0.00116174
smoothSolver:  Solving for epsilon, Initial residual = 0.00856792, Final residual = 0.000425125, No Iterations 3
smoothSolver:  Solving for k, Initial residual = 0.0674237, Final residual = 0.00531023, No Iterations 3
ExecutionTime = 0.121657 s  ClockTime = 1 s

Time = 17s

smoothSolver:  Solving for Ux, Initial residual = 0.124957, Final residual = 0.00650166, No Iterations 4
smoothSolver:  Solving for Uy, Initial residual = 0.0297645, Final residual = 0.00209911, No Iterations 3
GAMG:  Solving for p, Initial residual = 0.0667027, Final residual = 0.00166321, No Iterations 2
time step continuity errors : sum local = 0.00367039, global = 0.00144058, cumulative = 0.00260232
smoothSolver:  Solving for epsilon, Initial residual = 0.00786275, Final residual = 0.000404736, No Iterations 3
smoothSolver:  Solving for k, Initial residual = 0.0636493, Final residual = 0.00509113, No Iterations 3
ExecutionTime = 0.1237 s  ClockTime = 1 s

Time = 18s

smoothSolver:  Solving for Ux, Initial residual = 0.0767994, Final residual = 0.0075384, No Iterations 3
smoothSolver:  Solving for Uy, Initial residual = 0.0244851, Final residual = 0.00177696, No Iterations 3
GAMG:  Solving for p, Initial residual = 0.103995, Final residual = 0.00306052, No Iterations 2
time step continuity errors : sum local = 0.00346713, global = 0.000694316, cumulative = 0.00329663
smoothSolver:  Solving for epsilon, Initial residual = 0.00729278, Final residual = 0.00038591, No Iterations 3
smoothSolver:  Solving for k, Initial residual = 0.0601041, Final residual = 0.00485803, No Iterations 3
ExecutionTime = 0.125791 s  ClockTime = 1 s

Time = 19s

smoothSolver:  Solving for Ux, Initial residual = 0.0627546, Final residual = 0.0044964, No Iterations 3
smoothSolver:  Solving for Uy, Initial residual = 0.048093, Final residual = 0.00418757, No Iterations 3
GAMG:  Solving for p, Initial residual = 0.130571, Final residual = 0.00443452, No Iterations 2
time step continuity errors : sum local = 0.00342748, global = 5.68888e-05, cumulative = 0.00335352
smoothSolver:  Solving for epsilon, Initial residual = 0.0067114, Final residual = 0.00036664, No Iterations 3
smoothSolver:  Solving for k, Initial residual = 0.0565255, Final residual = 0.00465237, No Iterations 3
ExecutionTime = 0.127783 s  ClockTime = 1 s

Time = 20s

smoothSolver:  Solving for Ux, Initial residual = 0.0807329, Final residual = 0.00545773, No Iterations 3
smoothSolver:  Solving for Uy, Initial residual = 0.0681003, Final residual = 0.00615282, No Iterations 3
GAMG:  Solving for p, Initial residual = 0.0787151, Final residual = 0.00594788, No Iterations 1
time step continuity errors : sum local = 0.00709468, global = 0.00389291, cumulative = 0.00724643
smoothSolver:  Solving for epsilon, Initial residual = 0.00616205, Final residual = 0.00034748, No Iterations 3
smoothSolver:  Solving for k, Initial residual = 0.0530357, Final residual = 0.00447137, No Iterations 3
ExecutionTime = 0.130018 s  ClockTime = 1 s

Time = 21s

smoothSolver:  Solving for Ux, Initial residual = 0.0997671, Final residual = 0.00722175, No Iterations 3
smoothSolver:  Solving for Uy, Initial residual = 0.0756301, Final residual = 0.00694775, No Iterations 3
GAMG:  Solving for p, Initial residual = 0.071979, Final residual = 0.00669177, No Iterations 1
time step continuity errors : sum local = 0.00818565, global = -0.00476339, cumulative = 0.00248304
smoothSolver:  Solving for epsilon, Initial residual = 0.00548901, Final residual = 0.000322986, No Iterations 3
smoothSolver:  Solving for k, Initial residual = 0.0492737, Final residual = 0.00427007, No Iterations 3
ExecutionTime = 0.132277 s  ClockTime = 1 s

Time = 22s

smoothSolver:  Solving for Ux, Initial residual = 0.109172, Final residual = 0.00850898, No Iterations 3
smoothSolver:  Solving for Uy, Initial residual = 0.072932, Final residual = 0.00674586, No Iterations 3
GAMG:  Solving for p, Initial residual = 0.0715862, Final residual = 0.00163212, No Iterations 2
time step continuity errors : sum local = 0.00185467, global = -0.000910166, cumulative = 0.00157287
smoothSolver:  Solving for epsilon, Initial residual = 0.00503312, Final residual = 0.00030533, No Iterations 3
smoothSolver:  Solving for k, Initial residual = 0.0464891, Final residual = 0.00414302, No Iterations 3
ExecutionTime = 0.134355 s  ClockTime = 1 s

Time = 23s

smoothSolver:  Solving for Ux, Initial residual = 0.0904525, Final residual = 0.00715478, No Iterations 3
smoothSolver:  Solving for Uy, Initial residual = 0.0568155, Final residual = 0.0052898, No Iterations 3
GAMG:  Solving for p, Initial residual = 0.0826441, Final residual = 0.00198721, No Iterations 2
time step continuity errors : sum local = 0.00165323, global = -0.000771998, cumulative = 0.000800872
smoothSolver:  Solving for epsilon, Initial residual = 0.00453048, Final residual = 0.00028521, No Iterations 3
smoothSolver:  Solving for k, Initial residual = 0.0436769, Final residual = 0.00401208, No Iterations 3
ExecutionTime = 0.136561 s  ClockTime = 1 s

Time = 24s

smoothSolver:  Solving for Ux, Initial residual = 0.0789754, Final residual = 0.00689737, No Iterations 3
smoothSolver:  Solving for Uy, Initial residual = 0.0408857, Final residual = 0.00352057, No Iterations 3
GAMG:  Solving for p, Initial residual = 0.107399, Final residual = 0.0027909, No Iterations 2
time step continuity errors : sum local = 0.00142665, global = -0.000327383, cumulative = 0.00047349
smoothSolver:  Solving for epsilon, Initial residual = 0.0040639, Final residual = 0.000267445, No Iterations 3
smoothSolver:  Solving for k, Initial residual = 0.0411447, Final residual = 0.00389972, No Iterations 3
ExecutionTime = 0.138667 s  ClockTime = 1 s

Time = 25s

smoothSolver:  Solving for Ux, Initial residual = 0.08489, Final residual = 0.00811372, No Iterations 3
smoothSolver:  Solving for Uy, Initial residual = 0.0373262, Final residual = 0.00286868, No Iterations 3
GAMG:  Solving for p, Initial residual = 0.0684584, Final residual = 0.00175662, No Iterations 2
time step continuity errors : sum local = 0.00123559, global = 4.40874e-05, cumulative = 0.000517577
smoothSolver:  Solving for epsilon, Initial residual = 0.00363921, Final residual = 0.000251151, No Iterations 3
smoothSolver:  Solving for k, Initial residual = 0.0383389, Final residual = 0.00373131, No Iterations 3
ExecutionTime = 0.140644 s  ClockTime = 1 s

Time = 26s

smoothSolver:  Solving for Ux, Initial residual = 0.0981488, Final residual = 0.00958437, No Iterations 3
smoothSolver:  Solving for Uy, Initial residual = 0.044138, Final residual = 0.00349061, No Iterations 3
GAMG:  Solving for p, Initial residual = 0.0528248, Final residual = 0.00419742, No Iterations 1
time step continuity errors : sum local = 0.00354716, global = -0.00165365, cumulative = -0.00113608
smoothSolver:  Solving for epsilon, Initial residual = 0.00326007, Final residual = 0.000236365, No Iterations 3
smoothSolver:  Solving for k, Initial residual = 0.0357635, Final residual = 0.00355706, No Iterations 3
ExecutionTime = 0.142544 s  ClockTime = 1 s

Time = 27s

smoothSolver:  Solving for Ux, Initial residual = 0.0962308, Final residual = 0.00957841, No Iterations 3
smoothSolver:  Solving for Uy, Initial residual = 0.0434964, Final residual = 0.00351371, No Iterations 3
GAMG:  Solving for p, Initial residual = 0.0491629, Final residual = 0.00464122, No Iterations 1
time step continuity errors : sum local = 0.00399071, global = 0.00169593, cumulative = 0.000559852
smoothSolver:  Solving for epsilon, Initial residual = 0.00300983, Final residual = 0.000225788, No Iterations 3
smoothSolver:  Solving for k, Initial residual = 0.0339367, Final residual = 0.00161989, No Iterations 4
ExecutionTime = 0.144647 s  ClockTime = 1 s

Time = 28s

smoothSolver:  Solving for Ux, Initial residual = 0.0881246, Final residual = 0.00435322, No Iterations 4
smoothSolver:  Solving for Uy, Initial residual = 0.0401181, Final residual = 0.00329595, No Iterations 3
GAMG:  Solving for p, Initial residual = 0.0479272, Final residual = 0.00473325, No Iterations 1
time step continuity errors : sum local = 0.00396213, global = 0.00197992, cumulative = 0.00253978
smoothSolver:  Solving for epsilon, Initial residual = 0.00276895, Final residual = 0.00021373, No Iterations 3
smoothSolver:  Solving for k, Initial residual = 0.032182, Final residual = 0.0015507, No Iterations 4
ExecutionTime = 0.146704 s  ClockTime = 1 s

Time = 29s

smoothSolver:  Solving for Ux, Initial residual = 0.075602, Final residual = 0.00390698, No Iterations 4
smoothSolver:  Solving for Uy, Initial residual = 0.0362705, Final residual = 0.00304469, No Iterations 3
GAMG:  Solving for p, Initial residual = 0.0449912, Final residual = 0.000931195, No Iterations 2
time step continuity errors : sum local = 0.000716574, global = 0.000424331, cumulative = 0.00296411
smoothSolver:  Solving for epsilon, Initial residual = 0.00253262, Final residual = 0.000200374, No Iterations 3
smoothSolver:  Solving for k, Initial residual = 0.0305637, Final residual = 0.00148079, No Iterations 4
ExecutionTime = 0.148672 s  ClockTime = 1 s

Time = 30s

smoothSolver:  Solving for Ux, Initial residual = 0.0569102, Final residual = 0.00285206, No Iterations 4
smoothSolver:  Solving for Uy, Initial residual = 0.0348473, Final residual = 0.00303954, No Iterations 3
GAMG:  Solving for p, Initial residual = 0.0451332, Final residual = 0.000920289, No Iterations 2
time step continuity errors : sum local = 0.000590728, global = 0.000301877, cumulative = 0.00326598
smoothSolver:  Solving for epsilon, Initial residual = 0.00237076, Final residual = 0.00019013, No Iterations 3
smoothSolver:  Solving for k, Initial residual = 0.0290867, Final residual = 0.00141685, No Iterations 4
ExecutionTime = 0.150719 s  ClockTime = 1 s

Time = 31s

smoothSolver:  Solving for Ux, Initial residual = 0.0457066, Final residual = 0.00421118, No Iterations 3
smoothSolver:  Solving for Uy, Initial residual = 0.039495, Final residual = 0.00361972, No Iterations 3
GAMG:  Solving for p, Initial residual = 0.0474253, Final residual = 0.00457063, No Iterations 1
time step continuity errors : sum local = 0.00239613, global = 0.00105036, cumulative = 0.00431634
smoothSolver:  Solving for epsilon, Initial residual = 0.00224048, Final residual = 0.000181277, No Iterations 3
smoothSolver:  Solving for k, Initial residual = 0.0276788, Final residual = 0.0013553, No Iterations 4
ExecutionTime = 0.152774 s  ClockTime = 1 s

Time = 32s

smoothSolver:  Solving for Ux, Initial residual = 0.043, Final residual = 0.00347798, No Iterations 3
smoothSolver:  Solving for Uy, Initial residual = 0.0411833, Final residual = 0.00379568, No Iterations 3
GAMG:  Solving for p, Initial residual = 0.0497819, Final residual = 0.00393842, No Iterations 1
time step continuity errors : sum local = 0.00178562, global = 0.00128349, cumulative = 0.00559983
smoothSolver:  Solving for epsilon, Initial residual = 0.00210088, Final residual = 0.000171753, No Iterations 3
smoothSolver:  Solving for k, Initial residual = 0.0263107, Final residual = 0.00129342, No Iterations 4
ExecutionTime = 0.154771 s  ClockTime = 1 s

Time = 33s

smoothSolver:  Solving for Ux, Initial residual = 0.0405996, Final residual = 0.0029164, No Iterations 3
smoothSolver:  Solving for Uy, Initial residual = 0.0382074, Final residual = 0.00352801, No Iterations 3
GAMG:  Solving for p, Initial residual = 0.0450234, Final residual = 0.000496433, No Iterations 2
time step continuity errors : sum local = 0.00023093, global = 0.000160567, cumulative = 0.0057604
smoothSolver:  Solving for epsilon, Initial residual = 0.001965, Final residual = 0.000162368, No Iterations 3
smoothSolver:  Solving for k, Initial residual = 0.0249243, Final residual = 0.0012316, No Iterations 4
ExecutionTime = 0.156737 s  ClockTime = 1 s

Time = 34s

smoothSolver:  Solving for Ux, Initial residual = 0.0391719, Final residual = 0.00255743, No Iterations 3
smoothSolver:  Solving for Uy, Initial residual = 0.0309562, Final residual = 0.00287412, No Iterations 3
GAMG:  Solving for p, Initial residual = 0.0390528, Final residual = 0.00119312, No Iterations 2
time step continuity errors : sum local = 0.000574957, global = -0.000156182, cumulative = 0.00560422
smoothSolver:  Solving for epsilon, Initial residual = 0.00183892, Final residual = 0.000153477, No Iterations 3
smoothSolver:  Solving for k, Initial residual = 0.0236247, Final residual = 0.00117185, No Iterations 4
ExecutionTime = 0.158567 s  ClockTime = 1 s

Time = 35s

smoothSolver:  Solving for Ux, Initial residual = 0.0407097, Final residual = 0.00283268, No Iterations 3
smoothSolver:  Solving for Uy, Initial residual = 0.0226738, Final residual = 0.00211725, No Iterations 3
GAMG:  Solving for p, Initial residual = 0.0340528, Final residual = 0.000525675, No Iterations 2
time step continuity errors : sum local = 0.000250219, global = -0.000160712, cumulative = 0.0054435
smoothSolver:  Solving for epsilon, Initial residual = 0.00173016, Final residual = 0.000145358, No Iterations 3
smoothSolver:  Solving for k, Initial residual = 0.022401, Final residual = 0.00111576, No Iterations 4
ExecutionTime = 0.160757 s  ClockTime = 1 s

Time = 36s

smoothSolver:  Solving for Ux, Initial residual = 0.0408541, Final residual = 0.00312637, No Iterations 3
smoothSolver:  Solving for Uy, Initial residual = 0.0146893, Final residual = 0.00132286, No Iterations 3
GAMG:  Solving for p, Initial residual = 0.0298199, Final residual = 0.00278717, No Iterations 1
time step continuity errors : sum local = 0.00126872, global = -0.000650256, cumulative = 0.00479325
smoothSolver:  Solving for epsilon, Initial residual = 0.0016092, Final residual = 0.000136652, No Iterations 3
smoothSolver:  Solving for k, Initial residual = 0.0212324, Final residual = 0.00106049, No Iterations 4
ExecutionTime = 0.163257 s  ClockTime = 1 s

Time = 37s

smoothSolver:  Solving for Ux, Initial residual = 0.0384789, Final residual = 0.00314521, No Iterations 3
smoothSolver:  Solving for Uy, Initial residual = 0.0104672, Final residual = 0.000847626, No Iterations 3
GAMG:  Solving for p, Initial residual = 0.0268499, Final residual = 0.00213069, No Iterations 1
time step continuity errors : sum local = 0.000939612, global = -0.000404204, cumulative = 0.00438904
smoothSolver:  Solving for epsilon, Initial residual = 0.00151288, Final residual = 0.000129172, No Iterations 3
smoothSolver:  Solving for k, Initial residual = 0.0201549, Final residual = 0.00100971, No Iterations 4
ExecutionTime = 0.165185 s  ClockTime = 1 s

Time = 38s

smoothSolver:  Solving for Ux, Initial residual = 0.0334868, Final residual = 0.00292737, No Iterations 3
smoothSolver:  Solving for Uy, Initial residual = 0.0101946, Final residual = 0.000779215, No Iterations 3
GAMG:  Solving for p, Initial residual = 0.0234855, Final residual = 0.00170376, No Iterations 1
time step continuity errors : sum local = 0.000759853, global = -0.000374629, cumulative = 0.00401442
smoothSolver:  Solving for epsilon, Initial residual = 0.00141417, Final residual = 0.000121669, No Iterations 3
smoothSolver:  Solving for k, Initial residual = 0.0191273, Final residual = 0.000960529, No Iterations 4
ExecutionTime = 0.167254 s  ClockTime = 1 s

Time = 39s

smoothSolver:  Solving for Ux, Initial residual = 0.0280337, Final residual = 0.00262165, No Iterations 3
smoothSolver:  Solving for Uy, Initial residual = 0.0118492, Final residual = 0.000946325, No Iterations 3
GAMG:  Solving for p, Initial residual = 0.0200355, Final residual = 0.00163043, No Iterations 1
time step continuity errors : sum local = 0.000757153, global = -0.000406817, cumulative = 0.0036076
smoothSolver:  Solving for epsilon, Initial residual = 0.00131911, Final residual = 0.000114387, No Iterations 3
smoothSolver:  Solving for k, Initial residual = 0.018156, Final residual = 0.000913361, No Iterations 4
ExecutionTime = 0.169089 s  ClockTime = 1 s

Time = 40s

smoothSolver:  Solving for Ux, Initial residual = 0.0241067, Final residual = 0.00236192, No Iterations 3
smoothSolver:  Solving for Uy, Initial residual = 0.0123087, Final residual = 0.00101092, No Iterations 3
GAMG:  Solving for p, Initial residual = 0.0176465, Final residual = 0.00025193, No Iterations 2
time step continuity errors : sum local = 0.000119524, global = -7.57848e-05, cumulative = 0.00353181
smoothSolver:  Solving for epsilon, Initial residual = 0.00123024, Final residual = 0.000107398, No Iterations 3
smoothSolver:  Solving for k, Initial residual = 0.0172519, Final residual = 0.00086803, No Iterations 4
ExecutionTime = 0.17099 s  ClockTime = 1 s

Time = 41s

smoothSolver:  Solving for Ux, Initial residual = 0.0221063, Final residual = 0.00109883, No Iterations 4
smoothSolver:  Solving for Uy, Initial residual = 0.0122006, Final residual = 0.00102773, No Iterations 3
GAMG:  Solving for p, Initial residual = 0.015443, Final residual = 0.000448547, No Iterations 2
time step continuity errors : sum local = 0.000214951, global = 8.63492e-05, cumulative = 0.00361816
smoothSolver:  Solving for epsilon, Initial residual = 0.00114795, Final residual = 0.000100791, No Iterations 3
smoothSolver:  Solving for k, Initial residual = 0.0163846, Final residual = 0.000824717, No Iterations 4
ExecutionTime = 0.173042 s  ClockTime = 1 s

Time = 42s

smoothSolver:  Solving for Ux, Initial residual = 0.0217133, Final residual = 0.0010979, No Iterations 4
smoothSolver:  Solving for Uy, Initial residual = 0.0116993, Final residual = 0.000993776, No Iterations 3
GAMG:  Solving for p, Initial residual = 0.013706, Final residual = 0.000182467, No Iterations 2
time step continuity errors : sum local = 8.70661e-05, global = 4.47584e-05, cumulative = 0.00366292
smoothSolver:  Solving for epsilon, Initial residual = 0.00106761, Final residual = 9.4308e-05, No Iterations 3
smoothSolver:  Solving for k, Initial residual = 0.0155531, Final residual = 0.000782469, No Iterations 4
ExecutionTime = 0.17492 s  ClockTime = 1 s

Time = 43s

smoothSolver:  Solving for Ux, Initial residual = 0.0185968, Final residual = 0.000940691, No Iterations 4
smoothSolver:  Solving for Uy, Initial residual = 0.0111181, Final residual = 0.000944288, No Iterations 3
GAMG:  Solving for p, Initial residual = 0.0122274, Final residual = 0.000184352, No Iterations 2
time step continuity errors : sum local = 8.63819e-05, global = 3.5699e-05, cumulative = 0.00369862
smoothSolver:  Solving for epsilon, Initial residual = 0.00099637, Final residual = 8.82945e-05, No Iterations 3
smoothSolver:  Solving for k, Initial residual = 0.01476, Final residual = 0.000742089, No Iterations 4
ExecutionTime = 0.176891 s  ClockTime = 1 s

Time = 44s

smoothSolver:  Solving for Ux, Initial residual = 0.0146715, Final residual = 0.00146576, No Iterations 3
smoothSolver:  Solving for Uy, Initial residual = 0.0107699, Final residual = 0.000928705, No Iterations 3
GAMG:  Solving for p, Initial residual = 0.0110519, Final residual = 0.000176537, No Iterations 2
time step continuity errors : sum local = 8.06879e-05, global = 2.62401e-05, cumulative = 0.00372486
smoothSolver:  Solving for epsilon, Initial residual = 0.000931377, Final residual = 8.26692e-05, No Iterations 3
smoothSolver:  Solving for k, Initial residual = 0.0139992, Final residual = 0.000703311, No Iterations 4
ExecutionTime = 0.178852 s  ClockTime = 1 s

Time = 45s

smoothSolver:  Solving for Ux, Initial residual = 0.0116301, Final residual = 0.00103902, No Iterations 3
smoothSolver:  Solving for Uy, Initial residual = 0.0102641, Final residual = 0.000899351, No Iterations 3
GAMG:  Solving for p, Initial residual = 0.0100042, Final residual = 0.000919967, No Iterations 1
time step continuity errors : sum local = 0.000410602, global = 0.000225504, cumulative = 0.00395036
smoothSolver:  Solving for epsilon, Initial residual = 0.00087386, Final residual = 7.75291e-05, No Iterations 3
smoothSolver:  Solving for k, Initial residual = 0.0132743, Final residual = 0.000666442, No Iterations 4
ExecutionTime = 0.18075 s  ClockTime = 1 s

Time = 46s

smoothSolver:  Solving for Ux, Initial residual = 0.00977774, Final residual = 0.000803756, No Iterations 3
smoothSolver:  Solving for Uy, Initial residual = 0.00875947, Final residual = 0.000771617, No Iterations 3
GAMG:  Solving for p, Initial residual = 0.00908571, Final residual = 0.000857622, No Iterations 1
time step continuity errors : sum local = 0.000378152, global = 0.000210088, cumulative = 0.00416045
smoothSolver:  Solving for epsilon, Initial residual = 0.000815681, Final residual = 7.24509e-05, No Iterations 3
smoothSolver:  Solving for k, Initial residual = 0.0125681, Final residual = 0.000630368, No Iterations 4
ExecutionTime = 0.182775 s  ClockTime = 1 s

Time = 47s

smoothSolver:  Solving for Ux, Initial residual = 0.00805684, Final residual = 0.000611501, No Iterations 3
smoothSolver:  Solving for Uy, Initial residual = 0.0069955, Final residual = 0.000616537, No Iterations 3
GAMG:  Solving for p, Initial residual = 0.00833573, Final residual = 8.23835e-05, No Iterations 2
time step continuity errors : sum local = 3.60274e-05, global = 2.75948e-05, cumulative = 0.00418805
smoothSolver:  Solving for epsilon, Initial residual = 0.000761998, Final residual = 6.77007e-05, No Iterations 3
smoothSolver:  Solving for k, Initial residual = 0.0118823, Final residual = 0.000595686, No Iterations 4
ExecutionTime = 0.184839 s  ClockTime = 2 s

Time = 48s

smoothSolver:  Solving for Ux, Initial residual = 0.00713516, Final residual = 0.000491133, No Iterations 3
smoothSolver:  Solving for Uy, Initial residual = 0.00492615, Final residual = 0.000433778, No Iterations 3
GAMG:  Solving for p, Initial residual = 0.00746377, Final residual = 0.000170621, No Iterations 2
time step continuity errors : sum local = 7.39146e-05, global = 3.42189e-05, cumulative = 0.00422227
smoothSolver:  Solving for epsilon, Initial residual = 0.000712477, Final residual = 6.32666e-05, No Iterations 3
smoothSolver:  Solving for k, Initial residual = 0.0112298, Final residual = 0.000562547, No Iterations 4
ExecutionTime = 0.186993 s  ClockTime = 2 s

Time = 49s

smoothSolver:  Solving for Ux, Initial residual = 0.00731787, Final residual = 0.000545455, No Iterations 3
smoothSolver:  Solving for Uy, Initial residual = 0.00328152, Final residual = 0.000287169, No Iterations 3
GAMG:  Solving for p, Initial residual = 0.00658495, Final residual = 0.000221327, No Iterations 2
time step continuity errors : sum local = 9.56012e-05, global = -1.43224e-05, cumulative = 0.00420794
smoothSolver:  Solving for epsilon, Initial residual = 0.000665367, Final residual = 5.90642e-05, No Iterations 3
smoothSolver:  Solving for k, Initial residual = 0.010601, Final residual = 0.000530676, No Iterations 4
ExecutionTime = 0.189001 s  ClockTime = 2 s

Time = 50s

smoothSolver:  Solving for Ux, Initial residual = 0.00689633, Final residual = 0.000540302, No Iterations 3
smoothSolver:  Solving for Uy, Initial residual = 0.00234735, Final residual = 0.000199327, No Iterations 3
GAMG:  Solving for p, Initial residual = 0.00587388, Final residual = 0.000504664, No Iterations 1
time step continuity errors : sum local = 0.000218077, global = -8.9258e-05, cumulative = 0.00411868
smoothSolver:  Solving for epsilon, Initial residual = 0.000620015, Final residual = 5.50637e-05, No Iterations 3
smoothSolver:  Solving for k, Initial residual = 0.00999914, Final residual = 0.000500147, No Iterations 4
ExecutionTime = 0.197445 s  ClockTime = 2 s

Time = 51s

smoothSolver:  Solving for Ux, Initial residual = 0.00603929, Final residual = 0.000486285, No Iterations 3
smoothSolver:  Solving for Uy, Initial residual = 0.00196427, Final residual = 0.000164349, No Iterations 3
GAMG:  Solving for p, Initial residual = 0.00540075, Final residual = 0.000434243, No Iterations 1
time step continuity errors : sum local = 0.000187912, global = -0.000103305, cumulative = 0.00401538
smoothSolver:  Solving for epsilon, Initial residual = 0.000579839, Final residual = 5.14213e-05, No Iterations 3
smoothSolver:  Solving for k, Initial residual = 0.00942685, Final residual = 0.000471282, No Iterations 4
ExecutionTime = 0.199427 s  ClockTime = 2 s

Time = 52s

smoothSolver:  Solving for Ux, Initial residual = 0.00499625, Final residual = 0.000411228, No Iterations 3
smoothSolver:  Solving for Uy, Initial residual = 0.00178768, Final residual = 0.000145242, No Iterations 3
GAMG:  Solving for p, Initial residual = 0.00493249, Final residual = 0.000415956, No Iterations 1
time step continuity errors : sum local = 0.000180493, global = -9.39361e-05, cumulative = 0.00392144
smoothSolver:  Solving for epsilon, Initial residual = 0.000541334, Final residual = 4.79746e-05, No Iterations 3
smoothSolver:  Solving for k, Initial residual = 0.00888289, Final residual = 0.000443784, No Iterations 4
ExecutionTime = 0.201423 s  ClockTime = 2 s

Time = 53s

smoothSolver:  Solving for Ux, Initial residual = 0.00389313, Final residual = 0.000323984, No Iterations 3
smoothSolver:  Solving for Uy, Initial residual = 0.00178334, Final residual = 0.000144902, No Iterations 3
GAMG:  Solving for p, Initial residual = 0.00445007, Final residual = 0.000384369, No Iterations 1
time step continuity errors : sum local = 0.00016738, global = -7.8768e-05, cumulative = 0.00384268
smoothSolver:  Solving for epsilon, Initial residual = 0.000504555, Final residual = 4.4712e-05, No Iterations 3
smoothSolver:  Solving for k, Initial residual = 0.00836563, Final residual = 0.000417594, No Iterations 4
ExecutionTime = 0.203389 s  ClockTime = 2 s

Time = 54s

smoothSolver:  Solving for Ux, Initial residual = 0.0029923, Final residual = 0.000248278, No Iterations 3
smoothSolver:  Solving for Uy, Initial residual = 0.00177238, Final residual = 0.000144986, No Iterations 3
GAMG:  Solving for p, Initial residual = 0.00401261, Final residual = 0.000357673, No Iterations 1
time step continuity errors : sum local = 0.000156263, global = -5.81077e-05, cumulative = 0.00378457
smoothSolver:  Solving for epsilon, Initial residual = 0.00046986, Final residual = 4.16405e-05, No Iterations 3
smoothSolver:  Solving for k, Initial residual = 0.00787454, Final residual = 0.000392705, No Iterations 4
ExecutionTime = 0.205323 s  ClockTime = 2 s

Time = 55s

smoothSolver:  Solving for Ux, Initial residual = 0.0024726, Final residual = 0.000202762, No Iterations 3
smoothSolver:  Solving for Uy, Initial residual = 0.00168041, Final residual = 0.000138396, No Iterations 3
GAMG:  Solving for p, Initial residual = 0.0036324, Final residual = 0.000339849, No Iterations 1
time step continuity errors : sum local = 0.000148802, global = -2.68798e-05, cumulative = 0.00375769
smoothSolver:  Solving for epsilon, Initial residual = 0.000437377, Final residual = 3.876e-05, No Iterations 3
smoothSolver:  Solving for k, Initial residual = 0.00740894, Final residual = 0.00036909, No Iterations 4
ExecutionTime = 0.207343 s  ClockTime = 2 s

Time = 56s

smoothSolver:  Solving for Ux, Initial residual = 0.00224115, Final residual = 0.000187326, No Iterations 3
smoothSolver:  Solving for Uy, Initial residual = 0.00152055, Final residual = 0.000126192, No Iterations 3
GAMG:  Solving for p, Initial residual = 0.00329645, Final residual = 0.000321863, No Iterations 1
time step continuity errors : sum local = 0.000141087, global = 9.27316e-06, cumulative = 0.00376696
smoothSolver:  Solving for epsilon, Initial residual = 0.000406915, Final residual = 3.60576e-05, No Iterations 3
smoothSolver:  Solving for k, Initial residual = 0.0069675, Final residual = 0.000346694, No Iterations 4
ExecutionTime = 0.209653 s  ClockTime = 2 s

Time = 57s

smoothSolver:  Solving for Ux, Initial residual = 0.00217703, Final residual = 0.000189025, No Iterations 3
smoothSolver:  Solving for Uy, Initial residual = 0.00132995, Final residual = 0.000111158, No Iterations 3
GAMG:  Solving for p, Initial residual = 0.00299399, Final residual = 0.000293067, No Iterations 1
time step continuity errors : sum local = 0.000128512, global = 4.5501e-05, cumulative = 0.00381246
smoothSolver:  Solving for epsilon, Initial residual = 0.000378277, Final residual = 3.35208e-05, No Iterations 3
smoothSolver:  Solving for k, Initial residual = 0.00654907, Final residual = 0.00032546, No Iterations 4
ExecutionTime = 0.211883 s  ClockTime = 2 s

Time = 58s

smoothSolver:  Solving for Ux, Initial residual = 0.002118, Final residual = 0.00018783, No Iterations 3
smoothSolver:  Solving for Uy, Initial residual = 0.00113378, Final residual = 9.55043e-05, No Iterations 3
GAMG:  Solving for p, Initial residual = 0.00272879, Final residual = 0.000250105, No Iterations 1
time step continuity errors : sum local = 0.000109667, global = 5.72415e-05, cumulative = 0.0038697
smoothSolver:  Solving for epsilon, Initial residual = 0.000351236, Final residual = 3.11325e-05, No Iterations 3
smoothSolver:  Solving for k, Initial residual = 0.00615177, Final residual = 0.000305309, No Iterations 4
ExecutionTime = 0.21376 s  ClockTime = 2 s

Time = 59s

smoothSolver:  Solving for Ux, Initial residual = 0.00193016, Final residual = 0.000171112, No Iterations 3
smoothSolver:  Solving for Uy, Initial residual = 0.000957546, Final residual = 8.1034e-05, No Iterations 3
GAMG:  Solving for p, Initial residual = 0.00249229, Final residual = 0.000212925, No Iterations 1
time step continuity errors : sum local = 9.32889e-05, global = 5.38807e-05, cumulative = 0.00392358
smoothSolver:  Solving for epsilon, Initial residual = 0.000325973, Final residual = 2.8896e-05, No Iterations 3
smoothSolver:  Solving for k, Initial residual = 0.00577503, Final residual = 0.000286229, No Iterations 4
ExecutionTime = 0.216001 s  ClockTime = 2 s

Time = 60s

smoothSolver:  Solving for Ux, Initial residual = 0.00160959, Final residual = 0.000139682, No Iterations 3
smoothSolver:  Solving for Uy, Initial residual = 0.000880425, Final residual = 7.63927e-05, No Iterations 3
GAMG:  Solving for p, Initial residual = 0.0022594, Final residual = 0.000186607, No Iterations 1
time step continuity errors : sum local = 8.16309e-05, global = 4.43806e-05, cumulative = 0.00396797
smoothSolver:  Solving for epsilon, Initial residual = 0.000302591, Final residual = 2.68113e-05, No Iterations 3
smoothSolver:  Solving for k, Initial residual = 0.00541802, Final residual = 0.000268179, No Iterations 4
ExecutionTime = 0.218091 s  ClockTime = 2 s

Time = 61s

smoothSolver:  Solving for Ux, Initial residual = 0.00124167, Final residual = 0.000101091, No Iterations 3
smoothSolver:  Solving for Uy, Initial residual = 0.00083715, Final residual = 7.51523e-05, No Iterations 3
GAMG:  Solving for p, Initial residual = 0.00205239, Final residual = 0.000158158, No Iterations 1
time step continuity errors : sum local = 6.90447e-05, global = 3.72982e-05, cumulative = 0.00400526
smoothSolver:  Solving for epsilon, Initial residual = 0.00028096, Final residual = 2.4872e-05, No Iterations 3
smoothSolver:  Solving for k, Initial residual = 0.00508032, Final residual = 0.000251135, No Iterations 4
ExecutionTime = 0.219984 s  ClockTime = 2 s

Time = 62s

smoothSolver:  Solving for Ux, Initial residual = 0.000950062, Final residual = 6.94261e-05, No Iterations 3
smoothSolver:  Solving for Uy, Initial residual = 0.000752309, Final residual = 6.92434e-05, No Iterations 3
GAMG:  Solving for p, Initial residual = 0.00186146, Final residual = 0.000133075, No Iterations 1
time step continuity errors : sum local = 5.79791e-05, global = 3.19986e-05, cumulative = 0.00403726
smoothSolver:  Solving for epsilon, Initial residual = 0.000260875, Final residual = 2.3067e-05, No Iterations 3
smoothSolver:  Solving for k, Initial residual = 0.00476077, Final residual = 0.000235037, No Iterations 4
ExecutionTime = 0.221868 s  ClockTime = 2 s

Time = 63s

smoothSolver:  Solving for Ux, Initial residual = 0.000793562, Final residual = 5.37915e-05, No Iterations 3
smoothSolver:  Solving for Uy, Initial residual = 0.000646194, Final residual = 6.06067e-05, No Iterations 3
GAMG:  Solving for p, Initial residual = 0.00169574, Final residual = 0.000123739, No Iterations 1
time step continuity errors : sum local = 5.3832e-05, global = 2.41634e-05, cumulative = 0.00406143
smoothSolver:  Solving for epsilon, Initial residual = 0.000242135, Final residual = 2.13848e-05, No Iterations 3
smoothSolver:  Solving for k, Initial residual = 0.00445862, Final residual = 0.00021985, No Iterations 4
ExecutionTime = 0.223827 s  ClockTime = 2 s

Time = 64s

smoothSolver:  Solving for Ux, Initial residual = 0.000777825, Final residual = 5.53436e-05, No Iterations 3
smoothSolver:  Solving for Uy, Initial residual = 0.000553174, Final residual = 5.24244e-05, No Iterations 3
GAMG:  Solving for p, Initial residual = 0.00155185, Final residual = 0.000125137, No Iterations 1
time step continuity errors : sum local = 5.43954e-05, global = 1.15727e-05, cumulative = 0.004073
smoothSolver:  Solving for epsilon, Initial residual = 0.000224643, Final residual = 1.98181e-05, No Iterations 3
smoothSolver:  Solving for k, Initial residual = 0.00417309, Final residual = 0.000205534, No Iterations 4
ExecutionTime = 0.225894 s  ClockTime = 2 s

Time = 65s

smoothSolver:  Solving for Ux, Initial residual = 0.000807536, Final residual = 6.27364e-05, No Iterations 3
smoothSolver:  Solving for Uy, Initial residual = 0.000478231, Final residual = 4.56833e-05, No Iterations 3
GAMG:  Solving for p, Initial residual = 0.00141275, Final residual = 0.000124518, No Iterations 1
time step continuity errors : sum local = 5.41078e-05, global = -3.02008e-06, cumulative = 0.00406998
smoothSolver:  Solving for epsilon, Initial residual = 0.000208391, Final residual = 1.83631e-05, No Iterations 3
smoothSolver:  Solving for k, Initial residual = 0.00390377, Final residual = 0.000192067, No Iterations 4
ExecutionTime = 0.227888 s  ClockTime = 2 s

Time = 66s

smoothSolver:  Solving for Ux, Initial residual = 0.000801837, Final residual = 6.54203e-05, No Iterations 3
smoothSolver:  Solving for Uy, Initial residual = 0.000419565, Final residual = 4.01298e-05, No Iterations 3
GAMG:  Solving for p, Initial residual = 0.00128531, Final residual = 0.000115708, No Iterations 1
time step continuity errors : sum local = 5.0277e-05, global = -1.57769e-05, cumulative = 0.0040542
smoothSolver:  Solving for epsilon, Initial residual = 0.000193333, Final residual = 1.70146e-05, No Iterations 3
smoothSolver:  Solving for k, Initial residual = 0.00365009, Final residual = 0.000179414, No Iterations 4
ExecutionTime = 0.229885 s  ClockTime = 2 s

Time = 67s

smoothSolver:  Solving for Ux, Initial residual = 0.000761164, Final residual = 6.38292e-05, No Iterations 3
smoothSolver:  Solving for Uy, Initial residual = 0.000376841, Final residual = 3.54128e-05, No Iterations 3
GAMG:  Solving for p, Initial residual = 0.00116879, Final residual = 9.97603e-05, No Iterations 1
time step continuity errors : sum local = 4.33538e-05, global = -2.10684e-05, cumulative = 0.00403313
smoothSolver:  Solving for epsilon, Initial residual = 0.000179392, Final residual = 1.57666e-05, No Iterations 3
smoothSolver:  Solving for k, Initial residual = 0.00341155, Final residual = 0.000167537, No Iterations 4
ExecutionTime = 0.231768 s  ClockTime = 2 s

Time = 68s

smoothSolver:  Solving for Ux, Initial residual = 0.000679628, Final residual = 5.74061e-05, No Iterations 3
smoothSolver:  Solving for Uy, Initial residual = 0.000357534, Final residual = 3.25622e-05, No Iterations 3
GAMG:  Solving for p, Initial residual = 0.00105081, Final residual = 8.65903e-05, No Iterations 1
time step continuity errors : sum local = 3.76448e-05, global = -1.94459e-05, cumulative = 0.00401369
smoothSolver:  Solving for epsilon, Initial residual = 0.000166403, Final residual = 1.46083e-05, No Iterations 3
smoothSolver:  Solving for k, Initial residual = 0.00318749, Final residual = 0.000156396, No Iterations 4
ExecutionTime = 0.233969 s  ClockTime = 2 s

Time = 69s

smoothSolver:  Solving for Ux, Initial residual = 0.000557236, Final residual = 4.64221e-05, No Iterations 3
smoothSolver:  Solving for Uy, Initial residual = 0.000365783, Final residual = 3.30911e-05, No Iterations 3
GAMG:  Solving for p, Initial residual = 0.000935514, Final residual = 7.78799e-05, No Iterations 1
time step continuity errors : sum local = 3.38798e-05, global = -1.60947e-05, cumulative = 0.00399759
smoothSolver:  Solving for epsilon, Initial residual = 0.000154213, Final residual = 1.3529e-05, No Iterations 3
smoothSolver:  Solving for k, Initial residual = 0.00297705, Final residual = 0.000145942, No Iterations 4
ExecutionTime = 0.235863 s  ClockTime = 2 s

Time = 70s

smoothSolver:  Solving for Ux, Initial residual = 0.00044061, Final residual = 3.45396e-05, No Iterations 3
smoothSolver:  Solving for Uy, Initial residual = 0.000362928, Final residual = 3.27674e-05, No Iterations 3
GAMG:  Solving for p, Initial residual = 0.000836803, Final residual = 7.11149e-05, No Iterations 1
time step continuity errors : sum local = 3.09606e-05, global = -1.40992e-05, cumulative = 0.00398349
smoothSolver:  Solving for epsilon, Initial residual = 0.000142802, Final residual = 1.25235e-05, No Iterations 3
smoothSolver:  Solving for k, Initial residual = 0.00277945, Final residual = 0.000136137, No Iterations 4
ExecutionTime = 0.237807 s  ClockTime = 2 s

Time = 71s

smoothSolver:  Solving for Ux, Initial residual = 0.000361676, Final residual = 2.51379e-05, No Iterations 3
smoothSolver:  Solving for Uy, Initial residual = 0.000337808, Final residual = 3.06094e-05, No Iterations 3
GAMG:  Solving for p, Initial residual = 0.000758614, Final residual = 6.857e-05, No Iterations 1
time step continuity errors : sum local = 2.98727e-05, global = -1.22428e-05, cumulative = 0.00397125
smoothSolver:  Solving for epsilon, Initial residual = 0.00013219, Final residual = 1.15894e-05, No Iterations 3
smoothSolver:  Solving for k, Initial residual = 0.00259413, Final residual = 0.00012695, No Iterations 4
ExecutionTime = 0.239732 s  ClockTime = 2 s

Time = 72s

smoothSolver:  Solving for Ux, Initial residual = 0.000311918, Final residual = 1.96517e-05, No Iterations 3
smoothSolver:  Solving for Uy, Initial residual = 0.000297966, Final residual = 2.71651e-05, No Iterations 3
GAMG:  Solving for p, Initial residual = 0.000696352, Final residual = 6.96124e-05, No Iterations 1
time step continuity errors : sum local = 3.03403e-05, global = -8.64834e-06, cumulative = 0.0039626
smoothSolver:  Solving for epsilon, Initial residual = 0.000122356, Final residual = 1.07234e-05, No Iterations 3
smoothSolver:  Solving for k, Initial residual = 0.00242045, Final residual = 0.000118349, No Iterations 4
ExecutionTime = 0.241599 s  ClockTime = 2 s

Time = 73s

smoothSolver:  Solving for Ux, Initial residual = 0.000298392, Final residual = 1.95353e-05, No Iterations 3
smoothSolver:  Solving for Uy, Initial residual = 0.000254794, Final residual = 2.34574e-05, No Iterations 3
GAMG:  Solving for p, Initial residual = 0.000634764, Final residual = 1.53864e-05, No Iterations 2
time step continuity errors : sum local = 6.70767e-06, global = -2.04633e-06, cumulative = 0.00396056
smoothSolver:  Solving for epsilon, Initial residual = 0.000113027, Final residual = 9.91088e-06, No Iterations 3
smoothSolver:  Solving for k, Initial residual = 0.00225785, Final residual = 0.000110278, No Iterations 4
ExecutionTime = 0.243412 s  ClockTime = 2 s

Time = 74s

smoothSolver:  Solving for Ux, Initial residual = 0.000324528, Final residual = 2.35468e-05, No Iterations 3
smoothSolver:  Solving for Uy, Initial residual = 0.000205199, Final residual = 1.87519e-05, No Iterations 3
GAMG:  Solving for p, Initial residual = 0.000563378, Final residual = 5.32922e-05, No Iterations 1
time step continuity errors : sum local = 2.32366e-05, global = 2.84197e-06, cumulative = 0.0039634
smoothSolver:  Solving for epsilon, Initial residual = 0.000104797, Final residual = 9.17482e-06, No Iterations 3
smoothSolver:  Solving for k, Initial residual = 0.00210538, Final residual = 0.00010276, No Iterations 4
ExecutionTime = 0.245224 s  ClockTime = 2 s

Time = 75s

smoothSolver:  Solving for Ux, Initial residual = 0.000306397, Final residual = 2.28603e-05, No Iterations 3
smoothSolver:  Solving for Uy, Initial residual = 0.000184293, Final residual = 1.67562e-05, No Iterations 3
GAMG:  Solving for p, Initial residual = 0.000510558, Final residual = 4.34806e-05, No Iterations 1
time step continuity errors : sum local = 1.89587e-05, global = 6.44692e-06, cumulative = 0.00396984
smoothSolver:  Solving for epsilon, Initial residual = 9.68766e-05, Final residual = 8.48168e-06, No Iterations 3
smoothSolver:  Solving for k, Initial residual = 0.00196258, Final residual = 9.57048e-05, No Iterations 4
ExecutionTime = 0.247182 s  ClockTime = 2 s

Time = 76s

smoothSolver:  Solving for Ux, Initial residual = 0.000273583, Final residual = 2.06615e-05, No Iterations 3
smoothSolver:  Solving for Uy, Initial residual = 0.000173613, Final residual = 1.57674e-05, No Iterations 3
GAMG:  Solving for p, Initial residual = 0.000462008, Final residual = 3.56156e-05, No Iterations 1
time step continuity errors : sum local = 1.55282e-05, global = 7.47943e-06, cumulative = 0.00397732
smoothSolver:  Solving for epsilon, Initial residual = 8.95562e-05, Final residual = 7.83936e-06, No Iterations 3
smoothSolver:  Solving for k, Initial residual = 0.00182884, Final residual = 8.9106e-05, No Iterations 4
ExecutionTime = 0.249064 s  ClockTime = 2 s

Time = 77s

smoothSolver:  Solving for Ux, Initial residual = 0.000227264, Final residual = 1.70474e-05, No Iterations 3
smoothSolver:  Solving for Uy, Initial residual = 0.000166843, Final residual = 1.51818e-05, No Iterations 3
GAMG:  Solving for p, Initial residual = 0.000417552, Final residual = 3.02224e-05, No Iterations 1
time step continuity errors : sum local = 1.31746e-05, global = 6.88359e-06, cumulative = 0.00398421
smoothSolver:  Solving for epsilon, Initial residual = 8.28029e-05, Final residual = 7.24504e-06, No Iterations 3
smoothSolver:  Solving for k, Initial residual = 0.00170369, Final residual = 8.29406e-05, No Iterations 4
ExecutionTime = 0.250884 s  ClockTime = 2 s

Time = 78s

smoothSolver:  Solving for Ux, Initial residual = 0.000174004, Final residual = 1.26746e-05, No Iterations 3
smoothSolver:  Solving for Uy, Initial residual = 0.000162596, Final residual = 1.49288e-05, No Iterations 3
GAMG:  Solving for p, Initial residual = 0.00037631, Final residual = 2.59227e-05, No Iterations 1
time step continuity errors : sum local = 1.12978e-05, global = 5.90275e-06, cumulative = 0.00399011
smoothSolver:  Solving for epsilon, Initial residual = 7.65728e-05, Final residual = 6.69559e-06, No Iterations 3
smoothSolver:  Solving for k, Initial residual = 0.00158668, Final residual = 7.71841e-05, No Iterations 4
ExecutionTime = 0.252935 s  ClockTime = 2 s

Time = 79s

smoothSolver:  Solving for Ux, Initial residual = 0.000129133, Final residual = 8.84454e-06, No Iterations 3
smoothSolver:  Solving for Uy, Initial residual = 0.000153219, Final residual = 1.40567e-05, No Iterations 3
GAMG:  Solving for p, Initial residual = 0.000341404, Final residual = 2.27742e-05, No Iterations 1
time step continuity errors : sum local = 9.92333e-06, global = 4.91842e-06, cumulative = 0.00399503
smoothSolver:  Solving for epsilon, Initial residual = 7.0818e-05, Final residual = 6.18756e-06, No Iterations 3
smoothSolver:  Solving for k, Initial residual = 0.00147732, Final residual = 7.18115e-05, No Iterations 4
ExecutionTime = 0.254772 s  ClockTime = 2 s

Time = 80s

smoothSolver:  Solving for Ux, Initial residual = 0.000113899, Final residual = 7.51261e-06, No Iterations 3
smoothSolver:  Solving for Uy, Initial residual = 0.000139018, Final residual = 1.26436e-05, No Iterations 3
GAMG:  Solving for p, Initial residual = 0.00031114, Final residual = 2.13141e-05, No Iterations 1
time step continuity errors : sum local = 9.28548e-06, global = 3.68829e-06, cumulative = 0.00399872
smoothSolver:  Solving for epsilon, Initial residual = 6.54917e-05, Final residual = 5.71768e-06, No Iterations 3
smoothSolver:  Solving for k, Initial residual = 0.00137511, Final residual = 6.67971e-05, No Iterations 4
ExecutionTime = 0.256703 s  ClockTime = 2 s

Time = 81s

smoothSolver:  Solving for Ux, Initial residual = 0.000121585, Final residual = 8.70725e-06, No Iterations 3
smoothSolver:  Solving for Uy, Initial residual = 0.000121796, Final residual = 1.09155e-05, No Iterations 3
GAMG:  Solving for p, Initial residual = 0.000285112, Final residual = 2.07547e-05, No Iterations 1
time step continuity errors : sum local = 9.04082e-06, global = 1.96352e-06, cumulative = 0.00400068
smoothSolver:  Solving for epsilon, Initial residual = 6.05602e-05, Final residual = 5.28313e-06, No Iterations 3
smoothSolver:  Solving for k, Initial residual = 0.00127962, Final residual = 6.21189e-05, No Iterations 4
ExecutionTime = 0.258554 s  ClockTime = 2 s

Time = 82s

smoothSolver:  Solving for Ux, Initial residual = 0.000131417, Final residual = 1.02743e-05, No Iterations 3
smoothSolver:  Solving for Uy, Initial residual = 0.000104522, Final residual = 9.14482e-06, No Iterations 3
GAMG:  Solving for p, Initial residual = 0.000261313, Final residual = 2.06119e-05, No Iterations 1
time step continuity errors : sum local = 8.97825e-06, global = -7.42138e-08, cumulative = 0.00400061
smoothSolver:  Solving for epsilon, Initial residual = 5.59999e-05, Final residual = 4.88161e-06, No Iterations 3
smoothSolver:  Solving for k, Initial residual = 0.00119044, Final residual = 5.77565e-05, No Iterations 4
ExecutionTime = 0.26047 s  ClockTime = 2 s

Time = 83s

smoothSolver:  Solving for Ux, Initial residual = 0.000131707, Final residual = 1.07608e-05, No Iterations 3
smoothSolver:  Solving for Uy, Initial residual = 9.02175e-05, Final residual = 7.62327e-06, No Iterations 3
GAMG:  Solving for p, Initial residual = 0.000239673, Final residual = 1.95157e-05, No Iterations 1
time step continuity errors : sum local = 8.50083e-06, global = -2.21479e-06, cumulative = 0.00399839
smoothSolver:  Solving for epsilon, Initial residual = 5.17848e-05, Final residual = 4.51077e-06, No Iterations 3
smoothSolver:  Solving for k, Initial residual = 0.00110724, Final residual = 5.36916e-05, No Iterations 4
ExecutionTime = 0.262446 s  ClockTime = 2 s

Time = 84s

smoothSolver:  Solving for Ux, Initial residual = 0.00012629, Final residual = 1.05543e-05, No Iterations 3
smoothSolver:  Solving for Uy, Initial residual = 8.01144e-05, Final residual = 6.64029e-06, No Iterations 3
GAMG:  Solving for p, Initial residual = 0.000219623, Final residual = 1.75842e-05, No Iterations 1
time step continuity errors : sum local = 7.65971e-06, global = -3.54658e-06, cumulative = 0.00399484
smoothSolver:  Solving for epsilon, Initial residual = 4.78927e-05, Final residual = 9.26089e-06, No Iterations 2
smoothSolver:  Solving for k, Initial residual = 0.00103014, Final residual = 4.99276e-05, No Iterations 4
ExecutionTime = 0.264211 s  ClockTime = 2 s

Time = 85s

smoothSolver:  Solving for Ux, Initial residual = 0.000113931, Final residual = 9.55209e-06, No Iterations 3
smoothSolver:  Solving for Uy, Initial residual = 7.42196e-05, Final residual = 6.16868e-06, No Iterations 3
GAMG:  Solving for p, Initial residual = 0.000199661, Final residual = 1.62676e-05, No Iterations 1
time step continuity errors : sum local = 7.08662e-06, global = -3.90075e-06, cumulative = 0.00399094
smoothSolver:  Solving for epsilon, Initial residual = 4.47386e-05, Final residual = 8.65702e-06, No Iterations 2
smoothSolver:  Solving for k, Initial residual = 0.000958239, Final residual = 4.64138e-05, No Iterations 4
ExecutionTime = 0.266132 s  ClockTime = 2 s

Time = 86s

smoothSolver:  Solving for Ux, Initial residual = 9.4321e-05, Final residual = 7.62118e-06, No Iterations 3
smoothSolver:  Solving for Uy, Initial residual = 7.1493e-05, Final residual = 6.05522e-06, No Iterations 3
GAMG:  Solving for p, Initial residual = 0.000180073, Final residual = 1.50876e-05, No Iterations 1
time step continuity errors : sum local = 6.57328e-06, global = -3.53933e-06, cumulative = 0.0039874
smoothSolver:  Solving for epsilon, Initial residual = 4.18123e-05, Final residual = 8.09446e-06, No Iterations 2
smoothSolver:  Solving for k, Initial residual = 0.000891146, Final residual = 4.31387e-05, No Iterations 4
ExecutionTime = 0.267887 s  ClockTime = 2 s

Time = 87s

smoothSolver:  Solving for Ux, Initial residual = 6.96589e-05, Final residual = 5.01309e-06, No Iterations 3
smoothSolver:  Solving for Uy, Initial residual = 6.79705e-05, Final residual = 5.83544e-06, No Iterations 3
GAMG:  Solving for p, Initial residual = 0.000162004, Final residual = 1.39139e-05, No Iterations 1
time step continuity errors : sum local = 6.0627e-06, global = -3.14491e-06, cumulative = 0.00398426
smoothSolver:  Solving for epsilon, Initial residual = 3.9075e-05, Final residual = 7.56781e-06, No Iterations 2
smoothSolver:  Solving for k, Initial residual = 0.000828554, Final residual = 4.00868e-05, No Iterations 4
ExecutionTime = 0.26993 s  ClockTime = 2 s

Time = 88s

smoothSolver:  Solving for Ux, Initial residual = 5.10966e-05, Final residual = 6.57907e-06, No Iterations 2
smoothSolver:  Solving for Uy, Initial residual = 6.19805e-05, Final residual = 5.40239e-06, No Iterations 3
GAMG:  Solving for p, Initial residual = 0.000146292, Final residual = 1.28347e-05, No Iterations 1
time step continuity errors : sum local = 5.5932e-06, global = -2.76059e-06, cumulative = 0.0039815
smoothSolver:  Solving for epsilon, Initial residual = 3.65135e-05, Final residual = 7.07454e-06, No Iterations 2
smoothSolver:  Solving for k, Initial residual = 0.000770194, Final residual = 3.72441e-05, No Iterations 4
ExecutionTime = 0.272426 s  ClockTime = 2 s

Time = 89s

smoothSolver:  Solving for Ux, Initial residual = 4.44802e-05, Final residual = 5.22654e-06, No Iterations 2
smoothSolver:  Solving for Uy, Initial residual = 5.45404e-05, Final residual = 4.82663e-06, No Iterations 3
GAMG:  Solving for p, Initial residual = 0.000133213, Final residual = 1.20383e-05, No Iterations 1
time step continuity errors : sum local = 5.24668e-06, global = -2.17118e-06, cumulative = 0.00397933
smoothSolver:  Solving for epsilon, Initial residual = 3.4119e-05, Final residual = 6.61277e-06, No Iterations 2
smoothSolver:  Solving for k, Initial residual = 0.000715811, Final residual = 3.45975e-05, No Iterations 4
ExecutionTime = 0.274374 s  ClockTime = 2 s

Time = 90s

smoothSolver:  Solving for Ux, Initial residual = 4.38274e-05, Final residual = 5.50571e-06, No Iterations 2
smoothSolver:  Solving for Uy, Initial residual = 4.75847e-05, Final residual = 9.1848e-06, No Iterations 2
GAMG:  Solving for p, Initial residual = 0.000121518, Final residual = 1.12082e-05, No Iterations 1
time step continuity errors : sum local = 4.88519e-06, global = -1.42763e-06, cumulative = 0.0039779
smoothSolver:  Solving for epsilon, Initial residual = 3.18773e-05, Final residual = 6.18013e-06, No Iterations 2
smoothSolver:  Solving for k, Initial residual = 0.000665152, Final residual = 3.2134e-05, No Iterations 4
ExecutionTime = 0.27655 s  ClockTime = 2 s

Time = 91s

smoothSolver:  Solving for Ux, Initial residual = 4.20363e-05, Final residual = 5.58454e-06, No Iterations 2
smoothSolver:  Solving for Uy, Initial residual = 4.24045e-05, Final residual = 8.19215e-06, No Iterations 2
GAMG:  Solving for p, Initial residual = 0.000110741, Final residual = 9.91028e-06, No Iterations 1
time step continuity errors : sum local = 4.31965e-06, global = -4.52105e-07, cumulative = 0.00397745
smoothSolver:  Solving for epsilon, Initial residual = 2.97786e-05, Final residual = 5.77485e-06, No Iterations 2
smoothSolver:  Solving for k, Initial residual = 0.000617978, Final residual = 2.98416e-05, No Iterations 4
ExecutionTime = 0.278462 s  ClockTime = 2 s

Time = 92s

smoothSolver:  Solving for Ux, Initial residual = 3.96474e-05, Final residual = 5.51253e-06, No Iterations 2
smoothSolver:  Solving for Uy, Initial residual = 3.82137e-05, Final residual = 7.39046e-06, No Iterations 2
GAMG:  Solving for p, Initial residual = 0.000100623, Final residual = 8.59526e-06, No Iterations 1
time step continuity errors : sum local = 3.74655e-06, global = 3.83724e-07, cumulative = 0.00397783
smoothSolver:  Solving for epsilon, Initial residual = 2.78123e-05, Final residual = 5.39499e-06, No Iterations 2
smoothSolver:  Solving for k, Initial residual = 0.000574049, Final residual = 2.77086e-05, No Iterations 4
ExecutionTime = 0.280384 s  ClockTime = 2 s

Time = 93s

smoothSolver:  Solving for Ux, Initial residual = 3.69377e-05, Final residual = 5.28829e-06, No Iterations 2
smoothSolver:  Solving for Uy, Initial residual = 3.46971e-05, Final residual = 6.68052e-06, No Iterations 2
GAMG:  Solving for p, Initial residual = 9.14066e-05, Final residual = 7.07644e-06, No Iterations 1
time step continuity errors : sum local = 3.08456e-06, global = 8.55997e-07, cumulative = 0.00397869
smoothSolver:  Solving for epsilon, Initial residual = 2.59702e-05, Final residual = 5.03894e-06, No Iterations 2
smoothSolver:  Solving for k, Initial residual = 0.000533146, Final residual = 2.57242e-05, No Iterations 4
ExecutionTime = 0.282334 s  ClockTime = 2 s

Time = 94s

smoothSolver:  Solving for Ux, Initial residual = 3.39141e-05, Final residual = 4.88625e-06, No Iterations 2
smoothSolver:  Solving for Uy, Initial residual = 3.14327e-05, Final residual = 5.97116e-06, No Iterations 2
GAMG:  Solving for p, Initial residual = 8.29931e-05, Final residual = 5.6982e-06, No Iterations 1
time step continuity errors : sum local = 2.48381e-06, global = 1.07664e-06, cumulative = 0.00397976
smoothSolver:  Solving for epsilon, Initial residual = 2.42469e-05, Final residual = 4.70555e-06, No Iterations 2
smoothSolver:  Solving for k, Initial residual = 0.000495074, Final residual = 2.38785e-05, No Iterations 4
ExecutionTime = 0.28419 s  ClockTime = 2 s

Time = 95s

smoothSolver:  Solving for Ux, Initial residual = 3.07563e-05, Final residual = 4.52801e-06, No Iterations 2
smoothSolver:  Solving for Uy, Initial residual = 2.83009e-05, Final residual = 5.30893e-06, No Iterations 2
GAMG:  Solving for p, Initial residual = 7.52008e-05, Final residual = 4.74471e-06, No Iterations 1
time step continuity errors : sum local = 2.06818e-06, global = 1.06049e-06, cumulative = 0.00398083
smoothSolver:  Solving for epsilon, Initial residual = 2.26361e-05, Final residual = 9.85459e-06, No Iterations 1
smoothSolver:  Solving for k, Initial residual = 0.000460147, Final residual = 2.21848e-05, No Iterations 4
ExecutionTime = 0.285892 s  ClockTime = 2 s

Time = 96s

smoothSolver:  Solving for Ux, Initial residual = 2.7639e-05, Final residual = 9.50681e-06, No Iterations 1
smoothSolver:  Solving for Uy, Initial residual = 2.54915e-05, Final residual = 4.73709e-06, No Iterations 2
GAMG:  Solving for p, Initial residual = 6.81354e-05, Final residual = 4.22327e-06, No Iterations 1
time step continuity errors : sum local = 1.84086e-06, global = 9.34159e-07, cumulative = 0.00398176
smoothSolver:  Solving for epsilon, Initial residual = 2.16781e-05, Final residual = 9.44476e-06, No Iterations 1
smoothSolver:  Solving for k, Initial residual = 0.000427585, Final residual = 2.06015e-05, No Iterations 4
ExecutionTime = 0.287861 s  ClockTime = 2 s

Time = 97s

smoothSolver:  Solving for Ux, Initial residual = 2.5833e-05, Final residual = 9.03572e-06, No Iterations 1
smoothSolver:  Solving for Uy, Initial residual = 2.27818e-05, Final residual = 9.37362e-06, No Iterations 1
GAMG:  Solving for p, Initial residual = 6.18003e-05, Final residual = 3.71896e-06, No Iterations 1
time step continuity errors : sum local = 1.62101e-06, global = 7.97432e-07, cumulative = 0.00398256
smoothSolver:  Solving for epsilon, Initial residual = 2.07685e-05, Final residual = 9.05243e-06, No Iterations 1
smoothSolver:  Solving for k, Initial residual = 0.000397204, Final residual = 1.91272e-05, No Iterations 4
ExecutionTime = 0.289886 s  ClockTime = 2 s

Time = 98s

smoothSolver:  Solving for Ux, Initial residual = 2.45539e-05, Final residual = 8.72195e-06, No Iterations 1
smoothSolver:  Solving for Uy, Initial residual = 2.0683e-05, Final residual = 8.46319e-06, No Iterations 1
GAMG:  Solving for p, Initial residual = 5.64595e-05, Final residual = 3.25652e-06, No Iterations 1
time step continuity errors : sum local = 1.41942e-06, global = 6.59231e-07, cumulative = 0.00398322
smoothSolver:  Solving for epsilon, Initial residual = 1.98919e-05, Final residual = 8.67375e-06, No Iterations 1
smoothSolver:  Solving for k, Initial residual = 0.00036888, Final residual = 1.7755e-05, No Iterations 4
ExecutionTime = 0.291754 s  ClockTime = 2 s

Time = 99s

smoothSolver:  Solving for Ux, Initial residual = 2.37077e-05, Final residual = 8.5422e-06, No Iterations 1
smoothSolver:  Solving for Uy, Initial residual = 1.86065e-05, Final residual = 7.59497e-06, No Iterations 1
GAMG:  Solving for p, Initial residual = 5.17063e-05, Final residual = 2.89134e-06, No Iterations 1
time step continuity errors : sum local = 1.26024e-06, global = 5.06582e-07, cumulative = 0.00398372
smoothSolver:  Solving for epsilon, Initial residual = 1.90438e-05, Final residual = 8.30735e-06, No Iterations 1
smoothSolver:  Solving for k, Initial residual = 0.000342491, Final residual = 1.64783e-05, No Iterations 4
ExecutionTime = 0.293737 s  ClockTime = 2 s

Time = 100s

smoothSolver:  Solving for Ux, Initial residual = 2.32251e-05, Final residual = 8.52163e-06, No Iterations 1
smoothSolver:  Solving for Uy, Initial residual = 1.67265e-05, Final residual = 6.80972e-06, No Iterations 1
GAMG:  Solving for p, Initial residual = 4.73862e-05, Final residual = 2.65466e-06, No Iterations 1
time step continuity errors : sum local = 1.15707e-06, global = 3.22547e-07, cumulative = 0.00398405
smoothSolver:  Solving for epsilon, Initial residual = 1.82226e-05, Final residual = 7.95267e-06, No Iterations 1
smoothSolver:  Solving for k, Initial residual = 0.000317916, Final residual = 1.5291e-05, No Iterations 4
ExecutionTime = 0.301281 s  ClockTime = 2 s

Time = 101s

smoothSolver:  Solving for Ux, Initial residual = 2.31494e-05, Final residual = 8.75171e-06, No Iterations 1
smoothSolver:  Solving for Uy, Initial residual = 1.50419e-05, Final residual = 6.10662e-06, No Iterations 1
GAMG:  Solving for p, Initial residual = 4.34185e-05, Final residual = 2.52665e-06, No Iterations 1
time step continuity errors : sum local = 1.10127e-06, global = 1.11883e-07, cumulative = 0.00398416
smoothSolver:  Solving for epsilon, Initial residual = 1.74281e-05, Final residual = 7.60954e-06, No Iterations 1
smoothSolver:  Solving for k, Initial residual = 0.000295041, Final residual = 1.4187e-05, No Iterations 4
ExecutionTime = 0.303348 s  ClockTime = 2 s

Time = 102s

smoothSolver:  Solving for Ux, Initial residual = 2.30371e-05, Final residual = 8.92179e-06, No Iterations 1
smoothSolver:  Solving for Uy, Initial residual = 1.35721e-05, Final residual = 5.48822e-06, No Iterations 1
GAMG:  Solving for p, Initial residual = 3.97443e-05, Final residual = 2.39996e-06, No Iterations 1
time step continuity errors : sum local = 1.04606e-06, global = -1.20307e-07, cumulative = 0.00398404
smoothSolver:  Solving for epsilon, Initial residual = 1.66603e-05, Final residual = 7.27787e-06, No Iterations 1
smoothSolver:  Solving for k, Initial residual = 0.000273756, Final residual = 1.31609e-05, No Iterations 4
ExecutionTime = 0.305422 s  ClockTime = 2 s

Time = 103s

smoothSolver:  Solving for Ux, Initial residual = 2.24631e-05, Final residual = 8.84705e-06, No Iterations 1
smoothSolver:  Solving for Uy, Initial residual = 1.23231e-05, Final residual = 4.98074e-06, No Iterations 1
GAMG:  Solving for p, Initial residual = 3.62948e-05, Final residual = 2.27618e-06, No Iterations 1
time step continuity errors : sum local = 9.92118e-07, global = -3.66164e-07, cumulative = 0.00398367
smoothSolver:  Solving for epsilon, Initial residual = 1.59187e-05, Final residual = 6.95744e-06, No Iterations 1
smoothSolver:  Solving for k, Initial residual = 0.000253959, Final residual = 1.22073e-05, No Iterations 4
ExecutionTime = 0.307339 s  ClockTime = 2 s

Time = 104s

smoothSolver:  Solving for Ux, Initial residual = 2.15226e-05, Final residual = 8.55729e-06, No Iterations 1
smoothSolver:  Solving for Uy, Initial residual = 1.13884e-05, Final residual = 4.62421e-06, No Iterations 1
GAMG:  Solving for p, Initial residual = 3.30618e-05, Final residual = 2.17387e-06, No Iterations 1
time step continuity errors : sum local = 9.47533e-07, global = -5.3025e-07, cumulative = 0.00398314
smoothSolver:  Solving for epsilon, Initial residual = 1.5204e-05, Final residual = 6.64842e-06, No Iterations 1
smoothSolver:  Solving for k, Initial residual = 0.000235555, Final residual = 1.13214e-05, No Iterations 4
ExecutionTime = 0.30952 s  ClockTime = 2 s

Time = 105s

smoothSolver:  Solving for Ux, Initial residual = 1.98922e-05, Final residual = 7.90487e-06, No Iterations 1
smoothSolver:  Solving for Uy, Initial residual = 1.09952e-05, Final residual = 4.54062e-06, No Iterations 1
GAMG:  Solving for p, Initial residual = 2.99652e-05, Final residual = 2.12977e-06, No Iterations 1
time step continuity errors : sum local = 9.28322e-07, global = -5.91191e-07, cumulative = 0.00398255
smoothSolver:  Solving for epsilon, Initial residual = 1.45149e-05, Final residual = 6.35041e-06, No Iterations 1
smoothSolver:  Solving for k, Initial residual = 0.000218452, Final residual = 1.04986e-05, No Iterations 4
ExecutionTime = 0.311807 s  ClockTime = 2 s

Time = 106s

smoothSolver:  Solving for Ux, Initial residual = 1.74894e-05, Final residual = 6.83966e-06, No Iterations 1
smoothSolver:  Solving for Uy, Initial residual = 1.10575e-05, Final residual = 4.68075e-06, No Iterations 1
GAMG:  Solving for p, Initial residual = 2.69887e-05, Final residual = 2.07135e-06, No Iterations 1
time step continuity errors : sum local = 9.02871e-07, global = -5.49611e-07, cumulative = 0.003982
smoothSolver:  Solving for epsilon, Initial residual = 1.385e-05, Final residual = 6.0629e-06, No Iterations 1
smoothSolver:  Solving for k, Initial residual = 0.000202563, Final residual = 9.73443e-06, No Iterations 4
ExecutionTime = 0.314037 s  ClockTime = 2 s

Time = 107s

smoothSolver:  Solving for Ux, Initial residual = 1.46738e-05, Final residual = 5.52983e-06, No Iterations 1
smoothSolver:  Solving for Uy, Initial residual = 1.11691e-05, Final residual = 4.81349e-06, No Iterations 1
GAMG:  Solving for p, Initial residual = 2.43081e-05, Final residual = 1.93099e-06, No Iterations 1
time step continuity errors : sum local = 8.41707e-07, global = -4.92617e-07, cumulative = 0.00398151
smoothSolver:  Solving for epsilon, Initial residual = 1.3209e-05, Final residual = 5.78561e-06, No Iterations 1
smoothSolver:  Solving for k, Initial residual = 0.000187802, Final residual = 9.02475e-06, No Iterations 4
ExecutionTime = 0.31606 s  ClockTime = 2 s

Time = 108s

smoothSolver:  Solving for Ux, Initial residual = 1.2497e-05, Final residual = 4.51744e-06, No Iterations 1
smoothSolver:  Solving for Uy, Initial residual = 1.10374e-05, Final residual = 4.82304e-06, No Iterations 1
GAMG:  Solving for p, Initial residual = 2.2003e-05, Final residual = 1.76657e-06, No Iterations 1
time step continuity errors : sum local = 7.70055e-07, global = -4.42217e-07, cumulative = 0.00398106
smoothSolver:  Solving for epsilon, Initial residual = 1.25922e-05, Final residual = 5.51861e-06, No Iterations 1
smoothSolver:  Solving for k, Initial residual = 0.000174093, Final residual = 8.36579e-06, No Iterations 4
ExecutionTime = 0.318249 s  ClockTime = 3 s

Time = 109s

smoothSolver:  Solving for Ux, Initial residual = 1.116e-05, Final residual = 3.95105e-06, No Iterations 1
smoothSolver:  Solving for Uy, Initial residual = 1.06503e-05, Final residual = 4.7048e-06, No Iterations 1
GAMG:  Solving for p, Initial residual = 2.00042e-05, Final residual = 1.60554e-06, No Iterations 1
time step continuity errors : sum local = 6.99872e-07, global = -3.82287e-07, cumulative = 0.00398068
smoothSolver:  Solving for epsilon, Initial residual = 1.19999e-05, Final residual = 5.26188e-06, No Iterations 1
smoothSolver:  Solving for k, Initial residual = 0.000161363, Final residual = 7.75408e-06, No Iterations 4
ExecutionTime = 0.320454 s  ClockTime = 3 s

Time = 110s

smoothSolver:  Solving for Ux, Initial residual = 1.03732e-05, Final residual = 3.66684e-06, No Iterations 1
smoothSolver:  Solving for Uy, Initial residual = 1.01116e-05, Final residual = 4.50245e-06, No Iterations 1
GAMG:  Solving for p, Initial residual = 1.82258e-05, Final residual = 1.47756e-06, No Iterations 1
time step continuity errors : sum local = 6.44093e-07, global = -3.02756e-07, cumulative = 0.00398038
smoothSolver:  Solving for epsilon, Initial residual = 1.14315e-05, Final residual = 5.01526e-06, No Iterations 1
smoothSolver:  Solving for k, Initial residual = 0.000149547, Final residual = 7.18634e-06, No Iterations 4
ExecutionTime = 0.322766 s  ClockTime = 3 s

Time = 111s

smoothSolver:  Solving for Ux, Initial residual = 9.79681e-06, Final residual = 9.79681e-06, No Iterations 0
smoothSolver:  Solving for Uy, Initial residual = 9.53593e-06, Final residual = 9.53593e-06, No Iterations 0
GAMG:  Solving for p, Initial residual = 1.61488e-05, Final residual = 1.31061e-06, No Iterations 1
time step continuity errors : sum local = 5.71321e-07, global = -2.55471e-07, cumulative = 0.00398012
smoothSolver:  Solving for epsilon, Initial residual = 1.08837e-05, Final residual = 4.77773e-06, No Iterations 1
smoothSolver:  Solving for k, Initial residual = 0.000138585, Final residual = 6.65953e-06, No Iterations 4
ExecutionTime = 0.324787 s  ClockTime = 3 s

Time = 112s

smoothSolver:  Solving for Ux, Initial residual = 9.88246e-06, Final residual = 9.88246e-06, No Iterations 0
smoothSolver:  Solving for Uy, Initial residual = 9.28703e-06, Final residual = 9.28703e-06, No Iterations 0
GAMG:  Solving for p, Initial residual = 1.48015e-05, Final residual = 1.16366e-06, No Iterations 1
time step continuity errors : sum local = 5.07267e-07, global = -2.08609e-07, cumulative = 0.00397992
smoothSolver:  Solving for epsilon, Initial residual = 1.036e-05, Final residual = 4.55017e-06, No Iterations 1
smoothSolver:  Solving for k, Initial residual = 0.000128409, Final residual = 6.17069e-06, No Iterations 4
ExecutionTime = 0.326941 s  ClockTime = 3 s

Time = 113s

smoothSolver:  Solving for Ux, Initial residual = 9.8239e-06, Final residual = 9.8239e-06, No Iterations 0
smoothSolver:  Solving for Uy, Initial residual = 8.93569e-06, Final residual = 8.93569e-06, No Iterations 0
GAMG:  Solving for p, Initial residual = 1.35945e-05, Final residual = 1.00619e-06, No Iterations 1
time step continuity errors : sum local = 4.38623e-07, global = -1.5409e-07, cumulative = 0.00397976
smoothSolver:  Solving for epsilon, Initial residual = 9.85921e-06, Final residual = 9.85921e-06, No Iterations 0
smoothSolver:  Solving for k, Initial residual = 0.000119483, Final residual = 5.73926e-06, No Iterations 4
ExecutionTime = 0.328875 s  ClockTime = 3 s

Time = 114s

smoothSolver:  Solving for Ux, Initial residual = 9.79935e-06, Final residual = 9.79935e-06, No Iterations 0
smoothSolver:  Solving for Uy, Initial residual = 8.58537e-06, Final residual = 8.58537e-06, No Iterations 0
GAMG:  Solving for p, Initial residual = 1.23619e-05, Final residual = 8.46575e-07, No Iterations 1
time step continuity errors : sum local = 3.69045e-07, global = -1.01346e-07, cumulative = 0.00397966
smoothSolver:  Solving for epsilon, Initial residual = 1.00387e-05, Final residual = 4.3927e-06, No Iterations 1
smoothSolver:  Solving for k, Initial residual = 0.000110633, Final residual = 5.31001e-06, No Iterations 4
ExecutionTime = 0.330848 s  ClockTime = 3 s

Time = 115s

smoothSolver:  Solving for Ux, Initial residual = 9.617e-06, Final residual = 9.617e-06, No Iterations 0
smoothSolver:  Solving for Uy, Initial residual = 8.28082e-06, Final residual = 8.28082e-06, No Iterations 0
GAMG:  Solving for p, Initial residual = 1.11983e-05, Final residual = 7.0503e-07, No Iterations 1
time step continuity errors : sum local = 3.07343e-07, global = -5.74424e-08, cumulative = 0.0039796
smoothSolver:  Solving for epsilon, Initial residual = 9.5151e-06, Final residual = 9.5151e-06, No Iterations 0
smoothSolver:  Solving for k, Initial residual = 0.000102899, Final residual = 4.9383e-06, No Iterations 4
ExecutionTime = 0.333107 s  ClockTime = 3 s

Time = 116s

smoothSolver:  Solving for Ux, Initial residual = 9.47466e-06, Final residual = 9.47466e-06, No Iterations 0
smoothSolver:  Solving for Uy, Initial residual = 8.02763e-06, Final residual = 8.02763e-06, No Iterations 0
GAMG:  Solving for p, Initial residual = 1.0121e-05, Final residual = 5.93598e-07, No Iterations 1
time step continuity errors : sum local = 2.58768e-07, global = -2.13051e-08, cumulative = 0.00397958
smoothSolver:  Solving for epsilon, Initial residual = 9.67137e-06, Final residual = 9.67137e-06, No Iterations 0
smoothSolver:  Solving for k, Initial residual = 9.57075e-05, Final residual = 9.72875e-06, No Iterations 3
ExecutionTime = 0.335116 s  ClockTime = 3 s

Time = 117s

smoothSolver:  Solving for Ux, Initial residual = 9.25543e-06, Final residual = 9.25543e-06, No Iterations 0
smoothSolver:  Solving for Uy, Initial residual = 7.78625e-06, Final residual = 7.78625e-06, No Iterations 0
GAMG:  Solving for p, Initial residual = 9.18683e-06, Final residual = 5.15518e-07, No Iterations 1
time step continuity errors : sum local = 2.24731e-07, global = 5.67525e-09, cumulative = 0.00397959
smoothSolver:  Solving for epsilon, Initial residual = 9.81533e-06, Final residual = 9.81533e-06, No Iterations 0
smoothSolver:  Solving for k, Initial residual = 8.92421e-05, Final residual = 9.06952e-06, No Iterations 3
ExecutionTime = 0.337034 s  ClockTime = 3 s

Time = 118s

smoothSolver:  Solving for Ux, Initial residual = 8.98506e-06, Final residual = 8.98506e-06, No Iterations 0
smoothSolver:  Solving for Uy, Initial residual = 7.53813e-06, Final residual = 7.53813e-06, No Iterations 0
GAMG:  Solving for p, Initial residual = 8.3821e-06, Final residual = 4.70375e-07, No Iterations 1
time step continuity errors : sum local = 2.05052e-07, global = 2.2971e-08, cumulative = 0.00397961
smoothSolver:  Solving for epsilon, Initial residual = 9.95098e-06, Final residual = 9.95098e-06, No Iterations 0
smoothSolver:  Solving for k, Initial residual = 8.3228e-05, Final residual = 8.45597e-06, No Iterations 3
ExecutionTime = 0.339229 s  ClockTime = 3 s

Time = 119s

smoothSolver:  Solving for Ux, Initial residual = 8.68539e-06, Final residual = 8.68539e-06, No Iterations 0
smoothSolver:  Solving for Uy, Initial residual = 7.28557e-06, Final residual = 7.28557e-06, No Iterations 0
GAMG:  Solving for p, Initial residual = 7.66956e-06, Final residual = 4.36461e-07, No Iterations 1
time step continuity errors : sum local = 1.90268e-07, global = 3.23046e-08, cumulative = 0.00397964
smoothSolver:  Solving for epsilon, Initial residual = 1.00784e-05, Final residual = 4.35968e-06, No Iterations 1
smoothSolver:  Solving for k, Initial residual = 7.70747e-05, Final residual = 7.83614e-06, No Iterations 3
ExecutionTime = 0.341489 s  ClockTime = 3 s

Time = 120s

smoothSolver:  Solving for Ux, Initial residual = 8.21957e-06, Final residual = 8.21957e-06, No Iterations 0
smoothSolver:  Solving for Uy, Initial residual = 7.02071e-06, Final residual = 7.02071e-06, No Iterations 0
GAMG:  Solving for p, Initial residual = 7.0211e-06, Final residual = 4.07932e-07, No Iterations 1
time step continuity errors : sum local = 1.77831e-07, global = 3.61578e-08, cumulative = 0.00397968
smoothSolver:  Solving for epsilon, Initial residual = 9.43394e-06, Final residual = 9.43394e-06, No Iterations 0
smoothSolver:  Solving for k, Initial residual = 7.19004e-05, Final residual = 7.31744e-06, No Iterations 3
ExecutionTime = 0.343556 s  ClockTime = 3 s

Time = 121s

smoothSolver:  Solving for Ux, Initial residual = 7.88917e-06, Final residual = 7.88917e-06, No Iterations 0
smoothSolver:  Solving for Uy, Initial residual = 6.74854e-06, Final residual = 6.74854e-06, No Iterations 0
GAMG:  Solving for p, Initial residual = 6.39744e-06, Final residual = 3.80789e-07, No Iterations 1
time step continuity errors : sum local = 1.65999e-07, global = 3.55773e-08, cumulative = 0.00397971
smoothSolver:  Solving for epsilon, Initial residual = 9.53794e-06, Final residual = 9.53794e-06, No Iterations 0
smoothSolver:  Solving for k, Initial residual = 6.71069e-05, Final residual = 6.82466e-06, No Iterations 3
ExecutionTime = 0.34563 s  ClockTime = 3 s

Time = 122s

smoothSolver:  Solving for Ux, Initial residual = 7.56922e-06, Final residual = 7.56922e-06, No Iterations 0
smoothSolver:  Solving for Uy, Initial residual = 6.50952e-06, Final residual = 6.50952e-06, No Iterations 0
GAMG:  Solving for p, Initial residual = 5.8466e-06, Final residual = 3.53932e-07, No Iterations 1
time step continuity errors : sum local = 1.54291e-07, global = 3.31209e-08, cumulative = 0.00397975
smoothSolver:  Solving for epsilon, Initial residual = 9.6375e-06, Final residual = 9.6375e-06, No Iterations 0
smoothSolver:  Solving for k, Initial residual = 6.26177e-05, Final residual = 6.36454e-06, No Iterations 3
ExecutionTime = 0.347881 s  ClockTime = 3 s

Time = 123s

smoothSolver:  Solving for Ux, Initial residual = 7.27069e-06, Final residual = 7.27069e-06, No Iterations 0
smoothSolver:  Solving for Uy, Initial residual = 6.27364e-06, Final residual = 6.27364e-06, No Iterations 0
GAMG:  Solving for p, Initial residual = 5.34608e-06, Final residual = 3.27214e-07, No Iterations 1
time step continuity errors : sum local = 1.42644e-07, global = 2.9654e-08, cumulative = 0.00397978
smoothSolver:  Solving for epsilon, Initial residual = 9.73174e-06, Final residual = 9.73174e-06, No Iterations 0
smoothSolver:  Solving for k, Initial residual = 5.84183e-05, Final residual = 5.93504e-06, No Iterations 3
ExecutionTime = 0.35007 s  ClockTime = 3 s

Time = 124s

smoothSolver:  Solving for Ux, Initial residual = 7.01405e-06, Final residual = 7.01405e-06, No Iterations 0
smoothSolver:  Solving for Uy, Initial residual = 6.0539e-06, Final residual = 6.0539e-06, No Iterations 0
GAMG:  Solving for p, Initial residual = 4.88571e-06, Final residual = 3.02256e-07, No Iterations 1
time step continuity errors : sum local = 1.31763e-07, global = 2.5601e-08, cumulative = 0.0039798
smoothSolver:  Solving for epsilon, Initial residual = 9.82052e-06, Final residual = 9.82052e-06, No Iterations 0
smoothSolver:  Solving for k, Initial residual = 5.44931e-05, Final residual = 5.53421e-06, No Iterations 3
ExecutionTime = 0.352033 s  ClockTime = 3 s

Time = 125s

smoothSolver:  Solving for Ux, Initial residual = 6.79399e-06, Final residual = 6.79399e-06, No Iterations 0
smoothSolver:  Solving for Uy, Initial residual = 5.8513e-06, Final residual = 5.8513e-06, No Iterations 0
GAMG:  Solving for p, Initial residual = 4.47424e-06, Final residual = 2.79902e-07, No Iterations 1
time step continuity errors : sum local = 1.22019e-07, global = 2.10825e-08, cumulative = 0.00397982
smoothSolver:  Solving for epsilon, Initial residual = 9.9039e-06, Final residual = 9.9039e-06, No Iterations 0
smoothSolver:  Solving for k, Initial residual = 5.08259e-05, Final residual = 5.16017e-06, No Iterations 3
ExecutionTime = 0.354235 s  ClockTime = 3 s

Time = 126s

smoothSolver:  Solving for Ux, Initial residual = 6.5965e-06, Final residual = 6.5965e-06, No Iterations 0
smoothSolver:  Solving for Uy, Initial residual = 5.66753e-06, Final residual = 5.66753e-06, No Iterations 0
GAMG:  Solving for p, Initial residual = 4.11908e-06, Final residual = 2.59581e-07, No Iterations 1
time step continuity errors : sum local = 1.1316e-07, global = 1.60109e-08, cumulative = 0.00397984
smoothSolver:  Solving for epsilon, Initial residual = 9.98205e-06, Final residual = 9.98205e-06, No Iterations 0
smoothSolver:  Solving for k, Initial residual = 4.74011e-05, Final residual = 4.81117e-06, No Iterations 3
ExecutionTime = 0.356699 s  ClockTime = 3 s

Time = 127s

smoothSolver:  Solving for Ux, Initial residual = 6.40723e-06, Final residual = 6.40723e-06, No Iterations 0
smoothSolver:  Solving for Uy, Initial residual = 5.50478e-06, Final residual = 5.50478e-06, No Iterations 0
GAMG:  Solving for p, Initial residual = 3.79781e-06, Final residual = 2.41763e-07, No Iterations 1
time step continuity errors : sum local = 1.05393e-07, global = 1.0155e-08, cumulative = 0.00397985
smoothSolver:  Solving for epsilon, Initial residual = 1.00552e-05, Final residual = 4.31971e-06, No Iterations 1
smoothSolver:  Solving for k, Initial residual = 4.36479e-05, Final residual = 9.44115e-06, No Iterations 2
ExecutionTime = 0.358866 s  ClockTime = 3 s

Time = 128s

smoothSolver:  Solving for Ux, Initial residual = 5.96072e-06, Final residual = 5.96072e-06, No Iterations 0
smoothSolver:  Solving for Uy, Initial residual = 5.40708e-06, Final residual = 5.40708e-06, No Iterations 0
GAMG:  Solving for p, Initial residual = 3.49456e-06, Final residual = 2.1949e-07, No Iterations 1
time step continuity errors : sum local = 9.56831e-08, global = 2.70564e-09, cumulative = 0.00397985
smoothSolver:  Solving for epsilon, Initial residual = 9.31818e-06, Final residual = 9.31818e-06, No Iterations 0
smoothSolver:  Solving for k, Initial residual = 4.10017e-05, Final residual = 8.89356e-06, No Iterations 2
ExecutionTime = 0.361051 s  ClockTime = 3 s

Time = 129s

smoothSolver:  Solving for Ux, Initial residual = 5.76378e-06, Final residual = 5.76378e-06, No Iterations 0
smoothSolver:  Solving for Uy, Initial residual = 5.26401e-06, Final residual = 5.26401e-06, No Iterations 0
GAMG:  Solving for p, Initial residual = 3.19599e-06, Final residual = 2.00625e-07, No Iterations 1
time step continuity errors : sum local = 8.74596e-08, global = -6.92342e-09, cumulative = 0.00397985
smoothSolver:  Solving for epsilon, Initial residual = 9.36794e-06, Final residual = 9.36794e-06, No Iterations 0
smoothSolver:  Solving for k, Initial residual = 3.85831e-05, Final residual = 8.36638e-06, No Iterations 2
ExecutionTime = 0.363576 s  ClockTime = 3 s

Time = 130s

smoothSolver:  Solving for Ux, Initial residual = 5.57904e-06, Final residual = 5.57904e-06, No Iterations 0
smoothSolver:  Solving for Uy, Initial residual = 5.15242e-06, Final residual = 5.15242e-06, No Iterations 0
GAMG:  Solving for p, Initial residual = 2.93224e-06, Final residual = 1.87356e-07, No Iterations 1
time step continuity errors : sum local = 8.16749e-08, global = -1.79992e-08, cumulative = 0.00397983
smoothSolver:  Solving for epsilon, Initial residual = 9.41688e-06, Final residual = 9.41688e-06, No Iterations 0
smoothSolver:  Solving for k, Initial residual = 3.63096e-05, Final residual = 7.87168e-06, No Iterations 2
ExecutionTime = 0.365648 s  ClockTime = 3 s

Time = 131s

smoothSolver:  Solving for Ux, Initial residual = 5.40593e-06, Final residual = 5.40593e-06, No Iterations 0
smoothSolver:  Solving for Uy, Initial residual = 5.04765e-06, Final residual = 5.04765e-06, No Iterations 0
GAMG:  Solving for p, Initial residual = 2.70068e-06, Final residual = 1.782e-07, No Iterations 1
time step continuity errors : sum local = 7.76837e-08, global = -3.01335e-08, cumulative = 0.0039798
smoothSolver:  Solving for epsilon, Initial residual = 9.46388e-06, Final residual = 9.46388e-06, No Iterations 0
smoothSolver:  Solving for k, Initial residual = 3.41711e-05, Final residual = 7.40699e-06, No Iterations 2
ExecutionTime = 0.367818 s  ClockTime = 3 s

Time = 132s

smoothSolver:  Solving for Ux, Initial residual = 5.22806e-06, Final residual = 5.22806e-06, No Iterations 0
smoothSolver:  Solving for Uy, Initial residual = 4.94112e-06, Final residual = 4.94112e-06, No Iterations 0
GAMG:  Solving for p, Initial residual = 2.49407e-06, Final residual = 1.75489e-07, No Iterations 1
time step continuity errors : sum local = 7.6502e-08, global = -4.34867e-08, cumulative = 0.00397975
smoothSolver:  Solving for epsilon, Initial residual = 9.50862e-06, Final residual = 9.50862e-06, No Iterations 0
smoothSolver:  Solving for k, Initial residual = 3.21592e-05, Final residual = 6.97019e-06, No Iterations 2
ExecutionTime = 0.369796 s  ClockTime = 3 s

Time = 133s

smoothSolver:  Solving for Ux, Initial residual = 5.04469e-06, Final residual = 5.04469e-06, No Iterations 0
smoothSolver:  Solving for Uy, Initial residual = 4.8294e-06, Final residual = 4.8294e-06, No Iterations 0
GAMG:  Solving for p, Initial residual = 2.31236e-06, Final residual = 1.74951e-07, No Iterations 1
time step continuity errors : sum local = 7.62676e-08, global = -5.58871e-08, cumulative = 0.0039797
smoothSolver:  Solving for epsilon, Initial residual = 9.55104e-06, Final residual = 9.55104e-06, No Iterations 0
smoothSolver:  Solving for k, Initial residual = 3.02663e-05, Final residual = 6.55947e-06, No Iterations 2
ExecutionTime = 0.371825 s  ClockTime = 3 s

Time = 134s

smoothSolver:  Solving for Ux, Initial residual = 4.8479e-06, Final residual = 4.8479e-06, No Iterations 0
smoothSolver:  Solving for Uy, Initial residual = 4.71263e-06, Final residual = 4.71263e-06, No Iterations 0
GAMG:  Solving for p, Initial residual = 2.14817e-06, Final residual = 1.7627e-07, No Iterations 1
time step continuity errors : sum local = 7.68425e-08, global = -6.27193e-08, cumulative = 0.00397964
smoothSolver:  Solving for epsilon, Initial residual = 9.59115e-06, Final residual = 9.59115e-06, No Iterations 0
smoothSolver:  Solving for k, Initial residual = 2.84856e-05, Final residual = 6.17323e-06, No Iterations 2
ExecutionTime = 0.373746 s  ClockTime = 3 s

Time = 135s

smoothSolver:  Solving for Ux, Initial residual = 4.62861e-06, Final residual = 4.62861e-06, No Iterations 0
smoothSolver:  Solving for Uy, Initial residual = 4.58947e-06, Final residual = 4.58947e-06, No Iterations 0
GAMG:  Solving for p, Initial residual = 1.99496e-06, Final residual = 1.73515e-07, No Iterations 1
time step continuity errors : sum local = 7.5642e-08, global = -6.18836e-08, cumulative = 0.00397957
smoothSolver:  Solving for epsilon, Initial residual = 9.62895e-06, Final residual = 9.62895e-06, No Iterations 0
smoothSolver:  Solving for k, Initial residual = 2.68104e-05, Final residual = 5.80992e-06, No Iterations 2
ExecutionTime = 0.375515 s  ClockTime = 3 s

Time = 136s

smoothSolver:  Solving for Ux, Initial residual = 4.39684e-06, Final residual = 4.39684e-06, No Iterations 0
smoothSolver:  Solving for Uy, Initial residual = 4.45826e-06, Final residual = 4.45826e-06, No Iterations 0
GAMG:  Solving for p, Initial residual = 1.84928e-06, Final residual = 1.66081e-07, No Iterations 1
time step continuity errors : sum local = 7.24012e-08, global = -5.73547e-08, cumulative = 0.00397952
smoothSolver:  Solving for epsilon, Initial residual = 9.66454e-06, Final residual = 9.66454e-06, No Iterations 0
smoothSolver:  Solving for k, Initial residual = 2.52344e-05, Final residual = 5.46814e-06, No Iterations 2
ExecutionTime = 0.377479 s  ClockTime = 3 s

Time = 137s

smoothSolver:  Solving for Ux, Initial residual = 4.18586e-06, Final residual = 4.18586e-06, No Iterations 0
smoothSolver:  Solving for Uy, Initial residual = 4.32051e-06, Final residual = 4.32051e-06, No Iterations 0
GAMG:  Solving for p, Initial residual = 1.71293e-06, Final residual = 1.55977e-07, No Iterations 1
time step continuity errors : sum local = 6.79964e-08, global = -5.26948e-08, cumulative = 0.00397946
smoothSolver:  Solving for epsilon, Initial residual = 9.69805e-06, Final residual = 9.69805e-06, No Iterations 0
smoothSolver:  Solving for k, Initial residual = 2.37515e-05, Final residual = 5.14656e-06, No Iterations 2
ExecutionTime = 0.379726 s  ClockTime = 3 s

Time = 138s

smoothSolver:  Solving for Ux, Initial residual = 3.99527e-06, Final residual = 3.99527e-06, No Iterations 0
smoothSolver:  Solving for Uy, Initial residual = 4.18e-06, Final residual = 4.18e-06, No Iterations 0
GAMG:  Solving for p, Initial residual = 1.58715e-06, Final residual = 1.44866e-07, No Iterations 1
time step continuity errors : sum local = 6.31528e-08, global = -4.88577e-08, cumulative = 0.00397941
smoothSolver:  Solving for epsilon, Initial residual = 9.72961e-06, Final residual = 9.72961e-06, No Iterations 0
smoothSolver:  Solving for k, Initial residual = 2.2356e-05, Final residual = 4.84396e-06, No Iterations 2
ExecutionTime = 0.381876 s  ClockTime = 3 s

Time = 139s

smoothSolver:  Solving for Ux, Initial residual = 3.81839e-06, Final residual = 3.81839e-06, No Iterations 0
smoothSolver:  Solving for Uy, Initial residual = 4.04114e-06, Final residual = 4.04114e-06, No Iterations 0
GAMG:  Solving for p, Initial residual = 1.4732e-06, Final residual = 1.33774e-07, No Iterations 1
time step continuity errors : sum local = 5.83177e-08, global = -4.55814e-08, cumulative = 0.00397937
smoothSolver:  Solving for epsilon, Initial residual = 9.75934e-06, Final residual = 9.75934e-06, No Iterations 0
smoothSolver:  Solving for k, Initial residual = 2.10428e-05, Final residual = 9.74399e-06, No Iterations 1
ExecutionTime = 0.384138 s  ClockTime = 3 s

Time = 140s

smoothSolver:  Solving for Ux, Initial residual = 3.63044e-06, Final residual = 3.63044e-06, No Iterations 0
smoothSolver:  Solving for Uy, Initial residual = 3.90678e-06, Final residual = 3.90678e-06, No Iterations 0
GAMG:  Solving for p, Initial residual = 1.36599e-06, Final residual = 1.22865e-07, No Iterations 1
time step continuity errors : sum local = 5.35621e-08, global = -4.20336e-08, cumulative = 0.00397933
smoothSolver:  Solving for epsilon, Initial residual = 9.78098e-06, Final residual = 9.78098e-06, No Iterations 0
smoothSolver:  Solving for k, Initial residual = 2.01369e-05, Final residual = 9.33414e-06, No Iterations 1
ExecutionTime = 0.386233 s  ClockTime = 3 s

Time = 141s

smoothSolver:  Solving for Ux, Initial residual = 3.45235e-06, Final residual = 3.45235e-06, No Iterations 0
smoothSolver:  Solving for Uy, Initial residual = 3.77721e-06, Final residual = 3.77721e-06, No Iterations 0
GAMG:  Solving for p, Initial residual = 1.26628e-06, Final residual = 1.12594e-07, No Iterations 1
time step continuity errors : sum local = 4.90844e-08, global = -3.84562e-08, cumulative = 0.00397929
smoothSolver:  Solving for epsilon, Initial residual = 9.8011e-06, Final residual = 9.8011e-06, No Iterations 0
smoothSolver:  Solving for k, Initial residual = 1.92907e-05, Final residual = 8.94759e-06, No Iterations 1
ExecutionTime = 0.388439 s  ClockTime = 3 s

Time = 142s

smoothSolver:  Solving for Ux, Initial residual = 3.28643e-06, Final residual = 3.28643e-06, No Iterations 0
smoothSolver:  Solving for Uy, Initial residual = 3.65141e-06, Final residual = 3.65141e-06, No Iterations 0
GAMG:  Solving for p, Initial residual = 1.17448e-06, Final residual = 1.03587e-07, No Iterations 1
time step continuity errors : sum local = 4.51581e-08, global = -3.49293e-08, cumulative = 0.00397925
smoothSolver:  Solving for epsilon, Initial residual = 9.81993e-06, Final residual = 9.81993e-06, No Iterations 0
smoothSolver:  Solving for k, Initial residual = 1.84912e-05, Final residual = 8.58045e-06, No Iterations 1
ExecutionTime = 0.390398 s  ClockTime = 3 s

Time = 143s

smoothSolver:  Solving for Ux, Initial residual = 3.12785e-06, Final residual = 3.12785e-06, No Iterations 0
smoothSolver:  Solving for Uy, Initial residual = 3.53119e-06, Final residual = 3.53119e-06, No Iterations 0
GAMG:  Solving for p, Initial residual = 1.09087e-06, Final residual = 9.57895e-08, No Iterations 1
time step continuity errors : sum local = 4.17588e-08, global = -3.16078e-08, cumulative = 0.00397922
smoothSolver:  Solving for epsilon, Initial residual = 9.83765e-06, Final residual = 9.83765e-06, No Iterations 0
smoothSolver:  Solving for k, Initial residual = 1.77315e-05, Final residual = 8.23051e-06, No Iterations 1
ExecutionTime = 0.392613 s  ClockTime = 3 s

Time = 144s

smoothSolver:  Solving for Ux, Initial residual = 2.97615e-06, Final residual = 2.97615e-06, No Iterations 0
smoothSolver:  Solving for Uy, Initial residual = 3.41535e-06, Final residual = 3.41535e-06, No Iterations 0
GAMG:  Solving for p, Initial residual = 1.01387e-06, Final residual = 8.90665e-08, No Iterations 1
time step continuity errors : sum local = 3.8828e-08, global = -2.86306e-08, cumulative = 0.00397919
smoothSolver:  Solving for epsilon, Initial residual = 9.8544e-06, Final residual = 9.8544e-06, No Iterations 0
smoothSolver:  Solving for k, Initial residual = 1.70074e-05, Final residual = 7.89631e-06, No Iterations 1
ExecutionTime = 0.394904 s  ClockTime = 3 s

Time = 145s

smoothSolver:  Solving for Ux, Initial residual = 2.8312e-06, Final residual = 2.8312e-06, No Iterations 0
smoothSolver:  Solving for Uy, Initial residual = 3.30218e-06, Final residual = 3.30218e-06, No Iterations 0
GAMG:  Solving for p, Initial residual = 9.43667e-07, Final residual = 9.43667e-07, No Iterations 0
time step continuity errors : sum local = 4.11386e-07, global = 4.06872e-08, cumulative = 0.00397923
smoothSolver:  Solving for epsilon, Initial residual = 9.87277e-06, Final residual = 9.87277e-06, No Iterations 0
smoothSolver:  Solving for k, Initial residual = 1.63202e-05, Final residual = 7.57773e-06, No Iterations 1
ExecutionTime = 0.396784 s  ClockTime = 3 s

Time = 146s

smoothSolver:  Solving for Ux, Initial residual = 2.68495e-06, Final residual = 2.68495e-06, No Iterations 0
smoothSolver:  Solving for Uy, Initial residual = 3.20756e-06, Final residual = 3.20756e-06, No Iterations 0
GAMG:  Solving for p, Initial residual = 1.01418e-06, Final residual = 9.2338e-08, No Iterations 1
time step continuity errors : sum local = 4.02542e-08, global = -2.71129e-08, cumulative = 0.00397921
smoothSolver:  Solving for epsilon, Initial residual = 9.88541e-06, Final residual = 9.88541e-06, No Iterations 0
smoothSolver:  Solving for k, Initial residual = 1.56547e-05, Final residual = 7.27056e-06, No Iterations 1
ExecutionTime = 0.398678 s  ClockTime = 3 s

Time = 147s

smoothSolver:  Solving for Ux, Initial residual = 2.55567e-06, Final residual = 2.55567e-06, No Iterations 0
smoothSolver:  Solving for Uy, Initial residual = 3.09832e-06, Final residual = 3.09832e-06, No Iterations 0
GAMG:  Solving for p, Initial residual = 9.24204e-07, Final residual = 9.24204e-07, No Iterations 0
time step continuity errors : sum local = 4.02902e-07, global = 4.37302e-08, cumulative = 0.00397925
smoothSolver:  Solving for epsilon, Initial residual = 9.90227e-06, Final residual = 9.90227e-06, No Iterations 0
smoothSolver:  Solving for k, Initial residual = 1.5026e-05, Final residual = 6.9789e-06, No Iterations 1
ExecutionTime = 0.400574 s  ClockTime = 3 s

Time = 148s

smoothSolver:  Solving for Ux, Initial residual = 2.4231e-06, Final residual = 2.4231e-06, No Iterations 0
smoothSolver:  Solving for Uy, Initial residual = 3.00809e-06, Final residual = 3.00809e-06, No Iterations 0
GAMG:  Solving for p, Initial residual = 9.95798e-07, Final residual = 9.95798e-07, No Iterations 0
time step continuity errors : sum local = 4.34113e-07, global = 4.9843e-08, cumulative = 0.0039793
smoothSolver:  Solving for epsilon, Initial residual = 9.91617e-06, Final residual = 9.91617e-06, No Iterations 0
smoothSolver:  Solving for k, Initial residual = 1.44195e-05, Final residual = 6.69822e-06, No Iterations 1
ExecutionTime = 0.402676 s  ClockTime = 3 s

Time = 149s

smoothSolver:  Solving for Ux, Initial residual = 2.30183e-06, Final residual = 2.30183e-06, No Iterations 0
smoothSolver:  Solving for Uy, Initial residual = 2.92233e-06, Final residual = 2.92233e-06, No Iterations 0
GAMG:  Solving for p, Initial residual = 1.06271e-06, Final residual = 1.0582e-07, No Iterations 1
time step continuity errors : sum local = 4.61318e-08, global = -2.93489e-08, cumulative = 0.00397927
smoothSolver:  Solving for epsilon, Initial residual = 9.92675e-06, Final residual = 9.92675e-06, No Iterations 0
smoothSolver:  Solving for k, Initial residual = 1.38366e-05, Final residual = 6.42806e-06, No Iterations 1
ExecutionTime = 0.404818 s  ClockTime = 3 s

Time = 150s

smoothSolver:  Solving for Ux, Initial residual = 2.19491e-06, Final residual = 2.19491e-06, No Iterations 0
smoothSolver:  Solving for Uy, Initial residual = 2.81023e-06, Final residual = 2.81023e-06, No Iterations 0
GAMG:  Solving for p, Initial residual = 9.58189e-07, Final residual = 9.58189e-07, No Iterations 0
time step continuity errors : sum local = 4.17718e-07, global = 4.43075e-08, cumulative = 0.00397932
smoothSolver:  Solving for epsilon, Initial residual = 9.94173e-06, Final residual = 9.94173e-06, No Iterations 0
smoothSolver:  Solving for k, Initial residual = 1.32848e-05, Final residual = 6.17178e-06, No Iterations 1
ExecutionTime = 0.413458 s  ClockTime = 3 s

Time = 151s

smoothSolver:  Solving for Ux, Initial residual = 2.08269e-06, Final residual = 2.08269e-06, No Iterations 0
smoothSolver:  Solving for Uy, Initial residual = 2.72574e-06, Final residual = 2.72574e-06, No Iterations 0
GAMG:  Solving for p, Initial residual = 1.03278e-06, Final residual = 1.05367e-07, No Iterations 1
time step continuity errors : sum local = 4.59343e-08, global = -3.00344e-08, cumulative = 0.00397929
smoothSolver:  Solving for epsilon, Initial residual = 9.95137e-06, Final residual = 9.95137e-06, No Iterations 0
smoothSolver:  Solving for k, Initial residual = 1.27485e-05, Final residual = 5.92351e-06, No Iterations 1
ExecutionTime = 0.415605 s  ClockTime = 3 s

Time = 152s

smoothSolver:  Solving for Ux, Initial residual = 1.99165e-06, Final residual = 1.99165e-06, No Iterations 0
smoothSolver:  Solving for Uy, Initial residual = 2.61682e-06, Final residual = 2.61682e-06, No Iterations 0
GAMG:  Solving for p, Initial residual = 9.26852e-07, Final residual = 9.26852e-07, No Iterations 0
time step continuity errors : sum local = 4.04057e-07, global = 3.77247e-08, cumulative = 0.00397932
smoothSolver:  Solving for epsilon, Initial residual = 9.96505e-06, Final residual = 9.96505e-06, No Iterations 0
smoothSolver:  Solving for k, Initial residual = 1.2242e-05, Final residual = 5.68797e-06, No Iterations 1
ExecutionTime = 0.417636 s  ClockTime = 3 s

Time = 153s

smoothSolver:  Solving for Ux, Initial residual = 1.88877e-06, Final residual = 1.88877e-06, No Iterations 0
smoothSolver:  Solving for Uy, Initial residual = 2.5358e-06, Final residual = 2.5358e-06, No Iterations 0
GAMG:  Solving for p, Initial residual = 9.93322e-07, Final residual = 9.93322e-07, No Iterations 0
time step continuity errors : sum local = 4.33034e-07, global = 3.99575e-08, cumulative = 0.00397936
smoothSolver:  Solving for epsilon, Initial residual = 9.97613e-06, Final residual = 9.97613e-06, No Iterations 0
smoothSolver:  Solving for k, Initial residual = 1.1752e-05, Final residual = 5.46072e-06, No Iterations 1
ExecutionTime = 0.419503 s  ClockTime = 3 s

Time = 154s

smoothSolver:  Solving for Ux, Initial residual = 1.79466e-06, Final residual = 1.79466e-06, No Iterations 0
smoothSolver:  Solving for Uy, Initial residual = 2.45889e-06, Final residual = 2.45889e-06, No Iterations 0
GAMG:  Solving for p, Initial residual = 1.05299e-06, Final residual = 1.10226e-07, No Iterations 1
time step continuity errors : sum local = 4.80526e-08, global = -3.20659e-08, cumulative = 0.00397933
smoothSolver:  Solving for epsilon, Initial residual = 9.98449e-06, Final residual = 9.98449e-06, No Iterations 0
smoothSolver:  Solving for k, Initial residual = 1.12798e-05, Final residual = 5.24172e-06, No Iterations 1
ExecutionTime = 0.421385 s  ClockTime = 3 s

Time = 155s

smoothSolver:  Solving for Ux, Initial residual = 1.72247e-06, Final residual = 1.72247e-06, No Iterations 0
smoothSolver:  Solving for Uy, Initial residual = 2.35556e-06, Final residual = 2.35556e-06, No Iterations 0
GAMG:  Solving for p, Initial residual = 9.27153e-07, Final residual = 9.27153e-07, No Iterations 0
time step continuity errors : sum local = 4.04188e-07, global = 3.08204e-08, cumulative = 0.00397936
smoothSolver:  Solving for epsilon, Initial residual = 9.99661e-06, Final residual = 9.99661e-06, No Iterations 0
smoothSolver:  Solving for k, Initial residual = 1.08334e-05, Final residual = 5.03405e-06, No Iterations 1
ExecutionTime = 0.423354 s  ClockTime = 3 s

Time = 156s

smoothSolver:  Solving for Ux, Initial residual = 1.63378e-06, Final residual = 1.63378e-06, No Iterations 0
smoothSolver:  Solving for Uy, Initial residual = 2.27927e-06, Final residual = 2.27927e-06, No Iterations 0
GAMG:  Solving for p, Initial residual = 9.85675e-07, Final residual = 9.85675e-07, No Iterations 0
time step continuity errors : sum local = 4.29701e-07, global = 3.23083e-08, cumulative = 0.00397939
smoothSolver:  Solving for epsilon, Initial residual = 1.00063e-05, Final residual = 4.27852e-06, No Iterations 1
smoothSolver:  Solving for k, Initial residual = 9.85048e-06, Final residual = 9.85048e-06, No Iterations 0
ExecutionTime = 0.42554 s  ClockTime = 3 s

Time = 157s

smoothSolver:  Solving for Ux, Initial residual = 1.37483e-06, Final residual = 1.37483e-06, No Iterations 0
smoothSolver:  Solving for Uy, Initial residual = 2.26192e-06, Final residual = 2.26192e-06, No Iterations 0
GAMG:  Solving for p, Initial residual = 9.79283e-07, Final residual = 9.79283e-07, No Iterations 0
time step continuity errors : sum local = 4.26914e-07, global = 1.53214e-08, cumulative = 0.00397941
smoothSolver:  Solving for epsilon, Initial residual = 9.18919e-06, Final residual = 9.18919e-06, No Iterations 0
smoothSolver:  Solving for k, Initial residual = 9.92904e-06, Final residual = 9.92904e-06, No Iterations 0
ExecutionTime = 0.427579 s  ClockTime = 3 s


SIMPLE solution converged in 157 iterations

End
